battery_power,blue,clock_speed,dual_sim,fc,four_g,int_memory,m_dep,mobile_wt,n_cores,pc,px_height,px_width,ram,sc_h,sc_w,talk_time,three_g,touch_screen,wifi,price_range
-0.906896306264449,-0.993932084149107,0.8356405741632701,-1.02762575501898,-0.7624946625030504,-1.0439655927422493,-1.3806435313202894,0.34073950535281977,1.3492488095807782,-1.10197128209058,-1.3057501043508444,-1.4089485628999447,-1.1467840342018796,0.3917034064711061,-0.7849832923777195,0.2831028012669145,1.4624933239839086,-1.7868609675630667,-1.0060181084889308,0.9860966422066364,1
-0.49803400872095677,1.016267636601896,-1.2589056858959802,0.9829463743659811,-0.9928903907106499,0.9578859753157553,1.1550242242836197,0.6875481622004737,-0.12005943732924378,-0.6647678374999909,-0.6459887934933469,0.5857779134312672,1.7044646757511204,0.4673170183062863,1.1142655626114704,-0.6353166675633032,-0.7342672077230512,0.5596406313378746,0.9940178924830986,-1.0140993866100703,2
-1.5441732951730205,1.016267636601896,-1.2589056858959802,0.9829463743659811,-0.532098934295451,0.9578859753157553,0.49354567934346943,1.3811654758957816,0.13424391309749079,0.2096390516811874,-0.6459887934933469,1.3926842168511246,1.0749682073199385,0.44149773621622473,-0.310171078630422,-0.8649215347708576,-0.36814045243855786,0.5596406313378746,0.9940178924830986,-1.0140993866100703,2
-1.425397655663179,1.016267636601896,1.205266384761961,-1.02762575501898,-0.9928903907106499,-1.0439655927422493,-1.2152738950852517,1.0343568190481278,-0.26133907645520743,0.6468424962717766,-0.15116781035022395,1.2867495904244954,1.2369709749309044,0.5945691943215896,0.8768594557378216,0.5127076684744689,-0.002013697154064573,0.5596406313378746,-1.0060181084889308,-1.0140993866100703,2
1.3292835221996786,0.0,-0.3964454611657008,-1.02762575501898,2.0022540759881435,0.9578859753157553,0.658915315578507,0.34073950535281977,0.021220201796719875,-1.10197128209058,0.6735338282216478,1.2687181646497498,-0.09145171947901598,-0.6576659870463955,-1.0223893992513682,-0.8649215347708576,0.7302398134149221,0.5596406313378746,0.9940178924830986,-1.0140993866100703,1
1.4160811049184088,-0.993932084149107,-1.2589056858959802,0.9829463743659811,-0.3017032060878515,-1.0439655927422493,-0.5537953501451016,0.6875481622004737,0.6711065417761527,-1.539174726681169,-0.4810484657789726,0.8089168073937417,0.9314800417216544,-0.9748743098671516,1.1142655626114704,-1.094526401978412,-0.18507707479631122,0.5596406313378746,-1.0060181084889308,-1.0140993866100703,1
1.3292835221996786,-0.993932084149107,0.2195975564987845,-1.02762575501898,-0.07130747788025202,0.9578859753157553,-1.2152738950852517,1.0343568190481278,-0.03529165385366558,1.5212493854529547,0.013772517364150388,-0.5952804748145578,-0.54043081828655,1.010444059415081,0.16464113511687545,0.5127076684744689,1.279429946341662,0.5596406313378746,-1.0060181084889308,0.9860966422066364,3
1.633075061715234,-0.993932084149107,-1.2589056858959802,0.9829463743659811,-0.9928903907106499,-1.0439655927422493,-0.44354892598840995,1.0343568190481278,1.3209928817555854,-0.22756439290940172,-1.635630759779593,-0.3000158777531015,-0.2372542103288853,-1.3132913286904584,0.8768594557378216,-0.6353166675633032,-1.1003939630075446,0.5596406313378746,0.9940178924830986,0.9860966422066364,0
0.47044428266697996,1.016267636601896,-1.2589056858959802,-1.02762575501898,-0.9928903907106499,-1.0439655927422493,1.1550242242836197,0.6875481622004737,0.95366582002808,1.0840459408623657,0.6735338282216478,-0.5840108337053419,-0.9616380140750614,-0.9453665589070812,1.1142655626114704,-1.094526401978412,1.6455567016261552,0.5596406313378746,-1.0060181084889308,-1.0140993866100703,0
-1.6675172285101634,1.016267636601896,-1.135697082363083,0.9829463743659811,-0.532098934295451,0.9578859753157553,-1.2703971071635978,-1.3933037788854497,-1.3350643338125312,0.2096390516811874,0.838474155936022,1.1086892608988843,-0.06367981645999325,-1.4857272483633694,1.5890777763587678,0.9719174028895778,0.18104968048818207,0.5596406313378746,-1.0060181084889308,-1.0140993866100703,0
-1.073639030960957,1.016267636601896,1.698100798893549,0.9829463743659811,-0.9928903907106499,-1.0439655927422493,-1.2703971071635978,-1.3933037788854497,1.1797132426296217,0.2096390516811874,-1.4706904320652185,-0.8950529283197004,-0.8736936545148227,1.6799011593216768,-1.7346077198723144,-0.8649215347708576,-0.7342672077230512,-1.7868609675630667,-1.0060181084889308,-1.0140993866100703,3
0.6417553011907895,1.016267636601896,0.8356405741632701,-1.02762575501898,0.15908825032734747,0.9578859753157553,0.05255998271670267,-0.006069151494834045,1.038433603503658,1.5212493854529547,1.333295139079145,-1.1136839658384885,-0.570517046557158,1.569247093221413,0.40204724199052416,0.7423125356820234,0.3641130581304287,0.5596406313378746,0.9940178924830986,0.9860966422066364,3
-5.193548790090959e-16,-0.993932084149107,1.574892195360652,-1.02762575501898,-0.532098934295451,-1.0439655927422493,0.05255998271670267,0.34073950535281977,0.5298269026501891,-0.22756439290940172,1.1683548113647708,-0.08589269667799969,-1.1652986362145614,-0.5921956646037394,1.351671669485119,-1.3241312691859664,-1.6495840959342845,0.5596406313378746,-1.0060181084889308,-1.0140993866100703,1
-0.9959780358968299,1.016267636601896,0.7124319706303729,-1.02762575501898,0.6198797067425464,-1.0439655927422493,-0.8294114105368309,1.7279741327434355,1.6318080878327055,-0.22756439290940172,0.17871284507852472,-0.6786758190227553,0.4362144378824158,0.512500761963894,-1.259795506125017,-1.094526401978412,-1.2834573406497911,0.5596406313378746,-1.0060181084889308,0.9860966422066364,2
1.4320701333139643,-0.993932084149107,-1.2589056858959802,-1.02762575501898,2.0022540759881435,0.9578859753157553,1.0999010122052737,0.6875481622004737,1.2644810261052,-1.539174726681169,1.1683548113647708,-0.6516286803606371,-1.5934488077578284,-1.614823658813677,0.40204724199052416,0.7423125356820234,-1.4665207182920377,0.5596406313378746,-1.0060181084889308,0.9860966422066364,0
-1.0599341494790522,-0.993932084149107,-0.6428626682314948,-1.02762575501898,-0.3017032060878515,-1.0439655927422493,0.7691617397351987,0.6875481622004737,0.5298269026501891,-1.10197128209058,1.0034144836503964,0.48885899989201054,1.417488344554552,-1.4350108014007485,1.1142655626114704,2.1199417389273503,-0.002013697154064573,0.5596406313378746,0.9940178924830986,0.9860966422066364,0
-0.9160328939190521,-0.993932084149107,-1.2589056858959802,-1.02762575501898,-0.7624946625030504,0.9578859753157553,-1.0499042588502143,-1.3933037788854497,1.57529623218232,1.5212493854529547,-0.9758694489220956,0.7638382429568782,1.385087791032359,1.318431210060815,-0.5475771855040708,0.7423125356820234,1.4624933239839086,0.5596406313378746,-1.0060181084889308,0.9860966422066364,3
-1.471080593936195,-0.993932084149107,-0.7660712717643918,0.9829463743659811,0.6198797067425464,0.9578859753157553,-0.4986721380667558,-1.3933037788854497,-0.5438983547071348,-0.6647678374999909,1.1683548113647708,-0.4600447815039671,-1.0218104706162774,1.5010104191262503,-0.5475771855040708,-0.8649215347708576,1.279429946341662,0.5596406313378746,0.9940178924830986,-1.0140993866100703,3
-0.2467778482193694,1.016267636601896,-1.2589056858959802,0.9829463743659811,1.5414626195729444,-1.0439655927422493,0.9345313759702363,0.34073950535281977,-1.1090169112109893,0.2096390516811874,1.333295139079145,0.02905764263600236,-0.8644363535084818,-0.2666882868254634,1.5890777763587678,1.6607320045122411,0.9133031910571687,0.5596406313378746,0.9940178924830986,-1.0140993866100703,1
-1.272359812448576,1.016267636601896,-1.2589056858959802,-1.02762575501898,-0.07130747788025202,-1.0439655927422493,-0.7191649863801393,1.7279741327434355,-0.5438983547071348,-0.22756439290940172,0.17871284507852472,0.5790161287657376,-0.4339718567136296,0.19621455636064006,-0.310171078630422,-1.094526401978412,1.279429946341662,-1.7868609675630667,0.9940178924830986,0.9860966422066364,1
-1.0667865902200044,-0.993932084149107,-0.5196540646985977,0.9829463743659811,1.7718583477805439,-1.0439655927422493,0.38329925518677777,1.0343568190481278,-1.674135467714844,1.0840459408623657,0.6735338282216478,1.5076345561651268,1.3943450920387,0.6406750551966995,1.1142655626114704,2.1199417389273503,-1.4665207182920377,0.5596406313378746,0.9940178924830986,-1.0140993866100703,3
1.0734590678707896,1.016267636601896,0.7124319706303729,-1.02762575501898,-0.7624946625030504,-1.0439655927422493,-1.0499042588502143,1.7279741327434355,0.44505911917461083,-1.10197128209058,-1.3057501043508444,0.7412989607384464,0.3089265490452283,1.0685374441177196,1.1142655626114704,-1.094526401978412,0.7302398134149221,0.5596406313378746,-1.0060181084889308,-1.0140993866100703,3
1.62165432714698,-0.993932084149107,1.328474988294858,0.9829463743659811,-0.07130747788025202,-1.0439655927422493,0.8242849518135446,-0.6996864651901419,1.6600640156578983,-0.22756439290940172,-0.4810484657789726,-0.5366783410466351,-0.9940385675972546,-0.6373794082613471,-0.310171078630422,-0.1761069331481943,1.6455567016261552,-1.7868609675630667,-1.0060181084889308,0.9860966422066364,1
0.8290553481101546,1.016267636601896,1.574892195360652,0.9829463743659811,-0.07130747788025202,0.9578859753157553,0.3281760431084319,0.6875481622004737,-0.7416898494834838,-0.6647678374999909,1.6631757945078938,-0.4036965759578877,-1.0727256261511522,-1.0025378263922176,-1.0223893992513682,0.2831028012669145,1.6455567016261552,0.5596406313378746,-1.0060181084889308,-1.0140993866100703,0
-1.6812221099920681,-0.993932084149107,-0.3964454611657008,0.9829463743659811,0.15908825032734747,0.9578859753157553,-1.3255203192419436,-0.3528778083424879,-0.826457632959062,-0.6647678374999909,0.5085935005072734,-1.0009875547463296,-0.01507898617670349,0.4230553918661808,-0.310171078630422,-1.3241312691859664,0.18104968048818207,0.5596406313378746,-1.0060181084889308,-1.0140993866100703,1
-0.6350828235400044,1.016267636601896,-0.15002825409990672,0.9829463743659811,-0.9928903907106499,0.9578859753157553,1.375517072597003,0.34073950535281977,-0.7416898494834838,1.5212493854529547,-1.14080977663647,-0.7981340147804438,0.42232848637290443,0.6065567181491183,1.351671669485119,0.7423125356820234,-0.7342672077230512,0.5596406313378746,0.9940178924830986,0.9860966422066364,2
-1.6446757593736554,1.016267636601896,0.09638895296588762,0.9829463743659811,0.6198797067425464,0.9578859753157553,1.044777800126928,-0.6996864651901419,-0.2330831486300147,-0.22756439290940172,1.4982354667935194,-0.2143666053230608,-1.4036741371278398,1.5111537085187745,0.8768594557378216,-1.094526401978412,-1.2834573406497911,0.5596406313378746,-1.0060181084889308,0.9860966422066364,3
-0.6465035581082584,-0.993932084149107,-1.2589056858959802,-1.02762575501898,-0.7624946625030504,0.9578859753157553,0.49354567934346943,1.7279741327434355,0.07773205744710533,1.0840459408623657,-0.6459887934933469,-0.30226980597494474,-0.40851427894619213,1.071303795770226,1.1142655626114704,0.5127076684744689,0.18104968048818207,0.5596406313378746,0.9940178924830986,-1.0140993866100703,3
0.48871745797618626,-0.993932084149107,0.09638895296588762,0.9829463743659811,1.7718583477805439,0.9578859753157553,1.0999010122052737,-0.6996864651901419,-1.250296550336953,-1.10197128209058,1.333295139079145,-1.0325425498521341,0.1376664804279215,0.2294107761907192,-0.5475771855040708,-1.094526401978412,-0.18507707479631122,0.5596406313378746,0.9940178924830986,0.9860966422066364,2
-0.8863389840415917,-0.993932084149107,-1.2589056858959802,-1.02762575501898,-0.3017032060878515,-1.0439655927422493,-0.6089185622234475,-0.3528778083424879,1.688319943483091,0.2096390516811874,-0.4810484657789726,1.1853228204415522,0.0265788683518306,-1.5180013509759462,-0.07276497175677328,0.2831028012669145,-0.18507707479631122,0.5596406313378746,-1.0060181084889308,0.9860966422066364,0
0.7765199690961864,1.016267636601896,-1.2589056858959802,0.9829463743659811,-0.9928903907106499,-1.0439655927422493,-1.490889955476981,-1.0464951220377958,-1.4763439729384948,1.0840459408623657,-0.15116781035022395,1.6068073979262265,1.1281976881063986,1.2981446312757667,1.1142655626114704,1.2015222700971322,0.18104968048818207,-1.7868609675630667,-1.0060181084889308,0.9860966422066364,3
0.7513943530460276,1.016267636601896,-1.2589056858959802,-1.02762575501898,2.6934412606109417,-1.0439655927422493,0.05255998271670267,1.7279741327434355,0.2755235522234544,1.5212493854529547,1.6631757945078938,-0.5231547717155761,-1.3828452098635728,-1.4903378344508804,-1.7346077198723144,-1.094526401978412,-0.9173305853652978,0.5596406313378746,0.9940178924830986,0.9860966422066364,0
0.1826417715469799,1.016267636601896,-0.7660712717643918,-1.02762575501898,-0.3017032060878515,0.9578859753157553,0.49354567934346943,1.3811654758957816,-0.939481344259833,-1.539174726681169,1.333295139079145,-1.2624432284801383,-0.2303112345741296,0.09478166243539826,1.351671669485119,-0.1761069331481943,-1.4665207182920377,0.5596406313378746,0.9940178924830986,0.9860966422066364,1
0.16208444932412272,0.0,0.8356405741632701,0.9829463743659811,-0.9928903907106499,0.9578859753157553,1.044777800126928,0.34073950535281977,-1.1372728390361821,-0.22756439290940172,-1.635630759779593,-1.0528279038487227,1.5447762333917396,1.586767320353955,-1.259795506125017,-1.3241312691859664,0.18104968048818207,0.5596406313378746,0.9940178924830986,-1.0140993866100703,3
-1.3591573951673062,1.016267636601896,1.4516835918277553,-1.02762575501898,-0.9928903907106499,-1.0439655927422493,-0.5537953501451016,0.6875481622004737,0.47331504699980353,1.5212493854529547,-1.14080977663647,-0.7530554503435802,-0.8574933777537261,-0.795061452454223,-0.07276497175677328,-1.094526401978412,0.7302398134149221,0.5596406313378746,-1.0060181084889308,-1.0140993866100703,0
-1.1741414951615918,-0.993932084149107,-0.2732368576328036,0.9829463743659811,2.6934412606109417,-1.0439655927422493,1.5408867088320406,-0.3528778083424879,0.5580828304753818,1.5212493854529547,1.1683548113647708,1.1019274762333549,-0.00582168517036258,-0.7360459505340823,-0.5475771855040708,-0.4057118003557487,0.7302398134149221,0.5596406313378746,-1.0060181084889308,-1.0140993866100703,1
-1.4847854754180998,1.016267636601896,0.9588491776961667,0.9829463743659811,-0.7624946625030504,-1.0439655927422493,1.5960099209103864,0.34073950535281977,0.5580828304753818,-0.22756439290940172,0.013772517364150388,-0.48709192016608527,-1.0102388443583512,-0.010339700359852325,0.16464113511687545,0.2831028012669145,-1.6495840959342845,0.5596406313378746,-1.0060181084889308,0.9860966422066364,1
1.1100054184892023,1.016267636601896,0.09638895296588762,0.9829463743659811,0.38948397853494693,0.9578859753157553,-1.4357667433986352,-0.006069151494834045,-0.6004102103575202,-1.10197128209058,1.333295139079145,-0.08138484023431333,0.1284091794215806,1.2031665578730404,-1.4972016129986656,-0.1761069331481943,-1.2834573406497911,0.5596406313378746,0.9940178924830986,-1.0140993866100703,3
-1.0256719457742902,0.0,0.5892233670974757,0.9829463743659811,2.6934412606109417,0.9578859753157553,-1.160150683006906,-0.6996864651901419,-1.5045999007636874,0.6468424962717766,1.1683548113647708,-0.6719140343572259,-1.2069564907430954,0.9634160813224689,-1.4972016129986656,-1.094526401978412,-1.6495840959342845,0.5596406313378746,-1.0060181084889308,0.9860966422066364,2
-1.551025735913973,-0.993932084149107,-1.2589056858959802,0.9829463743659811,2.4630455324033425,-1.0439655927422493,0.9896545880485821,-0.6996864651901419,0.5298269026501891,-1.10197128209058,1.6631757945078938,1.8096609378921125,0.8365927064066601,0.023778636687729005,1.351671669485119,1.4311271373046865,-0.002013697154064573,0.5596406313378746,0.9940178924830986,-1.0140993866100703,2
0.2465978851292021,-0.993932084149107,1.698100798893549,-1.02762575501898,0.15908825032734747,-1.0439655927422493,0.658915315578507,0.34073950535281977,-0.2330831486300147,-1.539174726681169,0.6735338282216478,-0.47582227905686936,-0.6584614061173967,0.3317657873334632,1.351671669485119,-0.8649215347708576,-0.002013697154064573,0.5596406313378746,-1.0060181084889308,0.9860966422066364,2
0.9295578123107896,1.016267636601896,0.9588491776961667,-1.02762575501898,0.8502754349501459,0.9578859753157553,0.49354567934346943,-1.0464951220377958,1.2644810261052,-1.10197128209058,0.013772517364150388,2.4339990553426727,1.5748624616623477,1.1201760082978427,1.351671669485119,0.9719174028895778,1.4624933239839086,0.5596406313378746,0.9940178924830986,-1.0140993866100703,3
0.031888075246027464,1.016267636601896,-1.2589056858959802,0.9829463743659811,0.15908825032734747,0.9578859753157553,-1.490889955476981,-1.0464951220377958,0.3320354078738399,-1.10197128209058,1.4982354667935194,0.08991370462576816,-1.243985694768459,-0.22703724647286888,0.6394533488641729,-1.3241312691859664,-1.2834573406497911,0.5596406313378746,0.9940178924830986,-1.0140993866100703,1
0.9523992814472975,-0.993932084149107,-0.6428626682314948,-1.02762575501898,0.15908825032734747,0.9578859753157553,0.10768319479504852,-1.3933037788854497,0.7276183974265381,-0.6647678374999909,-0.4810484657789726,0.5294297078851877,0.47324364190777946,-0.4566444336309162,0.6394533488641729,1.4311271373046865,0.5471764357726754,0.5596406313378746,0.9940178924830986,-1.0140993866100703,1
-0.10059244574571859,1.016267636601896,1.574892195360652,-1.02762575501898,-0.7624946625030504,0.9578859753157553,-0.6640417743017933,1.0343568190481278,-0.8547135607842548,-1.10197128209058,0.6735338282216478,2.1071794631754117,0.9268513912184839,-1.4940263033208891,-0.7849832923777195,-0.6353166675633032,0.18104968048818207,0.5596406313378746,0.9940178924830986,-1.0140993866100703,0
0.6280504197088848,-0.993932084149107,1.698100798893549,-1.02762575501898,-0.9928903907106499,-1.0439655927422493,-0.2781792897533724,-1.0464951220377958,-0.6286661381827129,-0.6647678374999909,-1.4706904320652185,-1.0347964780739773,1.29251478096895,-0.8964943463794647,-1.0223893992513682,-0.6353166675633032,1.6455567016261552,-1.7868609675630667,0.9940178924830986,0.9860966422066364,1
1.1054371246619008,1.016267636601896,-0.5196540646985977,0.9829463743659811,-0.7624946625030504,-1.0439655927422493,0.5486688914218153,1.7279741327434355,0.6711065417761527,1.5212493854529547,0.6735338282216478,-0.9987336265244865,1.2485426011888305,1.3488610782383876,-0.5475771855040708,-0.1761069331481943,-1.4665207182920377,0.5596406313378746,-1.0060181084889308,-1.0140993866100703,3
-0.4226571605704806,0.0,0.3428061600316817,0.9829463743659811,-0.3017032060878515,0.9578859753157553,0.4384224672651236,1.0343568190481278,1.57529623218232,1.0840459408623657,0.013772517364150388,-1.3931710653470426,-1.1051261796733456,0.15840775044304994,0.8768594557378216,1.4311271373046865,0.18104968048818207,0.5596406313378746,-1.0060181084889308,0.9860966422066364,1
-1.5099110914682585,1.016267636601896,1.328474988294858,0.9829463743659811,-0.532098934295451,0.9578859753157553,1.375517072597003,-1.0464951220377958,0.6145946861257672,1.5212493854529547,-0.31610813806459825,0.8562493000524485,0.42001416112131923,-0.7876845147142053,0.6394533488641729,-0.6353166675633032,-1.1003939630075446,0.5596406313378746,-1.0060181084889308,0.9860966422066364,0
-1.4687964470225443,-0.993932084149107,0.7124319706303729,0.9829463743659811,1.0806711631577455,-1.0439655927422493,1.761379557145424,1.0343568190481278,-0.826457632959062,1.5212493854529547,0.838474155936022,0.5406993489944036,1.3943450920387,1.0270421693301206,0.8768594557378216,1.6607320045122411,-0.18507707479631122,-1.7868609675630667,-1.0060181084889308,-1.0140993866100703,3
0.7034272678593609,1.016267636601896,1.8213094024264462,0.9829463743659811,-0.532098934295451,0.9578859753157553,-0.9947810467718684,0.6875481622004737,1.6318080878327055,-0.6647678374999909,1.4982354667935194,0.8945660798237824,1.343429936503825,-0.06013403010497102,-1.7346077198723144,-1.3241312691859664,0.7302398134149221,0.5596406313378746,-1.0060181084889308,0.9860966422066364,2
1.18995056046698,-0.993932084149107,-0.15002825409990672,0.9829463743659811,0.15908825032734747,-1.0439655927422493,1.706256345067078,1.0343568190481278,-0.37436278775597837,1.5212493854529547,1.4982354667935194,1.6609016752504628,0.30429789854205785,-0.06566673340998422,1.5890777763587678,1.4311271373046865,0.9133031910571687,-1.7868609675630667,0.9940178924830986,-1.0140993866100703,2
0.947830987619996,1.016267636601896,-0.026819650567009547,0.9829463743659811,-0.9928903907106499,0.9578859753157553,0.6037921035001611,-0.6996864651901419,-0.8829694886094475,-1.10197128209058,-1.635630759779593,-0.2233823182104335,-1.4407033411532033,0.9108553999248437,-0.07276497175677328,-0.1761069331481943,-0.18507707479631122,0.5596406313378746,0.9940178924830986,-1.0140993866100703,3
-5.193548790090959e-16,-0.993932084149107,0.46601476356457855,0.9829463743659811,-0.7624946625030504,0.9578859753157553,-0.8845346226151768,-0.6996864651901419,-1.0807609833857965,-0.6647678374999909,0.013772517364150388,0.8292021613903303,0.08212267438987605,-0.6309245877388316,1.1142655626114704,0.5127076684744689,0.18104968048818207,0.5596406313378746,-1.0060181084889308,0.9860966422066364,1
-0.3792583692111155,1.016267636601896,-1.2589056858959802,0.9829463743659811,-0.9928903907106499,-1.0439655927422493,1.044777800126928,-0.006069151494834045,0.13424391309749079,1.0840459408623657,-1.635630759779593,0.10118334573498404,-1.0356964221257887,0.7227434875543952,-1.4972016129986656,-1.3241312691859664,1.279429946341662,-1.7868609675630667,0.9940178924830986,-1.0140993866100703,2
1.5919604172695199,-0.993932084149107,0.7124319706303729,0.9829463743659811,1.311066891365345,0.9578859753157553,0.7691617397351987,0.34073950535281977,-1.024249127735411,-0.6647678374999909,1.6631757945078938,0.04934299663259096,-0.49877296375801594,0.3944697581236127,0.40204724199052416,0.2831028012669145,0.3641130581304287,0.5596406313378746,-1.0060181084889308,-1.0140993866100703,2
-0.950295097623814,1.016267636601896,1.4516835918277553,0.9829463743659811,2.0022540759881435,-1.0439655927422493,1.5408867088320406,-0.006069151494834045,0.219011696573069,1.5212493854529547,1.4982354667935194,0.39870187101828347,0.45704336514668287,-1.1242572991025077,0.40204724199052416,1.2015222700971322,1.0963665686994153,0.5596406313378746,0.9940178924830986,0.9860966422066364,0
-0.5756950037850838,-0.993932084149107,-0.2732368576328036,0.9829463743659811,-0.9928903907106499,0.9578859753157553,1.5960099209103864,-0.3528778083424879,-0.939481344259833,-0.6647678374999909,-0.15116781035022395,-0.1444948304459223,-0.998667218100425,1.6955771520192142,-0.7849832923777195,-0.4057118003557487,1.6455567016261552,0.5596406313378746,-1.0060181084889308,0.9860966422066364,3
1.1830981197260277,-0.993932084149107,-1.2589056858959802,-1.02762575501898,0.8502754349501459,-1.0439655927422493,0.9345313759702363,-0.006069151494834045,1.1232013869792363,0.6468424962717766,0.6735338282216478,-0.8567361485483663,-1.2463000200200443,-0.06290038175747761,-1.259795506125017,-0.1761069331481943,-1.2834573406497911,-1.7868609675630667,-1.0060181084889308,-1.0140993866100703,1
-5.193548790090959e-16,-0.993932084149107,-0.15002825409990672,0.9829463743659811,-0.532098934295451,0.9578859753157553,0.8794081638918904,1.7279741327434355,-0.3461068599307856,0.2096390516811874,-0.9758694489220956,-1.1677782431627248,-1.3157297775676011,0.7245877219893996,0.6394533488641729,1.6607320045122411,-0.36814045243855786,0.5596406313378746,0.9940178924830986,0.9860966422066364,2
0.5595260122993609,-0.993932084149107,1.8213094024264462,-1.02762575501898,-0.3017032060878515,-1.0439655927422493,-1.1050274709285601,0.34073950535281977,-0.17657129297962923,-0.6647678374999909,-0.8109291212077213,0.6105711238715421,-0.6538327556142262,-0.6152485950412943,0.40204724199052416,-0.4057118003557487,1.6455567016261552,0.5596406313378746,0.9940178924830986,-1.0140993866100703,1
-1.005114623551433,1.016267636601896,0.9588491776961667,0.0,-0.7624946625030504,0.9578859753157553,1.706256345067078,1.0343568190481278,0.10598798527229807,1.5212493854529547,-0.6459887934933469,-0.6403590392514213,-0.6399468041047148,-1.5613408601985497,0.6394533488641729,0.053497934059360104,-0.9173305853652978,0.5596406313378746,0.9940178924830986,0.9860966422066364,0
-0.18967417537809955,1.016267636601896,-0.3964454611657008,0.9829463743659811,-0.9928903907106499,0.9578859753157553,0.9896545880485821,1.0343568190481278,0.5298269026501891,-1.10197128209058,-1.635630759779593,-0.7282622399033052,-1.630478011783192,-1.525378288715964,-1.259795506125017,-1.3241312691859664,0.7302398134149221,0.5596406313378746,0.9940178924830986,-1.0140993866100703,0
1.0985846839209483,-0.993932084149107,0.5892233670974757,-1.02762575501898,2.4630455324033425,0.9578859753157553,1.2652706484403113,-0.006069151494834045,0.7841302530769236,-1.10197128209058,1.333295139079145,0.24318082371110422,0.23486814099450104,0.02193440225272461,0.40204724199052416,-0.8649215347708576,-1.1003939630075446,0.5596406313378746,0.9940178924830986,0.9860966422066364,2
-1.22667687417556,-0.993932084149107,1.328474988294858,0.9829463743659811,-0.532098934295451,0.9578859753157553,-1.2703971071635978,0.6875481622004737,0.021220201796719875,-0.6647678374999909,-1.14080977663647,-0.31804730352784694,0.7370767205884954,0.7660829967769985,-0.5475771855040708,-0.4057118003557487,1.4624933239839086,0.5596406313378746,-1.0060181084889308,-1.0140993866100703,2
-1.4231135087495284,-0.993932084149107,0.46601476356457855,0.9829463743659811,2.0022540759881435,0.9578859753157553,0.658915315578507,1.0343568190481278,-1.674135467714844,-0.6647678374999909,1.1683548113647708,0.01328014508310012,0.8481643326645862,1.145073173170402,1.351671669485119,0.5127076684744689,0.3641130581304287,0.5596406313378746,0.9940178924830986,-1.0140993866100703,3
0.27172350117936084,1.016267636601896,-1.2589056858959802,-1.02762575501898,1.5414626195729444,0.9578859753157553,0.2179296189517402,-0.6996864651901419,0.4168031913494181,-0.22756439290940172,0.6735338282216478,2.0733705398477644,1.4036023930450408,0.8702822423547469,-0.7849832923777195,-0.4057118003557487,-1.2834573406497911,0.5596406313378746,0.9940178924830986,-1.0140993866100703,3
1.4320701333139643,-0.993932084149107,-0.15002825409990672,-1.02762575501898,-0.9928903907106499,-1.0439655927422493,-0.11280965351833487,-0.006069151494834045,1.1797132426296217,-0.6647678374999909,-1.635630759779593,-1.2106028793777452,1.2253993486729782,1.5766240309614308,0.8768594557378216,1.2015222700971322,-0.5512038300808045,-1.7868609675630667,-1.0060181084889308,-1.0140993866100703,3
0.006762459195868732,-0.993932084149107,-0.5196540646985977,0.9829463743659811,-0.9928903907106499,-1.0439655927422493,-1.2152738950852517,0.34073950535281977,0.6993624696013454,-1.10197128209058,-1.4706904320652185,-0.4194740735107899,-0.061365491208408035,-0.9905503025646889,-0.310171078630422,-1.094526401978412,-1.2834573406497911,0.5596406313378746,-1.0060181084889308,0.9860966422066364,0
-0.16683270624159163,-0.993932084149107,-0.026819650567009547,0.9829463743659811,-0.9928903907106499,0.9578859753157553,0.6037921035001611,1.0343568190481278,-1.7023913955400367,-0.22756439290940172,-1.4706904320652185,-0.991971841858957,-1.5008757976944194,1.7232406685442803,-1.259795506125017,-1.094526401978412,-0.7342672077230512,0.5596406313378746,0.9940178924830986,-1.0140993866100703,3
0.47729672340793233,1.016267636601896,-1.2589056858959802,0.9829463743659811,0.38948397853494693,0.9578859753157553,0.7140385276568528,1.0343568190481278,-0.06354758167885831,1.0840459408623657,0.17871284507852472,-0.16928804088619726,1.0934828093326203,1.1561385797804282,0.16464113511687545,1.2015222700971322,-1.6495840959342845,0.5596406313378746,0.9940178924830986,0.9860966422066364,3
0.38364669994824974,1.016267636601896,1.082057781229064,-1.02762575501898,-0.7624946625030504,0.9578859753157553,-0.5537953501451016,0.6875481622004737,-1.024249127735411,-0.22756439290940172,-0.9758694489220956,1.1875767486633955,-0.07988009322108985,0.06250755982282133,-0.7849832923777195,0.2831028012669145,0.3641130581304287,0.5596406313378746,-1.0060181084889308,0.9860966422066364,2
-1.448239124799687,-0.993932084149107,-0.6428626682314948,-1.02762575501898,0.8502754349501459,0.9578859753157553,-1.2703971071635978,-1.3933037788854497,0.049476129621912605,-0.6647678374999909,1.0034144836503964,-1.0933986118419,-0.5219162162738682,-1.5973034316811354,0.6394533488641729,0.053497934059360104,-1.2834573406497911,0.5596406313378746,-1.0060181084889308,-1.0140993866100703,0
-0.45920351118889324,-0.993932084149107,-0.3964454611657008,-1.02762575501898,-0.3017032060878515,-1.0439655927422493,0.6037921035001611,0.6875481622004737,0.021220201796719875,-1.539174726681169,-0.8109291212077213,-1.4450114144494357,-1.4198744138889363,1.4613593787736558,-0.310171078630422,-1.3241312691859664,0.18104968048818207,0.5596406313378746,0.9940178924830986,0.9860966422066364,3
-1.0096829173787347,1.016267636601896,1.698100798893549,0.9829463743659811,-0.07130747788025202,-1.0439655927422493,0.3281760431084319,-0.006069151494834045,-1.4198321172881094,-0.22756439290940172,-0.6459887934933469,0.265720105929536,0.37372765608961467,-1.4147242226157002,-0.7849832923777195,-0.8649215347708576,-0.9173305853652978,-1.7868609675630667,0.9940178924830986,-1.0140993866100703,0
-0.9594316852784172,-0.993932084149107,-1.135697082363083,0.9829463743659811,0.8502754349501459,0.9578859753157553,0.5486688914218153,1.3811654758957816,1.3492488095807782,0.6468424962717766,1.6631757945078938,-0.6899454601319712,-0.02202196193145917,-0.2860527483930096,-1.7346077198723144,-0.4057118003557487,0.3641130581304287,0.5596406313378746,-1.0060181084889308,0.9860966422066364,1
-0.2856083457514329,-0.993932084149107,1.574892195360652,-1.02762575501898,-0.07130747788025202,0.9578859753157553,-1.2703971071635978,-0.3528778083424879,1.6035521600075127,-0.6647678374999909,0.838474155936022,0.8900582233800961,-0.417771579952533,-1.1224130646675032,-0.5475771855040708,0.2831028012669145,1.0963665686994153,0.5596406313378746,0.9940178924830986,-1.0140993866100703,0
-0.011510716113337621,1.016267636601896,0.09638895296588762,0.9829463743659811,-0.7624946625030504,-1.0439655927422493,0.05255998271670267,0.34073950535281977,0.8971539643776945,-1.539174726681169,-1.14080977663647,-1.079875042510841,-1.0958688786670046,-0.6226255327813119,-0.310171078630422,0.2831028012669145,-0.9173305853652978,-1.7868609675630667,-1.0060181084889308,0.9860966422066364,0
-0.09145585809111542,1.016267636601896,1.205266384761961,0.9829463743659811,2.4630455324033425,0.9578859753157553,-0.8845346226151768,-1.0464951220377958,-0.6851779938330984,-0.22756439290940172,1.6631757945078938,1.1785610357760228,0.6954188660599613,1.2206867850055823,1.1142655626114704,1.6607320045122411,-0.18507707479631122,0.5596406313378746,-1.0060181084889308,0.9860966422066364,3
-0.31073396180159163,-0.993932084149107,-0.6428626682314948,0.9829463743659811,0.38948397853494693,-1.0439655927422493,-0.16793286559668072,0.6875481622004737,-0.826457632959062,0.6468424962717766,-0.31610813806459825,0.7773618122879372,0.5426733994553362,-0.264844052390459,-1.0223893992513682,0.2831028012669145,0.9133031910571687,-1.7868609675630667,0.9940178924830986,0.9860966422066364,1
0.7993614382326943,1.016267636601896,-1.135697082363083,0.9829463743659811,-0.9928903907106499,0.9578859753157553,1.430640284675349,1.3811654758957816,-1.561111756414073,1.0840459408623657,-0.4810484657789726,-0.7350240245688348,-0.10533767098852735,1.2354406604856174,1.5890777763587678,0.9719174028895778,-0.9173305853652978,0.5596406313378746,0.9940178924830986,0.9860966422066364,3
-0.5482852408212743,0.0,1.698100798893549,0.9829463743659811,1.5414626195729444,0.9578859753157553,1.761379557145424,-1.0464951220377958,1.6600640156578983,-0.22756439290940172,1.4982354667935194,1.6947105985781103,0.8435356821614158,0.4322765640412028,0.40204724199052416,1.2015222700971322,0.9133031910571687,0.5596406313378746,0.9940178924830986,-1.0140993866100703,2
0.6189138320542815,1.016267636601896,-0.7660712717643918,0.9829463743659811,-0.532098934295451,-1.0439655927422493,0.7140385276568528,1.3811654758957816,1.1232013869792363,0.2096390516811874,-1.14080977663647,0.14175405372816122,1.1582839163770067,1.2538830048356613,-0.7849832923777195,0.053497934059360104,-0.002013697154064573,-1.7868609675630667,0.9940178924830986,0.9860966422066364,3
-0.5277279185984171,-0.993932084149107,-0.8892798752972889,-1.02762575501898,1.5414626195729444,-1.0439655927422493,1.5960099209103864,1.7279741327434355,-0.7416898494834838,-0.6647678374999909,0.838474155936022,0.9734535675882937,-0.2997409921216864,-0.10623989098008094,-0.5475771855040708,-0.6353166675633032,-0.002013697154064573,0.5596406313378746,-1.0060181084889308,-1.0140993866100703,1
-0.2559144358739726,1.016267636601896,1.698100798893549,0.9829463743659811,0.15908825032734747,0.9578859753157553,1.375517072597003,1.0343568190481278,0.6428506139509599,-1.539174726681169,0.5085935005072734,0.6376182625336603,-0.468686735487408,-0.0702773194974952,-0.310171078630422,-0.1761069331481943,1.0963665686994153,0.5596406313378746,0.9940178924830986,0.9860966422066364,1
0.3950674345165037,1.016267636601896,1.082057781229064,-1.02762575501898,0.15908825032734747,-1.0439655927422493,-0.38842571391006414,1.0343568190481278,-1.250296550336953,1.5212493854529547,1.1683548113647708,-0.2910001648657288,1.486918102102109,-1.186961269892657,0.6394533488641729,0.7423125356820234,-1.2834573406497911,-1.7868609675630667,-1.0060181084889308,0.9860966422066364,1
0.5869357752631704,1.016267636601896,0.5892233670974757,0.9829463743659811,-0.07130747788025202,-1.0439655927422493,0.5486688914218153,-0.006069151494834045,1.1797132426296217,0.2096390516811874,-0.8109291212077213,-1.2376500180398633,-1.181498912975658,-1.1712852771951199,0.8768594557378216,-1.3241312691859664,-0.7342672077230512,-1.7868609675630667,0.9940178924830986,0.9860966422066364,0
-0.3564169000746075,1.016267636601896,1.698100798893549,0.9829463743659811,-0.7624946625030504,0.9578859753157553,1.761379557145424,1.0343568190481278,1.066689531328851,-0.6647678374999909,0.17871284507852472,0.8562493000524485,-0.30899829312802735,1.001222887240059,0.16464113511687545,-0.6353166675633032,-1.2834573406497911,0.5596406313378746,-1.0060181084889308,-1.0140993866100703,3
-1.3043378692396872,-0.993932084149107,-1.2589056858959802,0.9829463743659811,-0.9928903907106499,-1.0439655927422493,-1.6011363796336728,-1.3933037788854497,0.4168031913494181,0.2096390516811874,0.5085935005072734,0.04708906841074778,-0.11228064674328303,0.5733604983190391,-0.7849832923777195,-0.1761069331481943,-0.5512038300808045,0.5596406313378746,0.9940178924830986,0.9860966422066364,2
0.15980030241047194,-0.993932084149107,-0.5196540646985977,0.9829463743659811,-0.9928903907106499,-1.0439655927422493,0.05255998271670267,-0.006069151494834045,-1.1372728390361821,-0.22756439290940172,0.6735338282216478,-0.19858910777015856,0.34827007832217716,0.19344820470813345,-0.5475771855040708,-1.094526401978412,-0.002013697154064573,0.5596406313378746,-1.0060181084889308,0.9860966422066364,2
1.1077212715755516,-0.993932084149107,0.5892233670974757,0.9829463743659811,-0.532098934295451,0.9578859753157553,1.375517072597003,-0.006069151494834045,1.038433603503658,-0.6647678374999909,-0.8109291212077213,2.1635276687214913,1.5563478596496658,0.6434414068492061,1.5890777763587678,-0.6353166675633032,0.9133031910571687,0.5596406313378746,0.9940178924830986,-1.0140993866100703,3
1.6856104407292025,1.016267636601896,0.5892233670974757,0.9829463743659811,0.6198797067425464,0.9578859753157553,1.2101474363619655,1.7279741327434355,0.8688980365525018,1.0840459408623657,1.333295139079145,1.309288872642927,-0.02202196193145917,-0.14128034524516447,1.351671669485119,0.2831028012669145,0.5471764357726754,0.5596406313378746,0.9940178924830986,-1.0140993866100703,2
-0.8086779889774648,-0.993932084149107,0.9588491776961667,0.9829463743659811,-0.9928903907106499,0.9578859753157553,-0.9396578346935226,-0.3528778083424879,-1.052505055560604,1.0840459408623657,-1.635630759779593,0.27924367526059507,-1.040325072628959,-0.6585881042638976,0.8768594557378216,0.9719174028895778,-1.1003939630075446,0.5596406313378746,0.9940178924830986,0.9860966422066364,0
-0.8223828704593695,1.016267636601896,1.205266384761961,-1.02762575501898,1.5414626195729444,0.9578859753157553,-0.9947810467718684,0.6875481622004737,-1.6176236120644585,0.6468424962717766,0.838474155936022,-0.5456940539340078,-0.33908452139863526,-1.63695447203373,0.8768594557378216,0.9719174028895778,-1.6495840959342845,0.5596406313378746,-1.0060181084889308,0.9860966422066364,0
0.18949421228793226,-0.993932084149107,0.2195975564987845,0.9829463743659811,0.38948397853494693,-1.0439655927422493,-1.3806435313202894,1.0343568190481278,-0.007035726028472855,-0.6647678374999909,-0.15116781035022395,-1.055081832070566,1.7090933262542907,-0.65121116652388,1.5890777763587678,2.579151473342459,0.18104968048818207,-1.7868609675630667,0.9940178924830986,-1.0140993866100703,1
-0.23307296673746467,1.016267636601896,-0.6428626682314948,-1.02762575501898,3.1542327170261406,-1.0439655927422493,-1.3806435313202894,1.7279741327434355,1.57529623218232,-0.6647678374999909,1.4982354667935194,0.6691732576394648,-0.1678244527813285,1.3756024775459514,0.16464113511687545,-0.1761069331481943,0.18104968048818207,0.5596406313378746,0.9940178924830986,0.9860966422066364,3
0.26487106043840847,-0.993932084149107,0.9588491776961667,-1.02762575501898,1.311066891365345,0.9578859753157553,-0.4986721380667558,-1.0464951220377958,-0.2330831486300147,0.2096390516811874,1.0034144836503964,0.01328014508310012,-0.8343501252378739,-1.1473102295400626,1.5890777763587678,-0.4057118003557487,-0.5512038300808045,0.5596406313378746,0.9940178924830986,-1.0140993866100703,0
0.9729566036701547,1.016267636601896,-1.2589056858959802,-1.02762575501898,-0.3017032060878515,0.9578859753157553,1.5408867088320406,-1.0464951220377958,1.5187843765319347,0.6468424962717766,1.333295139079145,2.0891480374006663,1.0009097992692113,-0.4824637157209778,1.351671669485119,2.579151473342459,0.5471764357726754,0.5596406313378746,-1.0060181084889308,-1.0140993866100703,2
-1.329463485289846,-0.993932084149107,1.205266384761961,-1.02762575501898,-0.9928903907106499,-1.0439655927422493,0.27305283103008604,0.6875481622004737,0.021220201796719875,-1.10197128209058,-1.4706904320652185,-0.3811572937394559,-0.672347357626908,-0.6567438698288932,0.40204724199052416,-0.6353166675633032,1.279429946341662,-1.7868609675630667,0.9940178924830986,-1.0140993866100703,0
-1.4756488877634966,-0.993932084149107,-1.2589056858959802,-1.02762575501898,0.38948397853494693,-1.0439655927422493,-0.05768644143998903,-0.3528778083424879,0.44505911917461083,1.0840459408623657,-0.4810484657789726,1.3250663701958294,0.15155243193743287,-0.39855104892827775,-1.4972016129986656,-0.8649215347708576,-0.7342672077230512,0.5596406313378746,-1.0060181084889308,-1.0140993866100703,1
1.4709006308460277,1.016267636601896,-1.2589056858959802,-1.02762575501898,-0.3017032060878515,0.9578859753157553,-1.2152738950852517,-0.6996864651901419,0.16249984092268352,0.6468424962717766,0.5085935005072734,0.4302568661240879,1.1281976881063986,0.4387313845637182,0.8768594557378216,0.5127076684744689,1.6455567016261552,0.5596406313378746,-1.0060181084889308,-1.0140993866100703,3
1.1259944468847578,1.016267636601896,-0.5196540646985977,-1.02762575501898,-0.07130747788025202,0.9578859753157553,-1.1050274709285601,1.0343568190481278,-0.6004102103575202,1.5212493854529547,-0.15116781035022395,0.4032097274619698,-0.8574933777537261,-0.7526440604491218,0.8768594557378216,0.2831028012669145,-0.002013697154064573,0.5596406313378746,-1.0060181084889308,0.9860966422066364,1
-1.5898562334460364,-0.993932084149107,-1.2589056858959802,-1.02762575501898,-0.9928903907106499,-1.0439655927422493,1.375517072597003,0.6875481622004737,1.462272520881549,0.2096390516811874,-0.9758694489220956,-0.572741192596126,-0.6191178768404477,0.26629546489080713,1.1142655626114704,1.8903368717197957,0.7302398134149221,0.5596406313378746,-1.0060181084889308,-1.0140993866100703,1
1.5988128580104721,1.016267636601896,1.574892195360652,0.9829463743659811,-0.9928903907106499,0.9578859753157553,1.2652706484403113,0.34073950535281977,1.6600640156578983,-0.22756439290940172,0.013772517364150388,-0.7327700963469916,-1.6929647935759933,-0.9933166542171955,0.40204724199052416,0.9719174028895778,1.279429946341662,0.5596406313378746,0.9940178924830986,-1.0140993866100703,0
-1.5670147643095285,-0.993932084149107,1.082057781229064,0.9829463743659811,-0.7624946625030504,0.9578859753157553,-1.3255203192419436,-0.006069151494834045,-0.5438983547071348,1.0840459408623657,-1.14080977663647,-0.7215004552377757,-0.8088925474704364,-0.8485442510693504,-0.310171078630422,-0.4057118003557487,-0.5512038300808045,0.5596406313378746,0.9940178924830986,0.9860966422066364,0
-0.9297377754009568,-0.993932084149107,-1.012488478830186,0.9829463743659811,-0.532098934295451,0.9578859753157553,0.38329925518677777,0.6875481622004737,-1.052505055560604,-0.22756439290940172,-1.14080977663647,-1.1722860996064113,0.5843312539838703,-0.29988450665554256,-1.7346077198723144,-0.8649215347708576,-0.002013697154064573,0.5596406313378746,-1.0060181084889308,0.9860966422066364,1
0.9638200160155515,-0.993932084149107,0.46601476356457855,0.9829463743659811,0.15908825032734747,-1.0439655927422493,-0.4986721380667558,1.7279741327434355,0.8971539643776945,0.2096390516811874,0.013772517364150388,0.4527961483425197,0.8851935366899498,0.5088122930938852,-0.07276497175677328,0.053497934059360104,-0.002013697154064573,-1.7868609675630667,0.9940178924830986,0.9860966422066364,3
0.9546834283609483,1.016267636601896,1.082057781229064,-1.02762575501898,-0.3017032060878515,-1.0439655927422493,0.5486688914218153,-1.3933037788854497,1.6318080878327055,0.2096390516811874,1.0034144836503964,2.5354258253256154,1.2601142274467567,0.4359650329112116,1.351671669485119,-1.094526401978412,0.5471764357726754,0.5596406313378746,-1.0060181084889308,-1.0140993866100703,3
-0.23764126056476623,1.016267636601896,0.5892233670974757,0.9829463743659811,-0.9928903907106499,-1.0439655927422493,0.7691617397351987,-0.6996864651901419,-1.6176236120644585,-1.539174726681169,-0.9758694489220956,-0.7936261583367574,1.375830490026018,0.8343196708721612,1.5890777763587678,2.579151473342459,-0.36814045243855786,0.5596406313378746,0.9940178924830986,0.9860966422066364,3
1.224212764171742,1.016267636601896,-0.026819650567009547,-1.02762575501898,-0.3017032060878515,-1.0439655927422493,0.49354567934346943,-1.3933037788854497,0.6428506139509599,-1.539174726681169,-0.4810484657789726,2.2266376589331003,1.4290599708124783,0.20174725966565324,1.5890777763587678,1.6607320045122411,0.5471764357726754,0.5596406313378746,0.9940178924830986,0.9860966422066364,3
-1.0416609741698457,-0.993932084149107,0.3428061600316817,0.9829463743659811,-0.9928903907106499,0.9578859753157553,0.6037921035001611,1.7279741327434355,-0.9677372720850257,-0.6647678374999909,-0.9758694489220956,1.2461788824313182,0.5079585206815579,-0.09978507045756554,0.8768594557378216,-0.4057118003557487,1.279429946341662,0.5596406313378746,0.9940178924830986,-1.0140993866100703,1
-1.4208293618358776,1.016267636601896,0.9588491776961667,-1.02762575501898,-0.9928903907106499,-1.0439655927422493,-0.002563229361643179,-0.006069151494834045,1.6600640156578983,1.0840459408623657,1.6631757945078938,0.2769897470387519,-0.8736936545148227,0.08187202139036749,1.351671669485119,1.6607320045122411,-0.7342672077230512,-1.7868609675630667,-1.0060181084889308,-1.0140993866100703,1
-0.849792633423179,-0.993932084149107,-0.15002825409990672,0.9829463743659811,-0.9928903907106499,0.9578859753157553,-1.546013167555327,0.6875481622004737,-0.1483153651544365,0.6468424962717766,-1.4706904320652185,-1.2962521518077859,1.6720641222289272,-1.2303007791152605,0.16464113511687545,0.053497934059360104,-1.4665207182920377,0.5596406313378746,0.9940178924830986,-1.0140993866100703,0
0.16208444932412272,1.016267636601896,-0.5196540646985977,0.9829463743659811,2.0022540759881435,-1.0439655927422493,-1.3806435313202894,1.7279741327434355,1.5187843765319347,0.2096390516811874,0.6735338282216478,-1.1903175253811566,-1.7091650703370898,0.9754036051499975,-1.0223893992513682,-0.4057118003557487,-1.1003939630075446,0.5596406313378746,0.9940178924830986,-1.0140993866100703,2
1.2904530246676151,-0.993932084149107,-1.2589056858959802,-1.02762575501898,1.0806711631577455,0.9578859753157553,-0.5537953501451016,0.34073950535281977,0.36029133569903266,1.0840459408623657,1.4982354667935194,1.156021753557591,-0.017393311428288715,1.2428175982256349,-0.7849832923777195,-1.094526401978412,1.6455567016261552,0.5596406313378746,-1.0060181084889308,0.9860966422066364,3
1.5097311283780912,1.016267636601896,0.9588491776961667,-1.02762575501898,-0.7624946625030504,0.9578859753157553,-0.7742881984584851,-1.0464951220377958,-1.448088045113302,1.0840459408623657,-0.15116781035022395,0.9238671467077437,0.947680318482751,0.6886251505068138,-0.07276497175677328,-1.094526401978412,0.3641130581304287,0.5596406313378746,0.9940178924830986,0.9860966422066364,3
-0.7538584630498457,1.016267636601896,-0.15002825409990672,-1.02762575501898,-0.9928903907106499,-1.0439655927422493,1.1550242242836197,-0.6996864651901419,-1.6458795398896513,1.5212493854529547,-1.635630759779593,-0.022782706466390718,-0.6445754546078852,0.9800141912375084,-0.07276497175677328,0.7423125356820234,-1.2834573406497911,0.5596406313378746,-1.0060181084889308,-1.0140993866100703,2
-0.3541327531609567,1.016267636601896,1.328474988294858,-1.02762575501898,-0.3017032060878515,0.9578859753157553,0.4384224672651236,1.3811654758957816,-0.939481344259833,-0.6647678374999909,0.17871284507852472,-0.7282622399033052,-1.1120691554281013,-0.16525539290022162,0.6394533488641729,-0.4057118003557487,-0.18507707479631122,0.5596406313378746,0.9940178924830986,-1.0140993866100703,1
0.15751615549682113,-0.993932084149107,-0.2732368576328036,0.9829463743659811,0.8502754349501459,-1.0439655927422493,0.7691617397351987,1.3811654758957816,1.6600640156578983,-1.539174726681169,0.34365317279289903,-0.8341968663299346,-0.6075462505825217,-1.5087801788009243,-1.7346077198723144,-0.6353166675633032,-0.36814045243855786,-1.7868609675630667,0.9940178924830986,-1.0140993866100703,0
1.2310652049126944,-0.993932084149107,-1.2589056858959802,-1.02762575501898,-0.9928903907106499,-1.0439655927422493,-0.9396578346935226,-0.006069151494834045,-1.0807609833857965,-0.6647678374999909,-1.635630759779593,1.802899153226583,1.6257776171972225,-0.8393230788943284,-1.7346077198723144,-1.3241312691859664,0.5471764357726754,0.5596406313378746,-1.0060181084889308,-1.0140993866100703,1
1.0551858925615831,1.016267636601896,0.09638895296588762,0.9829463743659811,-0.3017032060878515,-1.0439655927422493,-1.2152738950852517,-0.6996864651901419,1.5187843765319347,1.5212493854529547,-0.4810484657789726,-0.2143666053230608,0.20015326222072263,0.43688715012871376,-0.07276497175677328,0.7423125356820234,-0.9173305853652978,-1.7868609675630667,0.9940178924830986,-1.0140993866100703,2
-1.0667865902200044,1.016267636601896,1.082057781229064,0.9829463743659811,-0.7624946625030504,0.9578859753157553,-1.2152738950852517,-0.006069151494834045,-1.7023913955400367,-0.22756439290940172,-1.3057501043508444,1.345351724192418,1.0657109063135977,1.0307306382001293,1.351671669485119,1.2015222700971322,-1.2834573406497911,0.5596406313378746,0.9940178924830986,-1.0140993866100703,3
-0.9457268037965124,1.016267636601896,-1.2589056858959802,0.9829463743659811,0.6198797067425464,-1.0439655927422493,1.0999010122052737,1.3811654758957816,-0.28959500428040014,-0.6647678374999909,0.013772517364150388,-0.10843197889643146,-0.8991512322822602,1.2999888657107712,-0.5475771855040708,-0.4057118003557487,-0.9173305853652978,-1.7868609675630667,0.9940178924830986,-1.0140993866100703,3
0.31969058636602754,-0.993932084149107,-0.5196540646985977,-1.02762575501898,0.15908825032734747,0.9578859753157553,0.2179296189517402,1.0343568190481278,1.688319943483091,-1.10197128209058,-0.4810484657789726,-0.24141374398517892,0.28809762178096127,1.200400206220534,-1.7346077198723144,-0.4057118003557487,1.0963665686994153,0.5596406313378746,0.9940178924830986,0.9860966422066364,3
-0.16683270624159163,-0.993932084149107,0.5892233670974757,-1.02762575501898,-0.3017032060878515,0.9578859753157553,-0.38842571391006414,1.0343568190481278,1.6318080878327055,0.2096390516811874,-0.9758694489220956,-1.321045362248061,-0.11228064674328303,0.33545425620347197,0.16464113511687545,-0.1761069331481943,0.7302398134149221,0.5596406313378746,-1.0060181084889308,-1.0140993866100703,2
0.9592517221882498,-0.993932084149107,1.574892195360652,-1.02762575501898,0.15908825032734747,-1.0439655927422493,-0.8845346226151768,0.34073950535281977,-1.448088045113302,-1.539174726681169,1.6631757945078938,0.3919400863527539,-0.8088925474704364,1.042718162027658,1.5890777763587678,1.8903368717197957,-0.36814045243855786,-1.7868609675630667,-1.0060181084889308,0.9860966422066364,3
-0.9434426568828617,1.016267636601896,1.082057781229064,0.9829463743659811,-0.9928903907106499,0.9578859753157553,1.430640284675349,-0.6996864651901419,-1.4763439729384948,-0.22756439290940172,-1.4706904320652185,-1.0505739756268795,-1.0773542766543227,0.6812482127667963,-0.7849832923777195,-0.6353166675633032,1.279429946341662,0.5596406313378746,-1.0060181084889308,0.9860966422066364,2
0.7422577653914244,-0.993932084149107,0.9588491776961667,-1.02762575501898,-0.07130747788025202,0.9578859753157553,-0.38842571391006414,-0.006069151494834045,1.377504737405971,0.6468424962717766,1.1683548113647708,1.383668503963752,1.65123519496466,-0.5792860235587086,-1.4972016129986656,-0.4057118003557487,-0.7342672077230512,0.5596406313378746,0.9940178924830986,0.9860966422066364,1
1.6399275024561866,-0.993932084149107,-0.7660712717643918,0.9829463743659811,1.5414626195729444,-1.0439655927422493,-0.05768644143998903,0.34073950535281977,1.1514573148044291,-0.6647678374999909,1.0034144836503964,-0.5614715514869101,1.1119974113453022,1.5461941627838582,-0.07276497175677328,-1.3241312691859664,-0.7342672077230512,0.5596406313378746,-1.0060181084889308,0.9860966422066364,3
0.75824679378698,-0.993932084149107,-0.15002825409990672,-1.02762575501898,-0.9928903907106499,0.9578859753157553,-0.7191649863801393,-1.3933037788854497,-1.1372728390361821,0.6468424962717766,-1.4706904320652185,0.15302369483737713,0.3390127773158363,-1.344643314085533,-0.07276497175677328,0.9719174028895778,0.3641130581304287,0.5596406313378746,0.9940178924830986,-1.0140993866100703,0
0.39963572834380534,-0.993932084149107,0.5892233670974757,0.9829463743659811,-0.532098934295451,-1.0439655927422493,1.2101474363619655,1.0343568190481278,-1.1655287668613747,1.0840459408623657,-1.14080977663647,-0.8634979332138959,-0.977838290836158,1.5443499283488538,1.1142655626114704,0.2831028012669145,-0.7342672077230512,0.5596406313378746,-1.0060181084889308,0.9860966422066364,3
1.258474967876504,-0.993932084149107,1.205266384761961,0.9829463743659811,1.0806711631577455,-1.0439655927422493,-1.6562595917120186,-1.3933037788854497,1.2362250982800074,-1.539174726681169,0.6735338282216478,-0.052083773350352025,-1.0634683251448114,-0.6991612618339943,-1.259795506125017,-1.3241312691859664,1.6455567016261552,0.5596406313378746,0.9940178924830986,0.9860966422066364,1
-1.3568732482536554,-0.993932084149107,-1.2589056858959802,-1.02762575501898,-0.7624946625030504,-1.0439655927422493,0.49354567934346943,1.7279741327434355,1.6035521600075127,1.0840459408623657,0.013772517364150388,-0.7169925987940894,-1.5541052784808795,0.7725378172995139,-0.07276497175677328,0.7423125356820234,-1.2834573406497911,0.5596406313378746,0.9940178924830986,0.9860966422066364,2
-1.3043378692396872,-0.993932084149107,1.698100798893549,0.9829463743659811,0.6198797067425464,-1.0439655927422493,-0.11280965351833487,-1.0464951220377958,1.5470403043571272,1.5212493854529547,0.34365317279289903,-0.27747659553466975,-0.45248645872631144,0.25338582384577635,-0.5475771855040708,-0.1761069331481943,-0.7342672077230512,0.5596406313378746,0.9940178924830986,0.9860966422066364,1
0.9432626937926943,1.016267636601896,-0.5196540646985977,0.9829463743659811,-0.7624946625030504,-1.0439655927422493,0.2179296189517402,0.6875481622004737,-1.448088045113302,-0.22756439290940172,-0.8109291212077213,-0.7485475938998938,0.02889319360341583,0.19713667357814227,-0.07276497175677328,0.5127076684744689,1.6455567016261552,-1.7868609675630667,-1.0060181084889308,-1.0140993866100703,2
-0.059477801300004296,1.016267636601896,-1.2589056858959802,-1.02762575501898,-0.9928903907106499,-1.0439655927422493,-0.8845346226151768,-0.006069151494834045,-0.9112254164346402,0.2096390516811874,-1.635630759779593,-0.9446393492002503,-0.008136010421947807,0.5309431063139379,-0.07276497175677328,-0.6353166675633032,-0.36814045243855786,-1.7868609675630667,-1.0060181084889308,0.9860966422066364,2
0.07528686660539255,1.016267636601896,1.205266384761961,0.9829463743659811,-0.9928903907106499,-1.0439655927422493,-0.5537953501451016,1.3811654758957816,-0.20482722080482196,0.6468424962717766,-0.31610813806459825,-0.09040055312168604,-1.3481303310897943,0.10215860017541585,1.5890777763587678,-0.4057118003557487,-1.2834573406497911,0.5596406313378746,-1.0060181084889308,-1.0140993866100703,1
-0.8520767803368299,-0.993932084149107,-2.7357805694826946e-16,0.9829463743659811,0.15908825032734747,0.9578859753157553,0.7691617397351987,-0.006069151494834045,1.0949454591540435,1.5212493854529547,-0.4810484657789726,0.1056912021786704,1.0055384497723816,1.5683249760039109,-0.07276497175677328,1.2015222700971322,-1.6495840959342845,0.5596406313378746,0.9940178924830986,0.9860966422066364,3
-1.605845261841592,-0.993932084149107,1.082057781229064,0.9829463743659811,1.7718583477805439,0.9578859753157553,-1.6011363796336728,-0.6996864651901419,1.1797132426296217,1.0840459408623657,0.6735338282216478,1.6699173881378355,0.6653326377893533,-1.6968920911713727,-0.07276497175677328,0.7423125356820234,-1.2834573406497911,0.5596406313378746,0.9940178924830986,-1.0140993866100703,0
-1.6355391717190522,-0.993932084149107,1.328474988294858,0.9829463743659811,-0.7624946625030504,-1.0439655927422493,-0.9947810467718684,-1.3933037788854497,0.4168031913494181,1.5212493854529547,-1.3057501043508444,-0.7688329478964824,-0.4848870122485046,-0.6429121115663603,-0.7849832923777195,-1.094526401978412,-0.36814045243855786,-1.7868609675630667,0.9940178924830986,-1.0140993866100703,0
1.1739615320714245,-0.993932084149107,-2.7357805694826946e-16,0.9829463743659811,-0.9928903907106499,0.9578859753157553,-0.05768644143998903,-1.3933037788854497,-0.17657129297962923,-1.539174726681169,1.333295139079145,2.1297187453938435,1.5609765101528361,-0.7378901849690866,1.1142655626114704,-1.3241312691859664,1.0963665686994153,0.5596406313378746,-1.0060181084889308,0.9860966422066364,2
-0.04805706673175033,-0.993932084149107,0.3428061600316817,0.9829463743659811,-0.7624946625030504,0.9578859753157553,-0.9947810467718684,-0.006069151494834045,0.19075576874787625,-0.6647678374999909,-0.9758694489220956,-0.9378775645347207,-1.4707895694238113,-1.5917707283761222,1.1142655626114704,-1.3241312691859664,-1.1003939630075446,0.5596406313378746,-1.0060181084889308,-1.0140993866100703,0
0.680585798722853,1.016267636601896,1.205266384761961,-1.02762575501898,-0.07130747788025202,0.9578859753157553,0.6037921035001611,-0.6996864651901419,-0.09180350950405104,-1.539174726681169,-0.8109291212077213,0.4370186507896175,-0.2789120648574194,1.4392285655536032,1.351671669485119,2.579151473342459,1.0963665686994153,0.5596406313378746,0.9940178924830986,0.9860966422066364,3
-5.193548790090959e-16,-0.993932084149107,0.8356405741632701,0.9829463743659811,-0.9928903907106499,-1.0439655927422493,0.05255998271670267,-0.006069151494834045,0.021220201796719875,1.0840459408623657,-0.6459887934933469,-0.3112855188623174,1.0309960275398191,0.24508676888825656,-0.07276497175677328,1.2015222700971322,-1.1003939630075446,0.5596406313378746,-1.0060181084889308,0.9860966422066364,2
1.002650513547615,-0.993932084149107,0.7124319706303729,-1.02762575501898,-0.3017032060878515,0.9578859753157553,1.761379557145424,1.3811654758957816,-0.17657129297962923,-0.6647678374999909,0.17871284507852472,-0.471314422613183,-1.6559355895506296,-1.702424794476386,1.5890777763587678,-1.3241312691859664,-0.18507707479631122,0.5596406313378746,0.9940178924830986,-1.0140993866100703,0
1.3132944938041229,-0.993932084149107,-0.15002825409990672,0.9829463743659811,-0.7624946625030504,0.9578859753157553,-1.2703971071635978,-0.3528778083424879,0.021220201796719875,-1.10197128209058,-1.3057501043508444,0.24994260837663373,-1.0773542766543227,1.3202754444958196,1.351671669485119,1.4311271373046865,0.9133031910571687,0.5596406313378746,-1.0060181084889308,-1.0140993866100703,3
-0.31530225562889325,-0.993932084149107,0.3428061600316817,-1.02762575501898,-0.9928903907106499,-1.0439655927422493,-0.05768644143998903,-1.0464951220377958,0.219011696573069,-1.10197128209058,-0.4810484657789726,-0.5817569054834987,0.04046481986134196,0.06619602869283012,-0.07276497175677328,0.053497934059360104,1.4624933239839086,-1.7868609675630667,0.9940178924830986,0.9860966422066364,1
0.5069906332853926,-0.993932084149107,1.082057781229064,0.9829463743659811,-0.3017032060878515,0.9578859753157553,0.4384224672651236,-0.006069151494834045,0.021220201796719875,1.0840459408623657,-0.9758694489220956,1.397192073294811,0.10758025215731355,1.5443499283488538,0.8768594557378216,-1.094526401978412,-1.2834573406497911,0.5596406313378746,-1.0060181084889308,-1.0140993866100703,3
-0.05262536055905192,-0.993932084149107,1.8213094024264462,-1.02762575501898,-0.07130747788025202,-1.0439655927422493,0.8242849518135446,-0.3528778083424879,1.6600640156578983,-0.6647678374999909,-0.4810484657789726,2.720247939516756,1.6558638454678305,0.13258846835298838,0.16464113511687545,-0.1761069331481943,-1.2834573406497911,-1.7868609675630667,0.9940178924830986,0.9860966422066364,2
-1.6743696692511159,-0.993932084149107,0.09638895296588762,-1.02762575501898,0.38948397853494693,0.9578859753157553,0.49354567934346943,1.0343568190481278,0.5298269026501891,-1.539174726681169,-0.4810484657789726,0.5181600667759718,-0.5242305415254535,0.7753041689520205,0.16464113511687545,0.9719174028895778,0.7302398134149221,0.5596406313378746,-1.0060181084889308,-1.0140993866100703,2
-0.9046121593507981,1.016267636601896,-1.2589056858959802,-1.02762575501898,-0.7624946625030504,0.9578859753157553,1.3203938605186571,-1.3933037788854497,0.19075576874787625,0.2096390516811874,1.1683548113647708,-1.1384771762787635,-1.0449537231321295,0.19990302523064885,-0.5475771855040708,-1.094526401978412,1.6455567016261552,0.5596406313378746,0.9940178924830986,0.9860966422066364,1
-1.1353109976295284,-0.993932084149107,0.8356405741632701,0.9829463743659811,-0.07130747788025202,-1.0439655927422493,1.3203938605186571,-1.0464951220377958,1.4057606652311636,1.0840459408623657,0.6735338282216478,-0.153510543333295,0.2487540925040124,1.3211975617133218,0.8768594557378216,1.2015222700971322,0.18104968048818207,-1.7868609675630667,0.9940178924830986,0.9860966422066364,3
1.0346285703387261,1.016267636601896,0.7124319706303729,-1.02762575501898,-0.3017032060878515,0.9578859753157553,1.5960099209103864,1.3811654758957816,1.0101776756784655,0.6468424962717766,0.34365317279289903,0.7435528889602896,1.722979277763802,-0.7102266684440207,0.8768594557378216,0.2831028012669145,1.4624933239839086,0.5596406313378746,-1.0060181084889308,-1.0140993866100703,1
0.5618101592130117,-0.993932084149107,-0.6428626682314948,-1.02762575501898,-0.532098934295451,0.9578859753157553,-0.002563229361643179,0.6875481622004737,-1.5893676842392657,-1.10197128209058,-0.15116781035022395,-0.3045237341967879,-0.5520024445444762,0.02101228503522241,1.5890777763587678,-1.094526401978412,-0.002013697154064573,0.5596406313378746,0.9940178924830986,-1.0140993866100703,2
0.7034272678593609,-0.993932084149107,1.698100798893549,0.9829463743659811,0.38948397853494693,-1.0439655927422493,0.7140385276568528,0.6875481622004737,0.7276183974265381,-1.10197128209058,-0.31610813806459825,-0.13998697400223595,-1.5309620259650272,-1.493104186103387,-0.07276497175677328,-0.8649215347708576,-1.4665207182920377,-1.7868609675630667,0.9940178924830986,0.9860966422066364,0
1.0346285703387261,-0.993932084149107,0.9588491776961667,0.9829463743659811,-0.07130747788025202,0.9578859753157553,0.7691617397351987,1.3811654758957816,-0.03529165385366558,-1.539174726681169,-0.6459887934933469,0.0651204941854932,1.558662184901251,-0.6733419797439328,0.8768594557378216,0.9719174028895778,-0.9173305853652978,0.5596406313378746,0.9940178924830986,-1.0140993866100703,1
-1.3751464235628617,-0.993932084149107,0.9588491776961667,-1.02762575501898,-0.3017032060878515,0.9578859753157553,1.5408867088320406,1.0343568190481278,-1.2220406225117602,-0.22756439290940172,-0.9758694489220956,1.0816421222367663,1.7067790010027055,-1.6139015415961748,1.351671669485119,-0.4057118003557487,-0.5512038300808045,0.5596406313378746,-1.0060181084889308,0.9860966422066364,0
-0.03435218524984556,-0.993932084149107,-1.2589056858959802,-1.02762575501898,2.6934412606109417,0.9578859753157553,-1.4357667433986352,-0.3528778083424879,-0.8829694886094475,0.6468424962717766,1.333295139079145,0.22965725438004514,-0.9847812665909137,-1.4921820688858847,-0.5475771855040708,-1.3241312691859664,-0.002013697154064573,0.5596406313378746,0.9940178924830986,0.9860966422066364,0
0.2671552073520593,-0.993932084149107,1.574892195360652,-1.02762575501898,-0.9928903907106499,-1.0439655927422493,-0.16793286559668072,-0.006069151494834045,1.6318080878327055,0.6468424962717766,-1.635630759779593,2.1793051662743936,1.6928930494931942,1.4549045582511406,1.1142655626114704,-1.3241312691859664,1.4624933239839086,-1.7868609675630667,-1.0060181084889308,-1.0140993866100703,3
1.3726823135590436,-0.993932084149107,-1.2589056858959802,0.9829463743659811,1.7718583477805439,-1.0439655927422493,0.10768319479504852,0.6875481622004737,0.049476129621912605,-1.539174726681169,1.0034144836503964,-0.7530554503435802,0.6792185892988647,-0.9647310204746274,-1.0223893992513682,-1.3241312691859664,-0.18507707479631122,-1.7868609675630667,-1.0060181084889308,-1.0140993866100703,1
0.5526735715584086,1.016267636601896,-1.012488478830186,0.9829463743659811,-0.07130747788025202,0.9578859753157553,0.27305283103008604,0.34073950535281977,-1.250296550336953,0.2096390516811874,0.5085935005072734,-1.1925714536029999,0.6514466862798419,0.7568618246019765,-0.5475771855040708,-0.1761069331481943,0.9133031910571687,0.5596406313378746,0.9940178924830986,0.9860966422066364,2
-0.6350828235400044,1.016267636601896,-0.026819650567009547,0.9829463743659811,1.311066891365345,-1.0439655927422493,1.044777800126928,-0.6996864651901419,0.3320354078738399,0.6468424962717766,1.0034144836503964,-0.20535089243568808,-1.4592179431658852,0.7900580444320556,0.6394533488641729,0.053497934059360104,-0.7342672077230512,0.5596406313378746,0.9940178924830986,0.9860966422066364,2
0.13010639253301162,-0.993932084149107,-0.7660712717643918,0.9829463743659811,-0.9928903907106499,0.9578859753157553,-0.9947810467718684,-0.006069151494834045,-0.45913057123155654,0.2096390516811874,-1.14080977663647,0.3739086605780085,0.04740779561609765,-1.5069359443659198,-1.259795506125017,-1.094526401978412,-1.2834573406497911,0.5596406313378746,0.9940178924830986,0.9860966422066364,0
-0.10516073957302018,-0.993932084149107,-0.7660712717643918,-1.02762575501898,1.5414626195729444,-1.0439655927422493,-0.3333025018317183,-0.006069151494834045,0.7276183974265381,-1.539174726681169,1.6631757945078938,0.19134047460871112,1.1050544355905465,-1.4645185523608188,1.1142655626114704,1.8903368717197957,-1.2834573406497911,0.5596406313378746,-1.0060181084889308,0.9860966422066364,0
0.4613076950123768,-0.993932084149107,-2.7357805694826946e-16,0.9829463743659811,1.5414626195729444,0.9578859753157553,-1.6011363796336728,-1.3933037788854497,-0.6286661381827129,1.5212493854529547,1.1683548113647708,-0.153510543333295,-0.417771579952533,0.1777722120105961,0.8768594557378216,-0.4057118003557487,-0.7342672077230512,0.5596406313378746,-1.0060181084889308,0.9860966422066364,2
-1.649244053200957,-0.993932084149107,-0.15002825409990672,0.9829463743659811,-0.3017032060878515,0.9578859753157553,0.05255998271670267,1.0343568190481278,1.2079691704548146,-0.22756439290940172,-0.31610813806459825,0.03356549907968872,-0.6422611293563001,1.4567487926861449,1.1142655626114704,2.3495466061349046,-0.002013697154064573,0.5596406313378746,-1.0060181084889308,0.9860966422066364,3
-1.1216061161476236,1.016267636601896,0.2195975564987845,-1.02762575501898,-0.9928903907106499,0.9578859753157553,-0.2781792897533724,1.3811654758957816,0.2755235522234544,1.5212493854529547,-0.9758694489220956,-0.4397594275073785,0.7000475165631317,0.0016478234676762502,1.351671669485119,0.7423125356820234,-0.7342672077230512,0.5596406313378746,-1.0060181084889308,-1.0140993866100703,1
-0.25819858278762337,0.0,1.082057781229064,-1.02762575501898,-0.532098934295451,0.9578859753157553,-1.2152738950852517,-0.3528778083424879,0.5580828304753818,0.6468424962717766,-1.14080977663647,1.3025270879773976,0.8319640559034897,-0.06843308506249081,-1.259795506125017,0.053497934059360104,0.18104968048818207,0.5596406313378746,0.9940178924830986,0.9860966422066364,2
0.7605309407006308,-0.993932084149107,-1.135697082363083,-1.02762575501898,-0.9928903907106499,0.9578859753157553,1.430640284675349,-1.0464951220377958,0.47331504699980353,1.0840459408623657,-0.31610813806459825,1.0455792706872753,1.5864340879202736,0.3114792085484148,-0.07276497175677328,0.5127076684744689,-0.18507707479631122,0.5596406313378746,-1.0060181084889308,-1.0140993866100703,3
0.7536784999596784,-0.993932084149107,1.574892195360652,0.9829463743659811,2.9238369888185414,-1.0439655927422493,0.658915315578507,-0.6996864651901419,-0.8547135607842548,-0.22756439290940172,1.6631757945078938,-1.3526003573538654,1.5980057141781998,-0.7969056868892274,-0.7849832923777195,-0.8649215347708576,1.0963665686994153,0.5596406313378746,-1.0060181084889308,-1.0140993866100703,1
0.07071857277809097,1.016267636601896,-1.135697082363083,0.9829463743659811,-0.532098934295451,0.9578859753157553,-0.002563229361643179,-0.006069151494834045,-1.1090169112109893,1.0840459408623657,-0.6459887934933469,-0.7801025890056983,-0.9408090868107943,1.51760852904129,-1.7346077198723144,-0.6353166675633032,0.3641130581304287,0.5596406313378746,0.9940178924830986,-1.0140993866100703,3
1.4046603703501548,-0.993932084149107,1.8213094024264462,-1.02762575501898,-0.532098934295451,0.9578859753157553,-1.3255203192419436,-1.3933037788854497,-1.1090169112109893,0.2096390516811874,-0.8109291212077213,-0.3135394470841606,-1.4453319916563738,-0.2196603087328513,1.1142655626114704,-0.4057118003557487,1.6455567016261552,0.5596406313378746,0.9940178924830986,-1.0140993866100703,1
-1.4025561865266711,1.016267636601896,-0.3964454611657008,0.9829463743659811,0.15908825032734747,0.9578859753157553,-1.2152738950852517,-1.0464951220377958,1.2079691704548146,-0.22756439290940172,-0.31610813806459825,-0.022782706466390718,-0.94775206256555,1.1054221328178073,-0.7849832923777195,-1.094526401978412,-0.7342672077230512,0.5596406313378746,0.9940178924830986,0.9860966422066364,2
0.7719516752688848,-0.993932084149107,-1.2589056858959802,0.9829463743659811,-0.9928903907106499,0.9578859753157553,0.5486688914218153,-0.6996864651901419,1.6035521600075127,0.2096390516811874,-0.9758694489220956,0.901327864489312,1.1235690376032283,-0.059211912887468826,1.5890777763587678,0.053497934059360104,0.18104968048818207,0.5596406313378746,-1.0060181084889308,-1.0140993866100703,2
-1.6104135556688934,-0.993932084149107,-1.2589056858959802,0.9829463743659811,-0.9928903907106499,0.9578859753157553,-0.8845346226151768,1.7279741327434355,1.377504737405971,0.2096390516811874,-1.4706904320652185,-0.5682333361524396,-0.12153794774962394,1.661458814971633,0.8768594557378216,1.4311271373046865,1.6455567016261552,0.5596406313378746,-1.0060181084889308,-1.0140993866100703,3
-0.6693450272447663,-0.993932084149107,0.2195975564987845,0.9829463743659811,0.8502754349501459,0.9578859753157553,-0.38842571391006414,1.0343568190481278,0.07773205744710533,0.6468424962717766,0.838474155936022,0.011026216861256943,1.130512013357984,0.048675801560288355,-1.259795506125017,-0.1761069331481943,0.3641130581304287,0.5596406313378746,0.9940178924830986,0.9860966422066364,2
-1.2655073717076235,-0.993932084149107,-1.2589056858959802,-1.02762575501898,-0.532098934295451,-1.0439655927422493,-0.16793286559668072,1.0343568190481278,-1.3350643338125312,1.0840459408623657,0.013772517364150388,-0.47807620727871253,-1.3967311613730842,-1.2874720466003968,0.40204724199052416,0.5127076684744689,-1.2834573406497911,-1.7868609675630667,-1.0060181084889308,0.9860966422066364,0
1.62165432714698,-0.993932084149107,-0.2732368576328036,0.9829463743659811,-0.9928903907106499,-1.0439655927422493,-0.4986721380667558,-1.3933037788854497,-1.1090169112109893,0.2096390516811874,-1.4706904320652185,0.4370186507896175,-0.26734043859949325,0.32623308402844997,0.40204724199052416,0.5127076684744689,1.6455567016261552,0.5596406313378746,-1.0060181084889308,-1.0140993866100703,3
-0.6670608803311155,-0.993932084149107,-0.8892798752972889,0.9829463743659811,-0.9928903907106499,0.9578859753157553,-0.5537953501451016,-1.3933037788854497,1.6035521600075127,-1.10197128209058,0.5085935005072734,1.1965924615507681,-0.07293711746633416,0.6618837511992501,0.8768594557378216,1.4311271373046865,-1.6495840959342845,0.5596406313378746,-1.0060181084889308,-1.0140993866100703,2
-1.0005463297241315,1.016267636601896,0.8356405741632701,0.9829463743659811,-0.532098934295451,-1.0439655927422493,1.706256345067078,-0.3528778083424879,0.6993624696013454,1.0840459408623657,-0.9758694489220956,0.011026216861256943,-0.8621220282568967,-0.4677098402409426,1.1142655626114704,-0.4057118003557487,1.4624933239839086,-1.7868609675630667,-1.0060181084889308,0.9860966422066364,1
-1.2243927272619093,1.016267636601896,1.4516835918277553,-1.02762575501898,1.7718583477805439,0.9578859753157553,-0.11280965351833487,-0.6996864651901419,-0.7699457773086765,-1.539174726681169,1.6631757945078938,-0.9626707749749956,-0.4316575314620444,-0.6014168367787613,0.40204724199052416,0.2831028012669145,-0.7342672077230512,0.5596406313378746,-1.0060181084889308,-1.0140993866100703,0
-0.1691168531552424,1.016267636601896,1.082057781229064,-1.02762575501898,1.5414626195729444,-1.0439655927422493,0.49354567934346943,-1.0464951220377958,1.066689531328851,0.6468424962717766,0.34365317279289903,-0.1828116102172563,-0.9732096403329875,-1.2542758267703176,1.5890777763587678,1.4311271373046865,0.7302398134149221,0.5596406313378746,-1.0060181084889308,-1.0140993866100703,0
-0.35870104698825833,-0.993932084149107,-0.8892798752972889,-1.02762575501898,-0.9928903907106499,-1.0439655927422493,0.3281760431084319,-1.3933037788854497,1.6318080878327055,1.5212493854529547,-0.8109291212077213,0.7683460994005645,-0.14005254976230574,0.19621455636064006,-1.4972016129986656,-1.094526401978412,1.0963665686994153,-1.7868609675630667,0.9940178924830986,0.9860966422066364,2
-0.639651117367306,1.016267636601896,1.328474988294858,0.9829463743659811,2.4630455324033425,-1.0439655927422493,-0.6640417743017933,1.7279741327434355,-1.5893676842392657,-0.22756439290940172,1.4982354667935194,-0.18957339488278585,0.8782505609351942,1.6974213864542187,0.8768594557378216,-1.094526401978412,-0.9173305853652978,0.5596406313378746,-1.0060181084889308,-1.0140993866100703,3
0.6006406567450752,1.016267636601896,-0.3964454611657008,-1.02762575501898,-0.9928903907106499,-1.0439655927422493,1.2101474363619655,-1.0464951220377958,-0.06354758167885831,0.2096390516811874,0.34365317279289903,-1.3075217929170018,-1.5355906764681977,1.4466055032936207,1.1142655626114704,1.8903368717197957,0.9133031910571687,0.5596406313378746,0.9940178924830986,-1.0140993866100703,3
0.3219747332796783,1.016267636601896,0.7124319706303729,0.9829463743659811,-0.7624946625030504,0.9578859753157553,-1.546013167555327,1.0343568190481278,-1.3633202616377238,-0.6647678374999909,0.5085935005072734,-0.5073772741626739,-1.7392512986076978,-1.223845958592745,0.16464113511687545,-0.8649215347708576,0.7302398134149221,0.5596406313378746,0.9940178924830986,-1.0140993866100703,0
0.06158198512348779,-0.993932084149107,-1.2589056858959802,-1.02762575501898,-0.9928903907106499,0.9578859753157553,-1.490889955476981,-1.3933037788854497,-1.2785524781621458,0.6468424962717766,-0.15116781035022395,1.6225848954791287,1.0333103527914045,-0.4031616350157887,-0.310171078630422,-1.3241312691859664,1.279429946341662,0.5596406313378746,-1.0060181084889308,-1.0140993866100703,2
1.5873921234422184,1.016267636601896,1.328474988294858,0.9829463743659811,-0.9928903907106499,0.9578859753157553,0.7691617397351987,-1.3933037788854497,-1.052505055560604,-1.539174726681169,1.1683548113647708,-0.05884555801588156,0.10989457740889878,0.7522512385144655,0.16464113511687545,0.7423125356820234,-1.6495840959342845,0.5596406313378746,0.9940178924830986,0.9860966422066364,3
1.5211518629463452,1.016267636601896,-1.2589056858959802,-1.02762575501898,-0.3017032060878515,0.9578859753157553,-1.4357667433986352,-0.006069151494834045,0.3037794800486472,-1.539174726681169,-0.8109291212077213,0.45955793300804926,-0.8181498484767773,-0.5341022799011008,-0.7849832923777195,-0.1761069331481943,-0.18507707479631122,0.5596406313378746,0.9940178924830986,-1.0140993866100703,1
1.3521249913361866,-0.993932084149107,-0.15002825409990672,0.9829463743659811,-0.532098934295451,-1.0439655927422493,0.6037921035001611,1.3811654758957816,0.2755235522234544,0.2096390516811874,-0.8109291212077213,-0.07687698379062698,0.2996692480388874,1.5766240309614308,1.1142655626114704,0.2831028012669145,0.3641130581304287,0.5596406313378746,0.9940178924830986,0.9860966422066364,3
-1.4687964470225443,-0.993932084149107,-0.15002825409990672,-1.02762575501898,0.8502754349501459,-1.0439655927422493,0.7691617397351987,0.34073950535281977,0.6993624696013454,-1.539174726681169,1.333295139079145,0.6939664680797397,-0.6191178768404477,0.35113024890100936,0.6394533488641729,-0.4057118003557487,0.7302398134149221,0.5596406313378746,0.9940178924830986,-1.0140993866100703,1
0.7376894715641229,1.016267636601896,-0.2732368576328036,0.9829463743659811,-0.7624946625030504,0.9578859753157553,-1.3806435313202894,-1.0464951220377958,1.4057606652311636,0.2096390516811874,0.838474155936022,-0.0070052089134884764,0.6514466862798419,0.10953553791543343,-0.07276497175677328,0.9719174028895778,-0.9173305853652978,0.5596406313378746,-1.0060181084889308,-1.0140993866100703,2
0.5732308937812657,1.016267636601896,-1.2589056858959802,0.9829463743659811,-0.07130747788025202,0.9578859753157553,1.761379557145424,-0.6996864651901419,0.2755235522234544,1.5212493854529547,-0.31610813806459825,1.739789163014974,0.49175824392046125,1.3608486020659163,1.1142655626114704,0.7423125356820234,-0.7342672077230512,0.5596406313378746,0.9940178924830986,0.9860966422066364,3
0.6486077419317419,1.016267636601896,1.082057781229064,-1.02762575501898,0.15908825032734747,0.9578859753157553,1.375517072597003,-1.0464951220377958,-0.6569220660079056,-1.10197128209058,-0.6459887934933469,-0.8973068565415435,-1.648992613795874,1.702954089759232,1.351671669485119,1.4311271373046865,-0.18507707479631122,0.5596406313378746,0.9940178924830986,0.9860966422066364,3
-1.3682939828219094,-0.993932084149107,-1.135697082363083,-1.02762575501898,-0.9928903907106499,-1.0439655927422493,-0.6640417743017933,-1.3933037788854497,0.6428506139509599,-0.22756439290940172,0.838474155936022,0.1462619101718476,-0.1678244527813285,0.6637279856342545,-1.259795506125017,-0.1761069331481943,1.279429946341662,0.5596406313378746,0.9940178924830986,-1.0140993866100703,2
0.6554601826726942,-0.993932084149107,0.7124319706303729,-1.02762575501898,-0.7624946625030504,0.9578859753157553,-0.4986721380667558,-1.0464951220377958,-0.6569220660079056,1.0840459408623657,-0.31610813806459825,0.164293335946593,-1.1583556604598058,0.09478166243539826,1.351671669485119,0.9719174028895778,-1.4665207182920377,0.5596406313378746,0.9940178924830986,-1.0140993866100703,2
1.713020203693012,-0.993932084149107,1.205266384761961,0.9829463743659811,-0.9928903907106499,0.9578859753157553,0.49354567934346943,1.0343568190481278,-1.3068084059873384,-0.6647678374999909,0.5085935005072734,1.0252939166906867,0.5681309772227737,-0.4234482138008371,1.1142655626114704,0.7423125356820234,0.18104968048818207,0.5596406313378746,0.9940178924830986,0.9860966422066364,2
0.15751615549682113,-0.993932084149107,0.46601476356457855,-1.02762575501898,-0.9928903907106499,0.9578859753157553,1.5960099209103864,0.6875481622004737,-0.9677372720850257,-0.6647678374999909,-0.4810484657789726,-1.321045362248061,-0.0845087437242603,1.1349298837778778,0.6394533488641729,-0.8649215347708576,-1.2834573406497911,0.5596406313378746,-1.0060181084889308,0.9860966422066364,3
-1.4391025371450838,-0.993932084149107,-1.2589056858959802,-1.02762575501898,-0.3017032060878515,-1.0439655927422493,-0.3333025018317183,-0.6996864651901419,-1.3350643338125312,-0.22756439290940172,-0.9758694489220956,0.660157544752092,1.6118916656877111,-0.23810265308289527,-0.310171078630422,0.9719174028895778,0.5471764357726754,0.5596406313378746,0.9940178924830986,0.9860966422066364,1
1.5211518629463452,-0.993932084149107,-1.135697082363083,0.9829463743659811,1.0806711631577455,0.9578859753157553,0.2179296189517402,-0.3528778083424879,-0.6004102103575202,-0.6647678374999909,1.6631757945078938,0.405463655683813,0.672275613544109,-0.772008522016668,0.16464113511687545,-0.4057118003557487,0.9133031910571687,0.5596406313378746,-1.0060181084889308,-1.0140993866100703,1
1.0597541863888849,1.016267636601896,-1.2589056858959802,-1.02762575501898,-0.9928903907106499,0.9578859753157553,-0.5537953501451016,0.34073950535281977,1.462272520881549,-1.539174726681169,-1.635630759779593,-0.8094036558896596,-0.03822223869255576,-0.9942387714346977,-1.7346077198723144,-0.4057118003557487,0.3641130581304287,0.5596406313378746,-1.0060181084889308,0.9860966422066364,0
0.47044428266697996,1.016267636601896,1.082057781229064,0.9829463743659811,0.6198797067425464,0.9578859753157553,-0.6640417743017933,-0.3528778083424879,0.9254098922028873,1.0840459408623657,0.838474155936022,1.4152234990695565,0.21635353898181922,-0.6300024705213295,-1.259795506125017,-0.4057118003557487,0.3641130581304287,0.5596406313378746,0.9940178924830986,0.9860966422066364,1
-0.34728031242000434,-0.993932084149107,-0.2732368576328036,-1.02762575501898,-0.9928903907106499,0.9578859753157553,-0.8845346226151768,-0.6996864651901419,0.7276183974265381,-0.6647678374999909,-0.15116781035022395,-0.789118301893071,-1.5332763512166125,-1.3225125008654803,0.40204724199052416,0.053497934059360104,-0.9173305853652978,0.5596406313378746,-1.0060181084889308,0.9860966422066364,0
-1.2974854284987347,-0.993932084149107,-0.7660712717643918,0.9829463743659811,1.311066891365345,-1.0439655927422493,-0.11280965351833487,0.6875481622004737,-0.9959931999102184,1.0840459408623657,1.1683548113647708,0.46631971767357877,-0.1608814770265728,0.3502081316835072,-1.4972016129986656,-0.4057118003557487,0.7302398134149221,0.5596406313378746,-1.0060181084889308,-1.0140993866100703,2
0.5321162493355514,1.016267636601896,0.9588491776961667,-1.02762575501898,0.38948397853494693,-1.0439655927422493,1.5960099209103864,-1.3933037788854497,0.7841302530769236,0.6468424962717766,1.4982354667935194,0.1462619101718476,-0.4617437597326523,0.5097344103113874,1.5890777763587678,2.1199417389273503,-0.5512038300808045,0.5596406313378746,-1.0060181084889308,-1.0140993866100703,2
-1.0827756186155602,-0.993932084149107,-1.2589056858959802,0.9829463743659811,-0.9928903907106499,0.9578859753157553,0.8242849518135446,-0.6996864651901419,-0.7134339216582911,1.5212493854529547,-1.4706904320652185,1.4242392119569292,0.4107568601149783,0.10953553791543343,-0.310171078630422,0.2831028012669145,-1.2834573406497911,0.5596406313378746,-1.0060181084889308,0.9860966422066364,2
0.9204212246561864,-0.993932084149107,-1.2589056858959802,0.9829463743659811,2.6934412606109417,0.9578859753157553,-1.3255203192419436,-0.6996864651901419,0.8688980365525018,0.6468424962717766,1.1683548113647708,-1.1632703867190384,-0.876007979766408,0.7928243960845622,0.16464113511687545,-0.4057118003557487,1.0963665686994153,0.5596406313378746,-1.0060181084889308,0.9860966422066364,2
0.059297838209836994,-0.993932084149107,-0.026819650567009547,-1.02762575501898,0.6198797067425464,-1.0439655927422493,0.9345313759702363,0.6875481622004737,1.1797132426296217,0.2096390516811874,1.0034144836503964,0.10118334573498404,-0.9616380140750614,-0.7028497307040031,-1.7346077198723144,-1.3241312691859664,0.18104968048818207,-1.7868609675630667,-1.0060181084889308,0.9860966422066364,1
-1.3134744568942902,1.016267636601896,-0.5196540646985977,0.9829463743659811,-0.7624946625030504,0.9578859753157553,1.044777800126928,-1.3933037788854497,-0.8547135607842548,1.0840459408623657,-0.9758694489220956,0.125976556175259,0.5241587974426545,1.38759000137348,1.5890777763587678,2.1199417389273503,-0.9173305853652978,0.5596406313378746,0.9940178924830986,0.9860966422066364,3
0.08670760117364652,1.016267636601896,-1.2589056858959802,0.9829463743659811,-0.9928903907106499,0.9578859753157553,0.16280640687339437,-0.3528778083424879,0.049476129621912605,0.6468424962717766,-0.6459887934933469,-0.7575633067872666,0.4825009429141203,1.3230417961483263,1.351671669485119,2.579151473342459,-0.9173305853652978,0.5596406313378746,0.9940178924830986,-1.0140993866100703,3
0.35623693698444026,-0.993932084149107,0.3428061600316817,0.9829463743659811,-0.9928903907106499,-1.0439655927422493,-0.4986721380667558,-1.3933037788854497,-0.826457632959062,-0.6647678374999909,-1.4706904320652185,-0.9739404160842116,-1.264814622032726,0.41198998525615443,-0.310171078630422,-1.3241312691859664,0.3641130581304287,0.5596406313378746,-1.0060181084889308,0.9860966422066364,2
0.6851540925501546,1.016267636601896,1.328474988294858,-1.02762575501898,-0.9928903907106499,-1.0439655927422493,0.49354567934346943,-1.3933037788854497,0.5298269026501891,1.5212493854529547,-1.635630759779593,1.052341055352805,0.9592519447406771,-0.015872403664865514,0.6394533488641729,0.7423125356820234,-0.18507707479631122,0.5596406313378746,-1.0060181084889308,0.9860966422066364,2
-0.4340778951387345,1.016267636601896,0.8356405741632701,-1.02762575501898,1.0806711631577455,-1.0439655927422493,1.706256345067078,-0.006069151494834045,-0.1483153651544365,0.2096390516811874,1.1683548113647708,-1.005495411190016,-0.40388562844302167,-1.0163695846547505,-0.310171078630422,-0.6353166675633032,0.3641130581304287,-1.7868609675630667,-1.0060181084889308,-1.0140993866100703,0
1.3429884036815833,-0.993932084149107,0.2195975564987845,-1.02762575501898,-0.07130747788025202,0.9578859753157553,0.38329925518677777,-0.006069151494834045,-0.3461068599307856,0.2096390516811874,1.0034144836503964,-1.3300610751354336,-0.5358021677833796,0.6637279856342545,0.40204724199052416,0.7423125356820234,-0.18507707479631122,0.5596406313378746,0.9940178924830986,-1.0140993866100703,2
-0.7675633445317505,-0.993932084149107,-0.6428626682314948,0.9829463743659811,-0.9928903907106499,0.9578859753157553,0.9896545880485821,-0.3528778083424879,-1.3915761894629166,-1.539174726681169,-1.635630759779593,1.3183045855302997,-0.03822223869255576,-1.3031480392979342,-0.7849832923777195,-0.1761069331481943,-0.18507707479631122,0.5596406313378746,0.9940178924830986,-1.0140993866100703,0
1.7084519098657103,1.016267636601896,-1.2589056858959802,-1.02762575501898,-0.3017032060878515,0.9578859753157553,1.1550242242836197,1.7279741327434355,1.1514573148044291,-0.6647678374999909,-0.4810484657789726,0.9171053620422143,0.6121031570028931,0.9154659860123546,1.351671669485119,-0.1761069331481943,-0.5512038300808045,0.5596406313378746,0.9940178924830986,0.9860966422066364,3
-0.19424246920540114,-0.993932084149107,-0.3964454611657008,0.9829463743659811,-0.9928903907106499,0.9578859753157553,0.9345313759702363,-1.0464951220377958,1.1514573148044291,1.5212493854529547,-1.3057501043508444,-0.23465195931964938,0.5727596277259442,-1.0569427422248472,-1.7346077198723144,-0.6353166675633032,-0.7342672077230512,0.5596406313378746,-1.0060181084889308,0.9860966422066364,0
0.22147226907904338,-0.993932084149107,-0.7660712717643918,-1.02762575501898,0.15908825032734747,0.9578859753157553,-0.8294114105368309,-1.0464951220377958,1.5187843765319347,0.2096390516811874,-0.15116781035022395,-1.3300610751354336,-1.5471623027261239,-0.23533630143038867,0.16464113511687545,-1.094526401978412,0.9133031910571687,0.5596406313378746,0.9940178924830986,0.9860966422066364,1
1.4777530715869802,-0.993932084149107,-1.2589056858959802,0.0,-0.9928903907106499,0.9578859753157553,-0.44354892598840995,-0.3528778083424879,-0.7982017051338693,-0.6647678374999909,-1.4706904320652185,0.36940080413432214,1.6350349182035635,-0.8715971815069053,0.8768594557378216,0.2831028012669145,1.6455567016261552,0.5596406313378746,-1.0060181084889308,0.9860966422066364,1
0.7125638555139641,-0.993932084149107,-0.5196540646985977,-1.02762575501898,-0.07130747788025202,-1.0439655927422493,1.044777800126928,-1.3933037788854497,-1.4763439729384948,0.2096390516811874,-0.6459887934933469,2.463300122226634,1.7206649525122168,1.5858452031364527,-0.310171078630422,0.5127076684744689,-1.2834573406497911,-1.7868609675630667,0.9940178924830986,-1.0140993866100703,3
-0.8886231309552426,1.016267636601896,0.09638895296588762,0.9829463743659811,0.38948397853494693,0.9578859753157553,-0.16793286559668072,-0.006069151494834045,-0.20482722080482196,0.2096390516811874,1.4982354667935194,-0.5434401257121647,-1.4106171128825955,-1.4119578709631935,1.5890777763587678,2.579151473342459,-0.18507707479631122,0.5596406313378746,-1.0060181084889308,0.9860966422066364,0
-1.3226110445488934,-0.993932084149107,-1.2589056858959802,-1.02762575501898,0.15908825032734747,0.9578859753157553,0.4384224672651236,-0.006069151494834045,-0.826457632959062,-1.10197128209058,0.013772517364150388,-0.8634979332138959,-0.17013877803291372,-1.4165684570507044,-1.4972016129986656,-0.1761069331481943,1.279429946341662,0.5596406313378746,0.9940178924830986,0.9860966422066364,0
-0.03206803833619477,1.016267636601896,0.7124319706303729,0.9829463743659811,0.8502754349501459,-1.0439655927422493,-1.0499042588502143,-0.006069151494834045,-0.6851779938330984,-0.22756439290940172,0.34365317279289903,0.25670439304216325,0.3528987288253476,1.578468265396435,-0.07276497175677328,1.2015222700971322,-0.002013697154064573,-1.7868609675630667,-1.0060181084889308,-1.0140993866100703,3
0.4864333110625355,1.016267636601896,-1.2589056858959802,0.9829463743659811,-0.7624946625030504,0.9578859753157553,-0.38842571391006414,1.3811654758957816,-0.48738649905674925,0.6468424962717766,0.17871284507852472,-1.3593621420193949,-0.4895156627516751,0.5023574725713699,-0.07276497175677328,0.9719174028895778,0.3641130581304287,0.5596406313378746,-1.0060181084889308,-1.0140993866100703,2
1.0209236888568214,1.016267636601896,1.574892195360652,0.9829463743659811,-0.3017032060878515,-1.0439655927422493,0.3281760431084319,-1.3933037788854497,0.7276183974265381,-0.22756439290940172,-0.9758694489220956,-0.559217623265067,0.46630066615302374,0.7688493484295051,0.40204724199052416,1.2015222700971322,-1.6495840959342845,-1.7868609675630667,-1.0060181084889308,-1.0140993866100703,3
0.90214804934698,1.016267636601896,-0.15002825409990672,-1.02762575501898,-0.7624946625030504,0.9578859753157553,-0.8294114105368309,-1.0464951220377958,1.688319943483091,-1.10197128209058,-0.8109291212077213,0.7187596785200147,0.9847095225081146,0.8361639053071656,-0.310171078630422,0.053497934059360104,-0.9173305853652978,0.5596406313378746,0.9940178924830986,0.9860966422066364,3
1.0711749209571388,1.016267636601896,1.082057781229064,0.9829463743659811,3.1542327170261406,0.9578859753157553,0.9345313759702363,-1.3933037788854497,-0.8829694886094475,-1.539174726681169,1.4982354667935194,-0.928861851647348,-1.699907769330749,1.1653597519554504,-1.4972016129986656,-0.4057118003557487,0.9133031910571687,0.5596406313378746,0.9940178924830986,0.9860966422066364,3
-0.20109490994635354,1.016267636601896,1.698100798893549,0.9829463743659811,-0.9928903907106499,-1.0439655927422493,-0.05768644143998903,0.34073950535281977,-0.3461068599307856,1.5212493854529547,-1.4706904320652185,0.8494875153869189,0.713933468072643,0.233099245060728,1.351671669485119,0.5127076684744689,0.3641130581304287,-1.7868609675630667,0.9940178924830986,-1.0140993866100703,2
0.7742358221825355,-0.993932084149107,0.46601476356457855,0.9829463743659811,-0.532098934295451,0.9578859753157553,0.27305283103008604,-1.3933037788854497,-0.06354758167885831,-0.22756439290940172,1.4982354667935194,-0.5276626281592625,-0.059051165956822804,0.30779073967840603,1.5890777763587678,2.3495466061349046,-1.4665207182920377,0.5596406313378746,-1.0060181084889308,0.9860966422066364,2
1.0277761295977736,-0.993932084149107,0.3428061600316817,-1.02762575501898,2.9238369888185414,-1.0439655927422493,-0.44354892598840995,-0.6996864651901419,-0.37436278775597837,-0.6647678374999909,1.333295139079145,0.6962203963015828,-0.11922362249803871,0.591802842669083,-1.259795506125017,-0.8649215347708576,-0.7342672077230512,-1.7868609675630667,0.9940178924830986,0.9860966422066364,3
0.5686625999539641,-0.993932084149107,-1.2589056858959802,-1.02762575501898,-0.7624946625030504,-1.0439655927422493,0.38329925518677777,1.0343568190481278,-0.7982017051338693,0.2096390516811874,-0.6459887934933469,1.9899751956395666,0.9152797649605579,0.8573726013097162,0.40204724199052416,0.9719174028895778,1.4624933239839086,-1.7868609675630667,-1.0060181084889308,-1.0140993866100703,3
0.16893689006507512,1.016267636601896,0.3428061600316817,0.9829463743659811,-0.07130747788025202,-1.0439655927422493,-1.2703971071635978,-0.3528778083424879,-0.9959931999102184,-1.539174726681169,-0.6459887934933469,-0.5163929870500465,0.13072350467316582,1.536972990608836,-0.310171078630422,0.9719174028895778,-0.9173305853652978,-1.7868609675630667,0.9940178924830986,0.9860966422066364,3
1.0871639493526943,-0.993932084149107,-0.6428626682314948,0.9829463743659811,-0.07130747788025202,0.9578859753157553,-0.05768644143998903,-0.006069151494834045,-1.6176236120644585,1.5212493854529547,1.1683548113647708,-0.016020921800861187,0.8412213569098306,-1.3824501200031232,1.1142655626114704,0.053497934059360104,0.3641130581304287,0.5596406313378746,-1.0060181084889308,-1.0140993866100703,0
0.46359184192602754,-0.993932084149107,-0.6428626682314948,0.9829463743659811,-0.9928903907106499,-1.0439655927422493,-0.2781792897533724,-1.3933037788854497,1.462272520881549,-0.6647678374999909,1.4982354667935194,-0.9333697080910344,-1.3064724765612603,0.09478166243539826,-1.4972016129986656,-0.1761069331481943,1.6455567016261552,0.5596406313378746,0.9940178924830986,-1.0140993866100703,1
-1.6241184371507982,-0.993932084149107,0.2195975564987845,-1.02762575501898,1.7718583477805439,0.9578859753157553,-1.4357667433986352,1.0343568190481278,0.049476129621912605,-1.10197128209058,0.838474155936022,-0.16027232799882454,-1.4221887391405217,1.0436402792451602,-0.7849832923777195,0.5127076684744689,-0.9173305853652978,0.5596406313378746,0.9940178924830986,-1.0140993866100703,2
0.6486077419317419,1.016267636601896,0.3428061600316817,-1.02762575501898,0.38948397853494693,0.9578859753157553,-1.160150683006906,-1.3933037788854497,-0.3178509321055929,-1.539174726681169,-0.31610813806459825,-1.1204457505040182,0.8203924296455635,-1.306836508167943,1.5890777763587678,0.5127076684744689,1.4624933239839086,0.5596406313378746,0.9940178924830986,-1.0140993866100703,0
-0.24220955439206782,-0.993932084149107,-0.15002825409990672,-1.02762575501898,-0.3017032060878515,-1.0439655927422493,0.5486688914218153,-1.3933037788854497,1.6600640156578983,0.2096390516811874,0.34365317279289903,0.19134047460871112,0.6745899387956942,-0.6152485950412943,1.351671669485119,1.4311271373046865,1.6455567016261552,0.5596406313378746,-1.0060181084889308,0.9860966422066364,1
1.0940163900936468,1.016267636601896,1.205266384761961,0.9829463743659811,2.2326498041957428,0.9578859753157553,-1.4357667433986352,-1.3933037788854497,1.2079691704548146,0.2096390516811874,1.0034144836503964,-0.1828116102172563,-0.6283751778467886,1.503776770778757,-1.259795506125017,-1.094526401978412,-0.5512038300808045,0.5596406313378746,0.9940178924830986,0.9860966422066364,3
0.20776738759713861,-0.993932084149107,-1.2589056858959802,-1.02762575501898,-0.9928903907106499,-1.0439655927422493,0.3281760431084319,1.7279741327434355,1.2079691704548146,1.0840459408623657,-1.4706904320652185,1.4535402788408904,0.438528763134001,-0.36074424301068764,-0.7849832923777195,-1.3241312691859664,-0.002013697154064573,0.5596406313378746,-1.0060181084889308,0.9860966422066364,1
1.2790322900993611,1.016267636601896,-1.2589056858959802,-1.02762575501898,-0.9928903907106499,-1.0439655927422493,0.9345313759702363,-0.3528778083424879,-0.939481344259833,-0.22756439290940172,-1.3057501043508444,-0.02954449113192025,0.30429789854205785,-1.2948489843404143,-0.07276497175677328,-0.8649215347708576,-0.002013697154064573,0.5596406313378746,0.9940178924830986,0.9860966422066364,0
-1.3842830112174649,1.016267636601896,0.8356405741632701,-1.02762575501898,-0.9928903907106499,0.9578859753157553,0.9345313759702363,-1.3933037788854497,-0.03529165385366558,1.5212493854529547,-1.4706904320652185,-0.2616990979817675,-0.5612597455508171,1.3239639133658283,-0.310171078630422,-1.094526401978412,0.9133031910571687,0.5596406313378746,0.9940178924830986,0.9860966422066364,2
-1.1764256420752426,-0.993932084149107,1.4516835918277553,0.9829463743659811,-0.9928903907106499,-1.0439655927422493,0.658915315578507,-0.006069151494834045,1.3209928817555854,1.0840459408623657,-1.635630759779593,1.4152234990695565,1.1629125668801772,0.1722395087055829,-1.259795506125017,0.053497934059360104,-0.7342672077230512,0.5596406313378746,-1.0060181084889308,-1.0140993866100703,2
-0.9525792445374648,1.016267636601896,-1.2589056858959802,-1.02762575501898,-0.9928903907106499,0.9578859753157553,1.044777800126928,-0.6996864651901419,0.47331504699980353,0.6468424962717766,1.6631757945078938,0.04934299663259096,-0.9060942080370159,1.587689437571457,-0.5475771855040708,-1.094526401978412,-1.4665207182920377,0.5596406313378746,-1.0060181084889308,-1.0140993866100703,3
1.5508457728238056,-0.993932084149107,0.46601476356457855,-1.02762575501898,-0.532098934295451,-1.0439655927422493,-1.2152738950852517,0.34073950535281977,-0.8547135607842548,0.2096390516811874,0.013772517364150388,1.1830688922197092,0.6745899387956942,-0.3754981184907228,-1.259795506125017,-1.094526401978412,0.9133031910571687,0.5596406313378746,0.9940178924830986,0.9860966422066364,2
1.4891738061552342,-0.993932084149107,1.574892195360652,-1.02762575501898,0.6198797067425464,0.9578859753157553,0.27305283103008604,-0.3528778083424879,-0.3178509321055929,1.0840459408623657,0.6735338282216478,-1.0731132578453113,-0.3321415456438796,1.4567487926861449,-1.0223893992513682,0.053497934059360104,-0.002013697154064573,0.5596406313378746,-1.0060181084889308,-1.0140993866100703,3
0.30598570488412274,1.016267636601896,-0.6428626682314948,0.9829463743659811,-0.532098934295451,-1.0439655927422493,0.9896545880485821,-1.0464951220377958,-0.37436278775597837,1.0840459408623657,0.34365317279289903,-1.2173646640432747,-1.3388730300834535,1.545272045566356,-1.0223893992513682,-0.6353166675633032,0.5471764357726754,0.5596406313378746,-1.0060181084889308,-1.0140993866100703,3
-0.861213367991433,1.016267636601896,-0.8892798752972889,0.9829463743659811,-0.3017032060878515,-1.0439655927422493,-0.4986721380667558,-0.3528778083424879,0.6993624696013454,-1.10197128209058,0.838474155936022,0.3333379525848313,1.172169867886518,-1.702424794476386,0.8768594557378216,-0.6353166675633032,-0.002013697154064573,-1.7868609675630667,-1.0060181084889308,0.9860966422066364,0
0.07757101351904334,-0.993932084149107,-0.6428626682314948,-1.02762575501898,-0.3017032060878515,0.9578859753157553,0.8794081638918904,-0.3528778083424879,-1.1655287668613747,-0.22756439290940172,0.838474155936022,-0.34960229863365144,-0.8459217514958001,-0.32939225761561286,1.351671669485119,2.1199417389273503,-0.002013697154064573,0.5596406313378746,0.9940178924830986,-1.0140993866100703,1
-0.6442194111946076,1.016267636601896,1.205266384761961,-1.02762575501898,-0.07130747788025202,-1.0439655927422493,-1.3806435313202894,1.0343568190481278,-0.939481344259833,0.2096390516811874,0.013772517364150388,1.2529406670968477,0.5403590742037511,-0.25654499743293924,-0.07276497175677328,-0.1761069331481943,-0.7342672077230512,0.5596406313378746,-1.0060181084889308,0.9860966422066364,1
0.8633175518149165,1.016267636601896,-0.2732368576328036,0.9829463743659811,-0.3017032060878515,0.9578859753157553,-0.11280965351833487,0.6875481622004737,-0.9959931999102184,-1.10197128209058,-0.9758694489220956,-0.8995607847633867,-0.49414431325484554,-1.1943382076326747,-0.7849832923777195,-1.3241312691859664,-0.18507707479631122,0.5596406313378746,-1.0060181084889308,-1.0140993866100703,0
-0.7904048136682584,-0.993932084149107,1.205266384761961,0.9829463743659811,-0.9928903907106499,-1.0439655927422493,1.2652706484403113,0.34073950535281977,1.2079691704548146,-1.10197128209058,-1.4706904320652185,-0.5141390588282034,-0.7070622364006864,0.7946686305195666,-1.259795506125017,-1.094526401978412,-0.9173305853652978,-1.7868609675630667,0.9940178924830986,0.9860966422066364,2
-0.06633024204095668,-0.993932084149107,-1.2589056858959802,-1.02762575501898,-0.9928903907106499,-1.0439655927422493,1.706256345067078,-1.3933037788854497,-1.3350643338125312,0.2096390516811874,-1.635630759779593,1.1988463897726114,0.4871295934172908,0.24877523775826535,1.1142655626114704,0.7423125356820234,-0.7342672077230512,-1.7868609675630667,-1.0060181084889308,-1.0140993866100703,2
-1.2129719926936553,1.016267636601896,1.4516835918277553,0.9829463743659811,-0.9928903907106499,0.9578859753157553,1.706256345067078,1.7279741327434355,1.5470403043571272,1.5212493854529547,-0.4810484657789726,-1.2782207260330405,-1.3828452098635728,0.04129886382027077,-1.4972016129986656,-0.1761069331481943,-0.7342672077230512,0.5596406313378746,0.9940178924830986,0.9860966422066364,1
-0.9228853346600044,-0.993932084149107,-0.5196540646985977,0.9829463743659811,-0.532098934295451,-1.0439655927422493,-1.3806435313202894,-1.0464951220377958,-1.1090169112109893,-0.22756439290940172,-0.4810484657789726,-0.7260083116814621,0.8157637791423931,-0.869752947071901,0.16464113511687545,-0.1761069331481943,0.7302398134149221,0.5596406313378746,0.9940178924830986,0.9860966422066364,0
0.4818650172352339,1.016267636601896,1.4516835918277553,0.9829463743659811,1.0806711631577455,-1.0439655927422493,-0.7191649863801393,0.34073950535281977,-0.26133907645520743,-1.539174726681169,1.1683548113647708,0.13950012550631805,1.4591461990830863,-1.428555980878233,0.6394533488641729,0.7423125356820234,0.18104968048818207,-1.7868609675630667,-1.0060181084889308,-1.0140993866100703,0
-0.6076730605761949,1.016267636601896,-0.026819650567009547,-1.02762575501898,0.15908825032734747,0.9578859753157553,1.375517072597003,-1.0464951220377958,1.4057606652311636,1.0840459408623657,1.0034144836503964,-0.4239819299544763,1.3064007324784612,0.7863695755620469,-1.4972016129986656,-0.4057118003557487,-1.6495840959342845,0.5596406313378746,-1.0060181084889308,-1.0140993866100703,2
-1.4573757124542903,0.0,-0.15002825409990672,-1.02762575501898,-0.07130747788025202,0.9578859753157553,-1.546013167555327,-1.3933037788854497,0.38854726352422536,-0.22756439290940172,0.5085935005072734,-0.6516286803606371,-1.1259551069376126,-1.4682070212308276,-0.07276497175677328,0.5127076684744689,-0.18507707479631122,0.5596406313378746,0.9940178924830986,0.9860966422066364,0
-1.6720855223374649,1.016267636601896,-1.2589056858959802,0.9829463743659811,-0.7624946625030504,-1.0439655927422493,-0.002563229361643179,-0.006069151494834045,0.021220201796719875,1.0840459408623657,0.17871284507852472,0.6556496883084056,0.3390127773158363,-0.38932987675325575,1.1142655626114704,-1.3241312691859664,-1.1003939630075446,0.5596406313378746,0.9940178924830986,0.9860966422066364,1
-1.5418891482593697,-0.993932084149107,0.3428061600316817,0.9829463743659811,-0.9928903907106499,0.9578859753157553,1.044777800126928,-0.006069151494834045,0.7841302530769236,-0.6647678374999909,-1.4706904320652185,0.6015554109841694,1.6859500737384385,-0.9684194893446362,0.40204724199052416,0.5127076684744689,0.7302398134149221,0.5596406313378746,0.9940178924830986,-1.0140993866100703,0
0.7308370308231704,1.016267636601896,0.09638895296588762,0.9829463743659811,0.38948397853494693,0.9578859753157553,-1.4357667433986352,-0.006069151494834045,0.6145946861257672,0.6468424962717766,1.1683548113647708,-1.0505739756268795,0.7116191428210579,1.1321635321253711,-0.7849832923777195,-1.094526401978412,-1.4665207182920377,0.5596406313378746,0.9940178924830986,0.9860966422066364,3
-1.1079012346657189,-0.993932084149107,-1.2589056858959802,0.9829463743659811,0.6198797067425464,0.9578859753157553,1.4857634967536948,0.6875481622004737,1.066689531328851,1.0840459408623657,0.013772517364150388,2.859991489271033,1.5656051606560066,-1.0117589985672395,-1.4972016129986656,-0.6353166675633032,-1.1003939630075446,0.5596406313378746,-1.0060181084889308,-1.0140993866100703,1
-1.1672890544206393,-0.993932084149107,1.4516835918277553,0.9829463743659811,-0.9928903907106499,-1.0439655927422493,-0.38842571391006414,-1.0464951220377958,-1.4763439729384948,-0.22756439290940172,-1.4706904320652185,-0.26846088264729706,0.642189385273501,-0.07857637445501499,-1.7346077198723144,-1.094526401978412,0.18104968048818207,0.5596406313378746,0.9940178924830986,0.9860966422066364,1
0.4384662258758688,1.016267636601896,-1.2589056858959802,-1.02762575501898,-0.9928903907106499,0.9578859753157553,1.3203938605186571,0.34073950535281977,1.4340165930563564,-1.539174726681169,-1.4706904320652185,-1.1024143247292726,-0.693176284891175,-1.5336773436734836,-1.259795506125017,-0.6353166675633032,-0.5512038300808045,0.5596406313378746,-1.0060181084889308,-1.0140993866100703,0
-1.0782073247882584,-0.993932084149107,-0.026819650567009547,-1.02762575501898,-0.07130747788025202,-1.0439655927422493,-0.22305607767502658,0.6875481622004737,0.9819217478532727,-0.22756439290940172,0.013772517364150388,-0.6786758190227553,0.6144174822544783,-1.4728176073183386,-0.5475771855040708,-1.3241312691859664,0.7302398134149221,-1.7868609675630667,0.9940178924830986,-1.0140993866100703,0
1.1031529777482498,-0.993932084149107,1.328474988294858,-1.02762575501898,0.8502754349501459,-1.0439655927422493,-0.7742881984584851,1.0343568190481278,1.038433603503658,-1.10197128209058,1.0034144836503964,0.49562078455754005,1.1328263386095692,1.0574720375076931,0.40204724199052416,-1.3241312691859664,0.7302398134149221,0.5596406313378746,-1.0060181084889308,0.9860966422066364,3
1.7198726444339643,1.016267636601896,0.09638895296588762,-1.02762575501898,0.15908825032734747,0.9578859753157553,1.375517072597003,1.7279741327434355,-1.1372728390361821,-1.10197128209058,0.838474155936022,2.0440694729638027,0.7972491771297112,-1.3999703471356648,-0.7849832923777195,-0.6353166675633032,-1.2834573406497911,0.5596406313378746,0.9940178924830986,0.9860966422066364,1
1.4549116024504722,-0.993932084149107,-1.2589056858959802,-1.02762575501898,1.311066891365345,0.9578859753157553,0.4384224672651236,-0.6996864651901419,-1.5328558285888803,0.6468424962717766,0.6735338282216478,-0.2233823182104335,0.7231907690789839,0.35850718664102693,-0.5475771855040708,0.5127076684744689,0.9133031910571687,0.5596406313378746,0.9940178924830986,-1.0140993866100703,3
-0.4226571605704806,-0.993932084149107,-0.5196540646985977,0.9829463743659811,1.311066891365345,0.9578859753157553,0.3281760431084319,-0.3528778083424879,-0.12005943732924378,0.6468424962717766,0.34365317279289903,1.0185321320251572,-0.06830846696316371,-0.4142270416258151,1.351671669485119,-0.4057118003557487,0.5471764357726754,0.5596406313378746,0.9940178924830986,0.9860966422066364,1
0.10041248265555129,1.016267636601896,0.09638895296588762,0.9829463743659811,-0.07130747788025202,-1.0439655927422493,0.8242849518135446,1.3811654758957816,-1.3350643338125312,0.2096390516811874,-0.8109291212077213,-0.6155658288111464,-1.2949008503033341,0.5290988718789336,-0.7849832923777195,0.053497934059360104,1.0963665686994153,0.5596406313378746,0.9940178924830986,-1.0140993866100703,2
0.0958441888282497,1.016267636601896,0.9588491776961667,0.9829463743659811,-0.9928903907106499,-1.0439655927422493,-0.22305607767502658,-0.6996864651901419,0.219011696573069,-1.539174726681169,-0.6459887934933469,1.4422706377316745,0.845850007413001,-0.9177030423820153,-0.07276497175677328,-1.094526401978412,-0.9173305853652978,-1.7868609675630667,0.9940178924830986,-1.0140993866100703,1
-0.39524739760667105,-0.993932084149107,-1.135697082363083,-1.02762575501898,-0.532098934295451,0.9578859753157553,-1.3806435313202894,1.3811654758957816,-0.7416898494834838,1.0840459408623657,1.333295139079145,1.345351724192418,0.7393910458400805,-1.5272225231509682,1.5890777763587678,1.6607320045122411,-0.9173305853652978,0.5596406313378746,0.9940178924830986,-1.0140993866100703,0
-1.1627207605933378,-0.993932084149107,0.7124319706303729,0.9829463743659811,-0.9928903907106499,0.9578859753157553,-1.546013167555327,-1.3933037788854497,-1.448088045113302,1.5212493854529547,-1.3057501043508444,-0.7733408043401688,-0.010450335673533035,-0.8430115477643373,1.5890777763587678,2.1199417389273503,-1.2834573406497911,0.5596406313378746,0.9940178924830986,0.9860966422066364,0
-0.42494130748413134,1.016267636601896,-0.8892798752972889,0.9829463743659811,0.6198797067425464,0.9578859753157553,0.7140385276568528,-0.6996864651901419,-1.052505055560604,-1.539174726681169,0.34365317279289903,-0.115193763561961,1.192998795150785,0.8868803522697865,1.1142655626114704,0.053497934059360104,-1.1003939630075446,0.5596406313378746,0.9940178924830986,0.9860966422066364,3
0.8496126703330118,1.016267636601896,-1.2589056858959802,0.9829463743659811,1.5414626195729444,-1.0439655927422493,-1.6011363796336728,0.34073950535281977,-1.1937846946865676,-0.6647678374999909,0.6735338282216478,-0.7710868761183256,-1.243985694768459,-0.48799641902599095,-1.0223893992513682,-0.4057118003557487,-0.36814045243855786,0.5596406313378746,-1.0060181084889308,0.9860966422066364,1
-1.0188195050333377,-0.993932084149107,-0.6428626682314948,0.9829463743659811,0.15908825032734747,0.9578859753157553,-0.11280965351833487,1.3811654758957816,-0.20482722080482196,-1.10197128209058,0.838474155936022,2.7337715088478154,1.5818054374171033,0.19160397027312906,1.1142655626114704,1.6607320045122411,0.5471764357726754,0.5596406313378746,0.9940178924830986,0.9860966422066364,2
-0.04348877290444874,-0.993932084149107,1.698100798893549,-1.02762575501898,-0.3017032060878515,-1.0439655927422493,1.6511331329887322,-0.006069151494834045,-0.4308746434063638,-0.22756439290940172,-0.31610813806459825,-0.5456940539340078,1.5771767869139328,0.428588095171194,1.5890777763587678,1.2015222700971322,0.7302398134149221,0.5596406313378746,0.9940178924830986,0.9860966422066364,2
0.9661041629292023,-0.993932084149107,-1.2589056858959802,-1.02762575501898,-0.9928903907106499,0.9578859753157553,1.5960099209103864,1.0343568190481278,-0.40261871558117107,-0.22756439290940172,0.5085935005072734,-1.3819014242378267,0.5959028802417965,1.508387356866268,-0.7849832923777195,-0.1761069331481943,0.3641130581304287,0.5596406313378746,0.9940178924830986,0.9860966422066364,3
0.0958441888282497,1.016267636601896,1.574892195360652,0.9829463743659811,-0.3017032060878515,0.9578859753157553,-1.3255203192419436,-0.6996864651901419,0.10598798527229807,-0.22756439290940172,1.4982354667935194,-0.1242094764493337,-0.6885476343880046,-0.2519344113454282,-1.0223893992513682,-0.8649215347708576,-0.36814045243855786,0.5596406313378746,0.9940178924830986,-1.0140993866100703,1
-1.6012769680142904,-0.993932084149107,-0.8892798752972889,-1.02762575501898,1.7718583477805439,0.9578859753157553,-1.6562595917120186,1.0343568190481278,1.038433603503658,1.0840459408623657,0.5085935005072734,-0.9243539952036617,-1.364330607850891,-1.5742505012435803,-1.0223893992513682,-0.4057118003557487,-0.36814045243855786,0.5596406313378746,-1.0060181084889308,0.9860966422066364,0
-0.950295097623814,1.016267636601896,-1.2589056858959802,-1.02762575501898,-0.9928903907106499,-1.0439655927422493,0.38329925518677777,-0.3528778083424879,1.3209928817555854,1.5212493854529547,-0.9758694489220956,-0.03405234757560661,-0.8412931009926296,-1.6876709189963508,0.16464113511687545,0.7423125356820234,-0.002013697154064573,-1.7868609675630667,-1.0060181084889308,0.9860966422066364,0
1.1282785937984086,1.016267636601896,1.574892195360652,-1.02762575501898,-0.3017032060878515,0.9578859753157553,0.2179296189517402,1.7279741327434355,-0.6004102103575202,0.6468424962717766,1.6631757945078938,-0.649374752138794,-1.6767645168148966,1.3387177888458635,1.1142655626114704,2.3495466061349046,-0.36814045243855786,0.5596406313378746,-1.0060181084889308,-1.0140993866100703,3
0.43389793204856725,-0.993932084149107,-0.026819650567009547,0.9829463743659811,-0.9928903907106499,0.9578859753157553,0.4384224672651236,1.3811654758957816,-1.1372728390361821,-0.6647678374999909,0.6735338282216478,-0.8995607847633867,-0.998667218100425,1.6789790421041746,-0.310171078630422,0.2831028012669145,1.279429946341662,0.5596406313378746,-1.0060181084889308,0.9860966422066364,3
1.3703981666453928,1.016267636601896,-0.3964454611657008,-1.02762575501898,1.0806711631577455,0.9578859753157553,1.2101474363619655,-0.006069151494834045,1.688319943483091,1.0840459408623657,0.17871284507852472,-0.3834112219612991,0.5588736762164328,-1.1039707203174594,1.5890777763587678,0.9719174028895778,1.279429946341662,0.5596406313378746,-1.0060181084889308,0.9860966422066364,1
-1.3248951914625442,-0.993932084149107,1.4516835918277553,-1.02762575501898,0.38948397853494693,0.9578859753157553,-1.4357667433986352,-0.006069151494834045,-0.8547135607842548,-0.6647678374999909,-0.4810484657789726,0.9216132184859006,1.5679194859075918,-0.07396578836750399,0.6394533488641729,-0.1761069331481943,-1.6495840959342845,0.5596406313378746,-1.0060181084889308,0.9860966422066364,1
1.6307909148015833,1.016267636601896,0.7124319706303729,0.9829463743659811,0.6198797067425464,-1.0439655927422493,1.3203938605186571,-1.3933037788854497,0.5015709748249962,1.5212493854529547,-0.15116781035022395,-0.2030969642138449,-1.1282694321891977,0.19344820470813345,-0.310171078630422,-0.1761069331481943,-1.2834573406497911,0.5596406313378746,-1.0060181084889308,-1.0140993866100703,2
-0.15312782475968686,0.0,0.46601476356457855,-1.02762575501898,-0.9928903907106499,0.9578859753157553,-0.2781792897533724,0.6875481622004737,0.6711065417761527,-1.539174726681169,-1.14080977663647,-0.08589269667799969,-0.36917074966924324,-0.5968062506912504,-0.07276497175677328,-1.3241312691859664,-0.9173305853652978,0.5596406313378746,-1.0060181084889308,-1.0140993866100703,1
-1.4322500964041316,1.016267636601896,0.46601476356457855,0.9829463743659811,0.38948397853494693,-1.0439655927422493,-0.8845346226151768,-0.6996864651901419,-1.0807609833857965,1.0840459408623657,-0.4810484657789726,1.611315254369913,1.4799751263473533,0.9560391435824513,-1.0223893992513682,-0.4057118003557487,-1.4665207182920377,-1.7868609675630667,-1.0060181084889308,-1.0140993866100703,3
0.7399736184777737,-0.993932084149107,1.082057781229064,-1.02762575501898,-0.9928903907106499,0.9578859753157553,-0.44354892598840995,-1.0464951220377958,0.840642108727309,1.5212493854529547,-1.635630759779593,-1.133969319835077,1.0356246780429896,1.4161756351160482,-1.259795506125017,-0.1761069331481943,-1.1003939630075446,0.5596406313378746,0.9940178924830986,-1.0140993866100703,3
-0.10972903340032177,-0.993932084149107,-0.2732368576328036,0.9829463743659811,2.6934412606109417,0.9578859753157553,-0.3333025018317183,1.0343568190481278,-1.5893676842392657,-1.539174726681169,1.6631757945078938,0.08089799173839544,-1.3157297775676011,-0.4796973640684712,0.40204724199052416,-0.6353166675633032,-0.36814045243855786,0.5596406313378746,-1.0060181084889308,0.9860966422066364,1
-1.425397655663179,1.016267636601896,-1.2589056858959802,0.9829463743659811,-0.9928903907106499,-1.0439655927422493,0.5486688914218153,0.34073950535281977,0.6428506139509599,0.6468424962717766,-0.9758694489220956,-1.219618592265118,0.9546232942375067,0.0800277869553631,-1.259795506125017,-0.4057118003557487,1.279429946341662,-1.7868609675630667,-1.0060181084889308,0.9860966422066364,1
1.4937420999825357,1.016267636601896,0.7124319706303729,0.9829463743659811,0.8502754349501459,-1.0439655927422493,1.706256345067078,-1.0464951220377958,-0.17657129297962923,-1.10197128209058,0.17871284507852472,-0.01827485002270436,-1.1305837574407829,1.5655586243514044,0.40204724199052416,-0.6353166675633032,1.279429946341662,-1.7868609675630667,0.9940178924830986,0.9860966422066364,3
0.7399736184777737,-0.993932084149107,0.2195975564987845,0.9829463743659811,1.311066891365345,-1.0439655927422493,-0.8845346226151768,-1.3933037788854497,0.3037794800486472,1.0840459408623657,0.5085935005072734,-0.5299165563811056,-1.5726198804935614,1.657770346101624,-0.310171078630422,-1.094526401978412,-0.5512038300808045,-1.7868609675630667,-1.0060181084889308,0.9860966422066364,3
1.7267250851749167,1.016267636601896,0.46601476356457855,-1.02762575501898,0.38948397853494693,-1.0439655927422493,-1.2703971071635978,1.0343568190481278,-0.03529165385366558,0.6468424962717766,1.333295139079145,2.6706615186362064,1.6466065444614897,-0.8494663682868526,0.40204724199052416,1.4311271373046865,1.279429946341662,0.5596406313378746,0.9940178924830986,0.9860966422066364,2
0.6349028604498371,-0.993932084149107,-1.2589056858959802,-1.02762575501898,0.38948397853494693,0.9578859753157553,0.8794081638918904,0.34073950535281977,0.07773205744710533,0.2096390516811874,0.6735338282216478,0.3536233065814199,0.549616375210092,0.6434414068492061,0.6394533488641729,-0.1761069331481943,-0.002013697154064573,0.5596406313378746,0.9940178924830986,0.9860966422066364,3
-0.9297377754009568,-0.993932084149107,0.09638895296588762,0.9829463743659811,-0.7624946625030504,0.9578859753157553,0.10768319479504852,-0.6996864651901419,-0.9112254164346402,0.2096390516811874,-0.8109291212077213,-0.7530554503435802,0.09832295115097264,-1.5465869847185145,0.6394533488641729,1.6607320045122411,0.18104968048818207,0.5596406313378746,0.9940178924830986,-1.0140993866100703,0
-0.1759692938961948,-0.993932084149107,0.5892233670974757,-1.02762575501898,-0.9928903907106499,0.9578859753157553,1.3203938605186571,0.6875481622004737,-0.7416898494834838,1.0840459408623657,-1.4706904320652185,-1.3278071469135904,-0.5890316485698398,-0.4354357376283657,-1.7346077198723144,-1.3241312691859664,1.6455567016261552,0.5596406313378746,-1.0060181084889308,-1.0140993866100703,1
0.8130663197145991,1.016267636601896,1.328474988294858,-1.02762575501898,0.6198797067425464,-1.0439655927422493,-1.1050274709285601,-0.6996864651901419,-0.5438983547071348,1.5212493854529547,1.4982354667935194,-0.6786758190227553,-1.3805308846119875,1.368225539805934,0.6394533488641729,-1.094526401978412,0.9133031910571687,-1.7868609675630667,0.9940178924830986,-1.0140993866100703,3
0.20548324068348783,1.016267636601896,-0.6428626682314948,-1.02762575501898,-0.7624946625030504,-1.0439655927422493,1.0999010122052737,1.3811654758957816,1.1514573148044291,0.6468424962717766,-1.3057501043508444,0.9193592902640574,0.4778722924109499,-0.8264134378492977,-1.0223893992513682,0.053497934059360104,-0.9173305853652978,0.5596406313378746,-1.0060181084889308,0.9860966422066364,1
-5.193548790090959e-16,1.016267636601896,-1.2589056858959802,0.9829463743659811,1.5414626195729444,-1.0439655927422493,1.3203938605186571,0.6875481622004737,-1.7023913955400367,1.5212493854529547,0.5085935005072734,-0.9559089903094662,-0.019707636679873942,-1.344643314085533,1.5890777763587678,0.9719174028895778,-1.1003939630075446,-1.7868609675630667,0.9940178924830986,-1.0140993866100703,0
0.9523992814472975,1.016267636601896,-1.2589056858959802,0.9829463743659811,0.8502754349501459,0.9578859753157553,0.3281760431084319,-1.3933037788854497,-0.9959931999102184,1.0840459408623657,1.1683548113647708,-0.3135394470841606,-1.6952791188275784,-0.576519671906202,-0.07276497175677328,0.5127076684744689,1.4624933239839086,0.5596406313378746,-1.0060181084889308,0.9860966422066364,1
1.5942445641831706,1.016267636601896,0.2195975564987845,-1.02762575501898,2.9238369888185414,-1.0439655927422493,1.430640284675349,0.34073950535281977,1.377504737405971,-1.539174726681169,1.4982354667935194,2.440760840008202,1.192998795150785,1.103577898382803,-1.7346077198723144,-0.4057118003557487,0.5471764357726754,0.5596406313378746,0.9940178924830986,-1.0140993866100703,3
-0.5985364729215917,1.016267636601896,-0.5196540646985977,0.9829463743659811,-0.532098934295451,-1.0439655927422493,1.375517072597003,0.34073950535281977,1.1514573148044291,0.6468424962717766,-0.4810484657789726,-1.3120296493606882,-1.5865058320030727,-0.846700016634346,-1.259795506125017,-1.094526401978412,-0.5512038300808045,-1.7868609675630667,0.9940178924830986,0.9860966422066364,0
-1.0759231778746077,1.016267636601896,-0.7660712717643918,-1.02762575501898,2.6934412606109417,0.9578859753157553,1.3203938605186571,-1.3933037788854497,-0.7699457773086765,-1.539174726681169,1.6631757945078938,-0.5118851306063602,-1.7045364198339192,-1.0809177898799043,1.5890777763587678,-0.6353166675633032,0.9133031910571687,0.5596406313378746,-1.0060181084889308,0.9860966422066364,0
0.513843074026345,1.016267636601896,-1.2589056858959802,0.9829463743659811,1.5414626195729444,-1.0439655927422493,-1.1050274709285601,1.3811654758957816,-0.6569220660079056,-1.10197128209058,0.6735338282216478,0.4708275741172651,-0.19328203054876597,1.6623809321891352,-1.7346077198723144,-0.6353166675633032,0.7302398134149221,-1.7868609675630667,0.9940178924830986,0.9860966422066364,3
-0.14170709019143288,-0.993932084149107,-0.7660712717643918,-1.02762575501898,-0.7624946625030504,0.9578859753157553,-0.16793286559668072,-0.3528778083424879,1.4340165930563564,-1.10197128209058,-0.31610813806459825,-1.0528279038487227,-0.855179052502141,-1.6719949262988134,1.351671669485119,-0.1761069331481943,1.4624933239839086,0.5596406313378746,-1.0060181084889308,-1.0140993866100703,0
-5.193548790090959e-16,-0.993932084149107,0.5892233670974757,-1.02762575501898,3.1542327170261406,-1.0439655927422493,1.0999010122052737,-0.6996864651901419,-1.1937846946865676,-0.6647678374999909,1.6631757945078938,2.75856471928809,1.5980057141781998,-1.0781514382273978,1.351671669485119,1.2015222700971322,-0.7342672077230512,0.5596406313378746,0.9940178924830986,0.9860966422066364,1
1.6376433555425358,-0.993932084149107,0.8356405741632701,-1.02762575501898,-0.9928903907106499,0.9578859753157553,0.27305283103008604,-0.006069151494834045,-1.5045999007636874,-0.6647678374999909,-1.3057501043508444,-1.0370504062958206,-1.100497529170175,-0.9361453867320593,0.16464113511687545,-1.094526401978412,1.4624933239839086,0.5596406313378746,0.9940178924830986,-1.0140993866100703,1
1.169393238244123,-0.993932084149107,-1.2589056858959802,0.9829463743659811,0.38948397853494693,-1.0439655927422493,-1.3255203192419436,0.34073950535281977,1.066689531328851,0.6468424962717766,1.6631757945078938,-1.070859329623468,-1.5911344825062432,0.7789926378220293,-1.0223893992513682,0.053497934059360104,1.0963665686994153,-1.7868609675630667,-1.0060181084889308,0.9860966422066364,2
0.6645967703272975,-0.993932084149107,0.5892233670974757,-1.02762575501898,1.5414626195729444,-1.0439655927422493,0.5486688914218153,1.0343568190481278,1.038433603503658,0.6468424962717766,0.5085935005072734,-0.4307437146200058,1.6743784474805123,-1.2902383982529033,-0.310171078630422,0.9719174028895778,1.4624933239839086,-1.7868609675630667,-1.0060181084889308,0.9860966422066364,0
1.7312933790022182,1.016267636601896,0.3428061600316817,0.9829463743659811,-0.7624946625030504,-1.0439655927422493,0.4384224672651236,-0.006069151494834045,1.2644810261052,-0.22756439290940172,-0.31610813806459825,0.4978747127793833,-0.09145171947901598,-0.4326693859758591,-1.259795506125017,0.053497934059360104,0.7302398134149221,0.5596406313378746,-1.0060181084889308,-1.0140993866100703,2
0.39963572834380534,1.016267636601896,-0.026819650567009547,0.9829463743659811,0.15908825032734747,-1.0439655927422493,0.658915315578507,-0.006069151494834045,1.1232013869792363,-1.10197128209058,-0.6459887934933469,-1.3548542855757086,-0.30899829312802735,1.2594157081406745,0.8768594557378216,1.4311271373046865,0.3641130581304287,-1.7868609675630667,0.9940178924830986,-1.0140993866100703,3
1.068890774043488,-0.993932084149107,-0.15002825409990672,-1.02762575501898,-0.9928903907106499,-1.0439655927422493,0.49354567934346943,1.0343568190481278,-1.7023913955400367,1.0840459408623657,-1.3057501043508444,1.5459513359364607,0.315869524799984,-0.32293743709309747,-0.07276497175677328,-1.3241312691859664,-0.18507707479631122,-1.7868609675630667,-1.0060181084889308,-1.0140993866100703,2
-0.7881206667546076,-0.993932084149107,-1.2589056858959802,0.9829463743659811,-0.7624946625030504,0.9578859753157553,0.9896545880485821,-0.006069151494834045,1.6600640156578983,-0.6647678374999909,0.6735338282216478,1.4422706377316745,0.4871295934172908,1.3746803603284492,0.16464113511687545,-1.3241312691859664,-0.9173305853652978,0.5596406313378746,-1.0060181084889308,0.9860966422066364,3
-1.3568732482536554,-0.993932084149107,-0.3964454611657008,-1.02762575501898,0.38948397853494693,0.9578859753157553,0.49354567934346943,0.6875481622004737,1.2362250982800074,1.5212493854529547,1.1683548113647708,0.21613368504898609,-0.28122639010900463,-1.3003816876454275,1.351671669485119,-0.8649215347708576,0.3641130581304287,0.5596406313378746,0.9940178924830986,-1.0140993866100703,0
-0.173685146982544,-0.993932084149107,1.574892195360652,0.9829463743659811,-0.9928903907106499,-1.0439655927422493,0.9345313759702363,0.34073950535281977,0.4168031913494181,-1.10197128209058,-1.635630759779593,-0.2819844519783561,-1.15141268470505,0.5936470771040875,1.5890777763587678,-0.8649215347708576,0.18104968048818207,-1.7868609675630667,-1.0060181084889308,0.9860966422066364,2
-0.25819858278762337,-0.993932084149107,-1.012488478830186,-1.02762575501898,-0.3017032060878515,-1.0439655927422493,0.9345313759702363,1.3811654758957816,0.6993624696013454,1.5212493854529547,1.1683548113647708,-1.197079310046686,1.0981114598357908,1.489022895298722,0.40204724199052416,-1.094526401978412,0.3641130581304287,0.5596406313378746,-1.0060181084889308,-1.0140993866100703,3
0.9341261061380911,-0.993932084149107,-1.012488478830186,-1.02762575501898,0.38948397853494693,0.9578859753157553,1.761379557145424,1.0343568190481278,0.840642108727309,-0.22756439290940172,-0.15116781035022395,1.144752112448375,1.4452602475735747,-1.396281878265656,-1.0223893992513682,-1.094526401978412,-0.9173305853652978,0.5596406313378746,0.9940178924830986,-1.0140993866100703,1
-0.15769611858698845,1.016267636601896,-0.7660712717643918,-1.02762575501898,0.38948397853494693,0.9578859753157553,-0.9947810467718684,-0.3528778083424879,1.6600640156578983,-1.10197128209058,0.5085935005072734,-0.3856651501831423,-1.2555573210263853,-1.2994595704279253,1.351671669485119,-0.1761069331481943,1.6455567016261552,0.5596406313378746,-1.0060181084889308,0.9860966422066364,0
-1.6698013754238141,-0.993932084149107,-0.8892798752972889,-1.02762575501898,0.6198797067425464,0.9578859753157553,0.5486688914218153,-0.6996864651901419,-1.3068084059873384,-1.539174726681169,-0.31610813806459825,-1.3661239266849243,-1.6073347592673397,-1.3474096657380397,0.16464113511687545,1.4311271373046865,-0.7342672077230512,0.5596406313378746,-1.0060181084889308,-1.0140993866100703,0
-0.3244388432834964,-0.993932084149107,0.7124319706303729,0.9829463743659811,0.38948397853494693,-1.0439655927422493,1.761379557145424,-1.0464951220377958,0.5863387583005745,-0.6647678374999909,-0.31610813806459825,-0.509631202384517,1.5332046071338135,-0.3681211807507052,0.40204724199052416,-0.1761069331481943,-0.36814045243855786,0.5596406313378746,-1.0060181084889308,0.9860966422066364,1
-1.1672890544206393,-0.993932084149107,0.2195975564987845,0.0,-0.9928903907106499,0.9578859753157553,-1.490889955476981,0.34073950535281977,-1.1090169112109893,-1.10197128209058,1.6631757945078938,-0.13773304578039278,-1.1028118544217602,-1.1897276215451638,0.8768594557378216,-1.3241312691859664,-1.1003939630075446,0.5596406313378746,0.9940178924830986,-1.0140993866100703,0
1.6924628814701548,-0.993932084149107,-1.2589056858959802,0.9829463743659811,-0.532098934295451,0.9578859753157553,-0.16793286559668072,1.0343568190481278,1.038433603503658,-1.539174726681169,0.5085935005072734,-0.750801522121737,1.5239473061274726,1.6052096647039988,-0.07276497175677328,0.9719174028895778,1.279429946341662,0.5596406313378746,-1.0060181084889308,-1.0140993866100703,3
0.6052089505723768,-0.993932084149107,0.9588491776961667,0.9829463743659811,-0.7624946625030504,-1.0439655927422493,1.761379557145424,1.3811654758957816,1.1797132426296217,-1.539174726681169,-1.3057501043508444,-1.411202491121788,1.5540335343980805,0.8619831873972271,-1.4972016129986656,-0.1761069331481943,-0.18507707479631122,-1.7868609675630667,0.9940178924830986,-1.0140993866100703,3
0.31969058636602754,1.016267636601896,-2.7357805694826946e-16,0.9829463743659811,2.2326498041957428,0.9578859753157553,1.706256345067078,1.7279741327434355,-1.6176236120644585,-1.539174726681169,1.1683548113647708,-0.9874639854152706,0.2742116702714499,-1.358475072348066,-0.7849832923777195,0.053497934059360104,-0.7342672077230512,0.5596406313378746,0.9940178924830986,-1.0140993866100703,0
1.0483334518206309,-0.993932084149107,0.7124319706303729,-1.02762575501898,0.15908825032734747,0.9578859753157553,-0.7742881984584851,1.3811654758957816,0.5580828304753818,0.6468424962717766,1.6631757945078938,-0.635851182807735,-0.5959746243245955,-1.2247680758102473,0.16464113511687545,-0.6353166675633032,0.5471764357726754,0.5596406313378746,-1.0060181084889308,0.9860966422066364,0
-0.728732846999687,-0.993932084149107,0.7124319706303729,0.9829463743659811,0.15908825032734747,-1.0439655927422493,-0.38842571391006414,-0.3528778083424879,-0.7134339216582911,1.0840459408623657,0.6735338282216478,-0.9829561289715842,-0.4015713031914364,-1.2349113652027714,-0.5475771855040708,0.2831028012669145,-1.1003939630075446,-1.7868609675630667,0.9940178924830986,0.9860966422066364,0
-0.2170839383419091,1.016267636601896,-0.026819650567009547,0.9829463743659811,-0.9928903907106499,-1.0439655927422493,-0.6089185622234475,-0.3528778083424879,1.377504737405971,-1.539174726681169,0.17871284507852472,-1.0956525400637431,-1.2208424422526067,1.0399518103751513,0.8768594557378216,-1.3241312691859664,-0.5512038300808045,-1.7868609675630667,-1.0060181084889308,-1.0140993866100703,2
1.7267250851749167,1.016267636601896,-1.2589056858959802,-1.02762575501898,0.38948397853494693,-1.0439655927422493,-0.3333025018317183,-1.0464951220377958,-0.3178509321055929,-1.539174726681169,0.838474155936022,0.008772288639413765,-0.3413988466502205,-0.739734419404091,0.6394533488641729,1.2015222700971322,-0.7342672077230512,-1.7868609675630667,0.9940178924830986,0.9860966422066364,1
0.436182078962218,-0.993932084149107,-1.2589056858959802,0.9829463743659811,-0.7624946625030504,-1.0439655927422493,-0.2781792897533724,-0.006069151494834045,1.2079691704548146,-1.539174726681169,1.0034144836503964,1.0974196197896684,-0.1608814770265728,0.6526625790242281,-1.259795506125017,-1.094526401978412,0.7302398134149221,-1.7868609675630667,0.9940178924830986,0.9860966422066364,2
-0.6099572074898457,1.016267636601896,-1.2589056858959802,0.9829463743659811,0.15908825032734747,-1.0439655927422493,-1.0499042588502143,-0.3528778083424879,1.4905284487067418,0.2096390516811874,-0.31610813806459825,1.6834409574688944,1.2577999021951713,-0.469554074675947,-0.310171078630422,0.053497934059360104,0.3641130581304287,-1.7868609675630667,0.9940178924830986,-1.0140993866100703,1
-1.318042750721592,-0.993932084149107,-1.2589056858959802,-1.02762575501898,0.15908825032734747,-1.0439655927422493,-0.6640417743017933,1.0343568190481278,-0.06354758167885831,-1.539174726681169,0.013772517364150388,0.8021550227282122,-0.06367981645999325,0.0007257062501740522,1.1142655626114704,2.1199417389273503,0.7302398134149221,-1.7868609675630667,0.9940178924830986,0.9860966422066364,1
1.434354280227615,-0.993932084149107,0.9588491776961667,-1.02762575501898,-0.9928903907106499,0.9578859753157553,-1.2703971071635978,-1.3933037788854497,1.4340165930563564,0.6468424962717766,-1.14080977663647,0.15076976661553393,0.4408430883855863,-1.0458773356148208,-1.4972016129986656,-1.094526401978412,-1.6495840959342845,0.5596406313378746,-1.0060181084889308,0.9860966422066364,1
1.1214261530574563,-0.993932084149107,0.5892233670974757,0.9829463743659811,-0.9928903907106499,0.9578859753157553,-0.6640417743017933,-1.3933037788854497,0.07773205744710533,-0.22756439290940172,0.013772517364150388,-0.5118851306063602,-0.528859192028624,-0.48799641902599095,0.40204724199052416,-1.3241312691859664,0.18104968048818207,0.5596406313378746,0.9940178924830986,-1.0140993866100703,1
1.1054371246619008,1.016267636601896,-0.6428626682314948,-1.02762575501898,-0.7624946625030504,0.9578859753157553,-1.3806435313202894,0.34073950535281977,-0.40261871558117107,-0.6647678374999909,1.1683548113647708,-0.5885186901490282,0.2533827430071829,-0.8402451961118307,-1.7346077198723144,-1.3241312691859664,0.9133031910571687,0.5596406313378746,0.9940178924830986,0.9860966422066364,1
1.468616483932377,1.016267636601896,-0.2732368576328036,0.9829463743659811,0.8502754349501459,-1.0439655927422493,0.8242849518135446,-1.0464951220377958,-0.007035726028472855,-1.10197128209058,0.5085935005072734,-1.1858096689374702,-1.3874738603667431,0.34651966281349833,1.1142655626114704,-1.094526401978412,-0.002013697154064573,-1.7868609675630667,-1.0060181084889308,0.9860966422066364,2
-0.9959780358968299,-0.993932084149107,-0.8892798752972889,0.9829463743659811,-0.9928903907106499,-1.0439655927422493,-0.7742881984584851,-0.6996864651901419,-0.9677372720850257,-0.22756439290940172,-1.4706904320652185,-0.040814132241136135,-0.732519814168124,0.62407694528166,1.351671669485119,2.1199417389273503,0.18104968048818207,-1.7868609675630667,0.9940178924830986,-1.0140993866100703,2
-1.505342797640957,1.016267636601896,-0.3964454611657008,0.9829463743659811,-0.9928903907106499,-1.0439655927422493,0.8242849518135446,1.3811654758957816,-1.3915761894629166,-0.6647678374999909,-1.4706904320652185,0.9937389215848823,0.21635353898181922,1.2234531366580887,0.6394533488641729,-1.094526401978412,-0.002013697154064573,0.5596406313378746,0.9940178924830986,-1.0140993866100703,3
-1.3043378692396872,-0.993932084149107,0.9588491776961667,-1.02762575501898,-0.532098934295451,0.9578859753157553,0.8794081638918904,-0.6996864651901419,-0.7416898494834838,-1.539174726681169,1.4982354667935194,-1.0145111240773887,0.09369430064780218,-0.851310602721857,0.40204724199052416,1.4311271373046865,-1.2834573406497911,0.5596406313378746,0.9940178924830986,-1.0140993866100703,0
0.3471003493298371,-0.993932084149107,-0.15002825409990672,-1.02762575501898,-0.532098934295451,0.9578859753157553,0.2179296189517402,1.0343568190481278,1.1797132426296217,-1.539174726681169,-0.6459887934933469,-1.4224721322310039,0.01037859159073401,0.935752564797403,0.40204724199052416,0.2831028012669145,0.5471764357726754,0.5596406313378746,0.9940178924830986,-1.0140993866100703,2
0.7331211777368213,-0.993932084149107,0.9588491776961667,-1.02762575501898,-0.9928903907106499,0.9578859753157553,-0.5537953501451016,1.0343568190481278,0.8123861809021163,1.0840459408623657,-1.4706904320652185,0.2251493979363588,0.26032571876193855,-0.171710213422737,0.6394533488641729,1.2015222700971322,0.9133031910571687,0.5596406313378746,0.9940178924830986,0.9860966422066364,2
-0.9548633914511155,-0.993932084149107,0.3428061600316817,0.9829463743659811,0.15908825032734747,-1.0439655927422493,1.2101474363619655,-1.3933037788854497,-0.8829694886094475,-0.6647678374999909,-0.15116781035022395,-0.8837832872104845,1.2369709749309044,0.9781699568025041,-1.0223893992513682,-0.4057118003557487,0.7302398134149221,0.5596406313378746,-1.0060181084889308,-1.0140993866100703,2
-0.9777048605876235,1.016267636601896,1.082057781229064,0.9829463743659811,0.15908825032734747,0.9578859753157553,-1.6562595917120186,-0.6996864651901419,-0.9677372720850257,0.6468424962717766,0.5085935005072734,-0.7034690294630302,0.4107568601149783,-0.012183934794856723,1.351671669485119,0.2831028012669145,-1.6495840959342845,0.5596406313378746,-1.0060181084889308,0.9860966422066364,1
1.713020203693012,1.016267636601896,1.698100798893549,0.9829463743659811,0.8502754349501459,-1.0439655927422493,-0.8294114105368309,-1.3933037788854497,1.4905284487067418,1.5212493854529547,0.838474155936022,-0.03630627579744978,-1.3180441028191863,0.22572230732071039,-1.259795506125017,-1.3241312691859664,1.279429946341662,0.5596406313378746,0.9940178924830986,-1.0140993866100703,2
-0.4683400988434964,1.016267636601896,1.4516835918277553,0.9829463743659811,0.38948397853494693,-1.0439655927422493,0.27305283103008604,0.6875481622004737,-0.5721542825323275,1.0840459408623657,1.6631757945078938,0.13950012550631805,-0.12153794774962394,1.3839015325034714,1.1142655626114704,-1.094526401978412,0.18104968048818207,-1.7868609675630667,0.9940178924830986,0.9860966422066364,3
-1.4185452149222268,-0.993932084149107,0.7124319706303729,-1.02762575501898,-0.532098934295451,-1.0439655927422493,-1.4357667433986352,-0.6996864651901419,-1.5328558285888803,-1.539174726681169,-0.9758694489220956,1.5076345561651268,1.0101671002755521,-0.9896281853471868,0.16464113511687545,0.9719174028895778,0.7302398134149221,-1.7868609675630667,-1.0060181084889308,0.9860966422066364,0
-1.3363159260307982,1.016267636601896,-0.2732368576328036,-1.02762575501898,-0.9928903907106499,0.9578859753157553,1.0999010122052737,0.6875481622004737,1.57529623218232,-0.22756439290940172,-0.9758694489220956,2.411459773124241,1.4961754031084498,-1.0034599436097198,1.1142655626114704,-0.4057118003557487,0.3641130581304287,0.5596406313378746,-1.0060181084889308,-1.0140993866100703,1
-1.5144793852955603,1.016267636601896,1.574892195360652,-1.02762575501898,-0.532098934295451,0.9578859753157553,-1.2152738950852517,-1.0464951220377958,1.2362250982800074,0.2096390516811874,-0.4810484657789726,-0.29776194953125834,0.43158578737924536,0.7504070040794611,-1.4972016129986656,-1.3241312691859664,-1.1003939630075446,0.5596406313378746,0.9940178924830986,0.9860966422066364,2
-1.306622016153338,1.016267636601896,-1.135697082363083,-1.02762575501898,0.38948397853494693,0.9578859753157553,-1.6011363796336728,0.6875481622004737,1.2644810261052,0.6468424962717766,0.5085935005072734,-1.424726060452847,0.48944391866887604,0.6738712750267787,-1.7346077198723144,-1.3241312691859664,1.4624933239839086,0.5596406313378746,-1.0060181084889308,0.9860966422066364,2
-0.8452243395958775,1.016267636601896,-0.6428626682314948,-1.02762575501898,0.6198797067425464,0.9578859753157553,1.375517072597003,0.34073950535281977,-0.6286661381827129,-1.539174726681169,0.838474155936022,1.3476056524142612,0.7694772741106886,0.5558402711864974,0.16464113511687545,-0.6353166675633032,-0.5512038300808045,0.5596406313378746,-1.0060181084889308,-1.0140993866100703,2
-1.3797147173901634,1.016267636601896,-1.2589056858959802,0.9829463743659811,-0.532098934295451,-1.0439655927422493,0.5486688914218153,-0.3528778083424879,0.24726762439826172,-0.6647678374999909,-0.9758694489220956,-0.7778486607838552,-0.4455434829715557,0.782681106692038,-0.07276497175677328,-0.1761069331481943,1.279429946341662,-1.7868609675630667,-1.0060181084889308,0.9860966422066364,2
-1.4391025371450838,1.016267636601896,1.8213094024264462,-1.02762575501898,2.4630455324033425,0.9578859753157553,0.658915315578507,-0.6996864651901419,-0.6569220660079056,-1.539174726681169,1.0034144836503964,-1.3232992904699041,0.0034356158359783286,0.4212111574311764,0.6394533488641729,1.2015222700971322,0.7302398134149221,0.5596406313378746,-1.0060181084889308,0.9860966422066364,1
0.7262687369958689,-0.993932084149107,1.574892195360652,0.9829463743659811,2.6934412606109417,-1.0439655927422493,-1.6562595917120186,-1.3933037788854497,-0.48738649905674925,0.2096390516811874,1.6631757945078938,1.041071414243589,0.4408430883855863,0.521721934138916,1.351671669485119,2.3495466061349046,-0.36814045243855786,-1.7868609675630667,-1.0060181084889308,0.9860966422066364,3
0.8336236419374562,1.016267636601896,0.2195975564987845,-1.02762575501898,-0.532098934295451,-1.0439655927422493,0.05255998271670267,1.7279741327434355,1.4340165930563564,1.5212493854529547,-0.8109291212077213,-1.1520007456098227,-0.723262513161783,-1.1141140097099835,0.16464113511687545,0.9719174028895778,0.18104968048818207,-1.7868609675630667,0.9940178924830986,0.9860966422066364,0
-0.13028635562317892,-0.993932084149107,-1.2589056858959802,-1.02762575501898,0.6198797067425464,0.9578859753157553,-1.3255203192419436,-0.006069151494834045,-0.06354758167885831,1.5212493854529547,1.0034144836503964,-0.8341968663299346,-0.6144892263372773,0.40461304751613686,1.5890777763587678,2.579151473342459,1.4624933239839086,0.5596406313378746,-1.0060181084889308,-1.0140993866100703,2
-0.8931914247825442,1.016267636601896,0.7124319706303729,0.9829463743659811,1.311066891365345,0.9578859753157553,-0.7191649863801393,1.0343568190481278,0.219011696573069,1.0840459408623657,1.333295139079145,-1.0573357602924092,-0.5149732405191125,1.1386183526478866,-0.5475771855040708,-1.3241312691859664,0.5471764357726754,0.5596406313378746,-1.0060181084889308,-1.0140993866100703,2
0.8473285234193609,1.016267636601896,1.698100798893549,-1.02762575501898,0.6198797067425464,0.9578859753157553,1.761379557145424,1.3811654758957816,1.1514573148044291,-0.22756439290940172,0.34365317279289903,1.3318281548613589,0.06592239762877947,-1.0910610792724285,-1.0223893992513682,-0.4057118003557487,-0.36814045243855786,0.5596406313378746,0.9940178924830986,-1.0140993866100703,1
1.345272550595234,1.016267636601896,0.7124319706303729,0.9829463743659811,-0.9928903907106499,-1.0439655927422493,-0.8294114105368309,1.3811654758957816,1.6600640156578983,-1.539174726681169,-1.4706904320652185,-0.6967072447975008,-0.8181498484767773,0.14365387496301477,1.1142655626114704,1.8903368717197957,-1.2834573406497911,-1.7868609675630667,-1.0060181084889308,-1.0140993866100703,2
-0.8200987235457188,-0.993932084149107,0.5892233670974757,0.9829463743659811,-0.7624946625030504,0.9578859753157553,0.9896545880485821,-0.006069151494834045,1.5187843765319347,1.0840459408623657,-1.14080977663647,1.0613567682401777,0.2996692480388874,-1.1961824420676792,0.6394533488641729,0.7423125356820234,-0.9173305853652978,0.5596406313378746,-1.0060181084889308,0.9860966422066364,0
0.35395279007078945,1.016267636601896,-0.7660712717643918,0.9829463743659811,1.311066891365345,0.9578859753157553,1.6511331329887322,-0.6996864651901419,0.9819217478532727,0.2096390516811874,0.5085935005072734,0.8224403767248007,0.7255050943305692,-1.5226119370634572,-0.310171078630422,-1.094526401978412,1.6455567016261552,0.5596406313378746,0.9940178924830986,-1.0140993866100703,0
1.6467799431971388,1.016267636601896,0.9588491776961667,0.9829463743659811,-0.7624946625030504,0.9578859753157553,1.5960099209103864,-0.6996864651901419,-1.5328558285888803,1.0840459408623657,-1.14080977663647,-0.991971841858957,0.10989457740889878,1.6052096647039988,-0.5475771855040708,0.2831028012669145,-0.002013697154064573,0.5596406313378746,-1.0060181084889308,-1.0140993866100703,3
-0.9822731544149251,-0.993932084149107,-0.8892798752972889,-1.02762575501898,1.311066891365345,-1.0439655927422493,-0.6089185622234475,1.3811654758957816,-1.3915761894629166,1.0840459408623657,1.4982354667935194,1.8209305790013284,1.0981114598357908,-0.7839960458441966,1.351671669485119,0.2831028012669145,-1.4665207182920377,-1.7868609675630667,-1.0060181084889308,-1.0140993866100703,1
-0.7766999321863537,-0.993932084149107,-1.2589056858959802,0.9829463743659811,2.0022540759881435,0.9578859753157553,1.375517072597003,1.3811654758957816,0.8971539643776945,-1.10197128209058,1.333295139079145,0.32206831147561543,0.18395298545962604,-1.6231227137711968,-0.310171078630422,-1.094526401978412,-0.7342672077230512,0.5596406313378746,0.9940178924830986,-1.0140993866100703,0
1.6833262938155515,1.016267636601896,-1.012488478830186,0.9829463743659811,-0.07130747788025202,-1.0439655927422493,-0.002563229361643179,1.0343568190481278,0.8688980365525018,-1.10197128209058,-0.4810484657789726,1.4783334892811655,1.5517192091464953,1.452138206598634,1.1142655626114704,1.2015222700971322,0.3641130581304287,-1.7868609675630667,0.9940178924830986,0.9860966422066364,3
-0.8223828704593695,-0.993932084149107,-0.026819650567009547,0.9829463743659811,-0.9928903907106499,0.9578859753157553,-0.6089185622234475,1.0343568190481278,1.3209928817555854,-0.22756439290940172,-1.3057501043508444,-0.41045836062341723,-0.49414431325484554,0.740263714686937,0.40204724199052416,1.6607320045122411,-0.002013697154064573,0.5596406313378746,-1.0060181084889308,0.9860966422066364,2
-0.7378694346542901,1.016267636601896,1.328474988294858,-1.02762575501898,-0.9928903907106499,-1.0439655927422493,0.2179296189517402,-0.6996864651901419,1.5470403043571272,-0.22756439290940172,0.34365317279289903,-1.030288621630291,-0.600603274827766,-0.6032610712137657,0.16464113511687545,-1.3241312691859664,0.5471764357726754,-1.7868609675630667,0.9940178924830986,-1.0140993866100703,0
-1.0873439124428617,-0.993932084149107,0.2195975564987845,0.9829463743659811,0.8502754349501459,0.9578859753157553,-1.6562595917120186,-0.006069151494834045,-1.3633202616377238,1.5212493854529547,0.6735338282216478,0.8630110847179779,-0.1516241760202319,-0.9905503025646889,-1.4972016129986656,-0.4057118003557487,-0.5512038300808045,0.5596406313378746,0.9940178924830986,-1.0140993866100703,0
-1.6698013754238141,-0.993932084149107,0.09638895296588762,0.9829463743659811,-0.9928903907106499,-1.0439655927422493,-1.2703971071635978,-0.3528778083424879,0.6145946861257672,0.6468424962717766,-1.3057501043508444,1.7442970194586602,1.5470905586433248,0.45348526004375334,1.351671669485119,0.5127076684744689,-0.18507707479631122,0.5596406313378746,0.9940178924830986,0.9860966422066364,2
-0.9457268037965124,-0.993932084149107,1.698100798893549,0.9829463743659811,-0.9928903907106499,-1.0439655927422493,0.10768319479504852,1.0343568190481278,-1.1655287668613747,1.5212493854529547,1.1683548113647708,1.8615012869945056,1.4221169950577226,0.7291983080769106,-1.0223893992513682,-0.8649215347708576,-0.18507707479631122,0.5596406313378746,0.9940178924830986,-1.0140993866100703,3
1.4275018394866628,-0.993932084149107,-0.15002825409990672,-1.02762575501898,0.8502754349501459,0.9578859753157553,0.7691617397351987,0.6875481622004737,1.066689531328851,-1.539174726681169,0.34365317279289903,-1.0753671860671545,-0.6260608525952035,0.5180334652689073,-0.310171078630422,0.2831028012669145,1.279429946341662,0.5596406313378746,0.9940178924830986,0.9860966422066364,2
1.1100054184892023,-0.993932084149107,-1.2589056858959802,0.9829463743659811,0.8502754349501459,0.9578859753157553,1.0999010122052737,1.7279741327434355,1.2644810261052,0.6468424962717766,0.34365317279289903,1.0816421222367663,-0.13079524875596485,-0.8125816795867647,1.5890777763587678,2.8087563405500133,-1.1003939630075446,0.5596406313378746,0.9940178924830986,0.9860966422066364,1
-0.2993132272333377,1.016267636601896,1.698100798893549,-1.02762575501898,1.311066891365345,-1.0439655927422493,1.0999010122052737,-1.3933037788854497,1.2079691704548146,-1.10197128209058,0.34365317279289903,-1.1610164584971954,1.0518249548040863,1.0510172169851777,0.8768594557378216,-1.094526401978412,0.3641130581304287,-1.7868609675630667,0.9940178924830986,0.9860966422066364,3
-0.5208754778574647,-0.993932084149107,-0.5196540646985977,-1.02762575501898,-0.07130747788025202,0.9578859753157553,0.2179296189517402,-1.0464951220377958,-0.26133907645520743,1.0840459408623657,1.333295139079145,-0.36988765263024004,-1.162984310962976,0.126133647830473,-1.259795506125017,0.053497934059360104,0.9133031910571687,0.5596406313378746,0.9940178924830986,0.9860966422066364,1
1.0597541863888849,1.016267636601896,-0.026819650567009547,0.9829463743659811,2.9238369888185414,0.9578859753157553,1.2652706484403113,0.6875481622004737,-0.06354758167885831,0.2096390516811874,1.4982354667935194,1.7262655936839149,1.0633965810620123,0.801123451042082,-1.7346077198723144,-1.094526401978412,1.6455567016261552,0.5596406313378746,0.9940178924830986,0.9860966422066364,3
-0.39296325069302024,1.016267636601896,0.2195975564987845,0.9829463743659811,-0.9928903907106499,-1.0439655927422493,1.430640284675349,-0.006069151494834045,-0.1483153651544365,1.0840459408623657,-1.635630759779593,-1.2759667978111973,-1.3203584280707716,-1.3077586253854452,-0.07276497175677328,0.7423125356820234,0.9133031910571687,-1.7868609675630667,0.9940178924830986,-1.0140993866100703,0
0.2169039752517418,1.016267636601896,1.082057781229064,-1.02762575501898,0.15908825032734747,0.9578859753157553,0.5486688914218153,0.34073950535281977,-0.7134339216582911,0.2096390516811874,0.6735338282216478,1.2213856719910432,1.6720641222289272,0.3852485859485907,-0.5475771855040708,-1.094526401978412,-0.5512038300808045,0.5596406313378746,-1.0060181084889308,-1.0140993866100703,3
-1.0599341494790522,1.016267636601896,1.328474988294858,-1.02762575501898,-0.9928903907106499,-1.0439655927422493,-0.11280965351833487,-0.3528778083424879,1.377504737405971,1.0840459408623657,0.013772517364150388,-0.18957339488278585,0.5982172054933818,0.36772835881604893,1.1142655626114704,2.3495466061349046,-0.36814045243855786,0.5596406313378746,-1.0060181084889308,0.9860966422066364,2
1.5074469814644404,1.016267636601896,-1.135697082363083,-1.02762575501898,-0.9928903907106499,-1.0439655927422493,-0.3333025018317183,-1.3933037788854497,0.3037794800486472,-1.10197128209058,-1.635630759779593,-1.2376500180398633,-1.0125531696099364,-1.6489419958612583,0.16464113511687545,1.2015222700971322,-1.2834573406497911,0.5596406313378746,-1.0060181084889308,0.9860966422066364,0
-0.705891377863179,1.016267636601896,-0.2732368576328036,0.9829463743659811,-0.7624946625030504,0.9578859753157553,-0.9947810467718684,-0.3528778083424879,-1.2220406225117602,0.6468424962717766,0.013772517364150388,-1.2804746542548837,-0.5242305415254535,0.30686862246090385,-0.310171078630422,0.2831028012669145,1.0963665686994153,0.5596406313378746,0.9940178924830986,-1.0140993866100703,1
-0.4135205729158774,-0.993932084149107,-0.026819650567009547,-1.02762575501898,-0.532098934295451,-1.0439655927422493,-0.7191649863801393,-0.3528778083424879,0.7276183974265381,-0.22756439290940172,0.6735338282216478,-0.34284051396812193,-0.010450335673533035,-1.573328384026078,-0.7849832923777195,0.2831028012669145,0.9133031910571687,-1.7868609675630667,-1.0060181084889308,0.9860966422066364,0
-0.11886562105492494,1.016267636601896,0.8356405741632701,-1.02762575501898,-0.9928903907106499,0.9578859753157553,0.7691617397351987,-0.3528778083424879,0.13424391309749079,-1.10197128209058,-0.15116781035022395,1.1898306768852387,1.3017720819752907,1.653159760014113,0.16464113511687545,1.2015222700971322,-0.5512038300808045,0.5596406313378746,-1.0060181084889308,0.9860966422066364,3
1.4503433086231705,1.016267636601896,1.4516835918277553,0.9829463743659811,1.311066891365345,-1.0439655927422493,-1.3255203192419436,1.3811654758957816,0.7276183974265381,1.0840459408623657,0.5085935005072734,0.7187596785200147,-0.042850889195726216,-0.8098153279342581,-1.0223893992513682,-1.094526401978412,-1.6495840959342845,-1.7868609675630667,-1.0060181084889308,0.9860966422066364,1
0.5549577184720593,-0.993932084149107,-1.2589056858959802,-1.02762575501898,-0.532098934295451,-1.0439655927422493,0.8794081638918904,-1.0464951220377958,0.049476129621912605,1.0840459408623657,0.013772517364150388,-0.025036634688233896,-1.4106171128825955,0.7808368722570337,-0.07276497175677328,0.5127076684744689,0.18104968048818207,0.5596406313378746,0.9940178924830986,0.9860966422066364,2
1.301873759235869,0.0,0.2195975564987845,-1.02762575501898,-0.3017032060878515,0.9578859753157553,1.4857634967536948,-1.3933037788854497,0.95366582002808,-0.6647678374999909,-0.9758694489220956,-0.013766993579018009,-1.2277854180073626,0.18422703253311148,-0.5475771855040708,0.053497934059360104,0.9133031910571687,0.5596406313378746,-1.0060181084889308,0.9860966422066364,2
-0.8566450741641315,1.016267636601896,1.8213094024264462,0.9829463743659811,-0.9928903907106499,0.9578859753157553,1.2101474363619655,0.6875481622004737,1.3209928817555854,-1.10197128209058,-1.4706904320652185,-1.1677782431627248,0.968509245747018,0.9191544548823634,1.351671669485119,-0.8649215347708576,0.9133031910571687,0.5596406313378746,0.9940178924830986,0.9860966422066364,2
-1.4025561865266711,1.016267636601896,0.46601476356457855,-1.02762575501898,1.7718583477805439,0.9578859753157553,0.05255998271670267,-1.0464951220377958,1.4340165930563564,-1.539174726681169,1.6631757945078938,-0.4825840637223989,-1.6235350360284364,1.5461941627838582,-0.5475771855040708,0.053497934059360104,-1.6495840959342845,0.5596406313378746,-1.0060181084889308,-1.0140993866100703,2
1.4640481901050755,1.016267636601896,0.3428061600316817,-1.02762575501898,-0.07130747788025202,0.9578859753157553,-0.7742881984584851,0.6875481622004737,-0.06354758167885831,-0.6647678374999909,-0.8109291212077213,-1.2939982235859429,-1.2787005735422374,1.1146433049928295,1.1142655626114704,2.1199417389273503,-0.7342672077230512,0.5596406313378746,-1.0060181084889308,-1.0140993866100703,3
-0.23078881982381386,-0.993932084149107,-0.15002825409990672,-1.02762575501898,1.7718583477805439,0.9578859753157553,0.658915315578507,-1.0464951220377958,1.3209928817555854,1.5212493854529547,1.1683548113647708,-1.2038410947122156,-0.2627117880963228,1.2455839498781416,1.5890777763587678,-0.6353166675633032,-1.4665207182920377,0.5596406313378746,-1.0060181084889308,-1.0140993866100703,3
-1.551025735913973,-0.993932084149107,-1.2589056858959802,-1.02762575501898,2.2326498041957428,-1.0439655927422493,-0.4986721380667558,1.7279741327434355,0.16249984092268352,1.5212493854529547,0.838474155936022,-0.6516286803606371,1.507747029366376,0.21742325236319063,1.1142655626114704,2.3495466061349046,1.279429946341662,-1.7868609675630667,0.9940178924830986,0.9860966422066364,1
-0.27875590501048053,-0.993932084149107,-1.2589056858959802,-1.02762575501898,-0.7624946625030504,-1.0439655927422493,-1.1050274709285601,0.34073950535281977,0.10598798527229807,1.0840459408623657,-0.31610813806459825,0.3446075936940472,-1.0056101938551807,0.7107559637268667,-1.259795506125017,0.053497934059360104,0.9133031910571687,0.5596406313378746,0.9940178924830986,-1.0140993866100703,2
1.080311508611742,-0.993932084149107,-0.15002825409990672,-1.02762575501898,-0.7624946625030504,-1.0439655927422493,1.706256345067078,-0.006069151494834045,-0.09180350950405104,1.0840459408623657,0.34365317279289903,0.22965725438004514,-0.2904836911153455,1.4087986973760307,0.8768594557378216,-1.094526401978412,1.4624933239839086,0.5596406313378746,-1.0060181084889308,-1.0140993866100703,3
-5.193548790090959e-16,1.016267636601896,0.2195975564987845,0.9829463743659811,-0.3017032060878515,-1.0439655927422493,-0.3333025018317183,-1.3933037788854497,-0.17657129297962923,0.6468424962717766,1.0034144836503964,-0.534424412824792,-0.2603974628447376,0.8970236416623106,-1.7346077198723144,-1.3241312691859664,1.279429946341662,-1.7868609675630667,0.9940178924830986,-1.0140993866100703,3
-0.46377180501619486,1.016267636601896,1.082057781229064,-1.02762575501898,-0.9928903907106499,-1.0439655927422493,0.38329925518677777,-1.0464951220377958,-0.6004102103575202,1.0840459408623657,-1.14080977663647,-0.6133119005893032,-0.753348741432391,-0.021405106969878702,-0.5475771855040708,0.2831028012669145,-1.6495840959342845,-1.7868609675630667,0.9940178924830986,-1.0140993866100703,1
1.4183652518320595,1.016267636601896,0.9588491776961667,-1.02762575501898,2.4630455324033425,-1.0439655927422493,-0.4986721380667558,0.34073950535281977,0.6145946861257672,-0.22756439290940172,1.0034144836503964,1.6158231108135992,0.5889599044870408,1.6540818772316153,-0.7849832923777195,-0.8649215347708576,-0.5512038300808045,-1.7868609675630667,0.9940178924830986,-1.0140993866100703,3
0.31055399871142436,1.016267636601896,-0.5196540646985977,-1.02762575501898,-0.3017032060878515,0.9578859753157553,-1.2703971071635978,1.3811654758957816,0.13424391309749079,1.0840459408623657,1.4982354667935194,-0.3834112219612991,-1.2162137917494364,1.6088981335740076,1.5890777763587678,2.8087563405500133,-0.18507707479631122,0.5596406313378746,0.9940178924830986,0.9860966422066364,3
1.612517739492377,-0.993932084149107,0.09638895296588762,0.9829463743659811,-0.9928903907106499,0.9578859753157553,1.375517072597003,-0.6996864651901419,1.5470403043571272,-0.22756439290940172,-1.4706904320652185,0.22064154149267243,1.1605982416285918,-1.2837835777303879,0.40204724199052416,-1.094526401978412,0.5471764357726754,0.5596406313378746,0.9940178924830986,-1.0140993866100703,1
1.5005945407234882,-0.993932084149107,-1.2589056858959802,0.9829463743659811,0.8502754349501459,0.9578859753157553,-1.3806435313202894,-0.3528778083424879,0.021220201796719875,-1.10197128209058,0.5085935005072734,-0.4465212121729081,-1.0588396746416409,1.438306448336101,-0.7849832923777195,0.2831028012669145,1.279429946341662,0.5596406313378746,-1.0060181084889308,-1.0140993866100703,3
-1.0302402396015917,-0.993932084149107,1.205266384761961,0.9829463743659811,-0.07130747788025202,0.9578859753157553,1.375517072597003,1.3811654758957816,-1.3915761894629166,1.5212493854529547,0.34365317279289903,-1.3593621420193949,-0.20948230730986256,1.7011098553242274,-0.07276497175677328,0.5127076684744689,-0.9173305853652978,0.5596406313378746,0.9940178924830986,0.9860966422066364,3
-0.8200987235457188,1.016267636601896,0.2195975564987845,0.9829463743659811,-0.9928903907106499,-1.0439655927422493,0.05255998271670267,0.6875481622004737,0.9254098922028873,-1.10197128209058,-1.3057501043508444,-1.386409280681513,0.22792516523974538,-0.6548996353938888,-0.07276497175677328,-1.094526401978412,-0.7342672077230512,0.5596406313378746,0.9940178924830986,-1.0140993866100703,0
0.19177835920158307,1.016267636601896,1.205266384761961,0.9829463743659811,1.311066891365345,0.9578859753157553,-0.22305607767502658,-1.0464951220377958,-0.26133907645520743,-0.22756439290940172,0.34365317279289903,-1.0888907553982137,-1.4638465936690557,-0.21412760542783812,-0.5475771855040708,-1.3241312691859664,0.7302398134149221,0.5596406313378746,0.9940178924830986,0.9860966422066364,1
1.4366384271412658,-0.993932084149107,0.5892233670974757,0.9829463743659811,-0.9928903907106499,0.9578859753157553,0.5486688914218153,-1.0464951220377958,0.8123861809021163,-1.539174726681169,-0.9758694489220956,-0.6719140343572259,-1.3689592583540613,0.9283756270573854,-1.0223893992513682,-0.6353166675633032,-0.7342672077230512,0.5596406313378746,0.9940178924830986,0.9860966422066364,3
0.06158198512348779,-0.993932084149107,0.46601476356457855,0.9829463743659811,-0.9928903907106499,0.9578859753157553,-1.3806435313202894,-1.0464951220377958,1.2362250982800074,-0.6647678374999909,0.34365317279289903,-0.674167962579069,0.5010155449268021,0.3760274137735687,-0.5475771855040708,-0.1761069331481943,-1.2834573406497911,0.5596406313378746,0.9940178924830986,0.9860966422066364,2
-0.4500669235342901,-0.993932084149107,1.4516835918277553,0.9829463743659811,2.6934412606109417,0.9578859753157553,0.9896545880485821,1.0343568190481278,-1.3350643338125312,1.0840459408623657,1.333295139079145,0.1845786899431816,1.049510629552501,1.00583347332757,1.351671669485119,-1.3241312691859664,1.6455567016261552,0.5596406313378746,0.9940178924830986,0.9860966422066364,3
0.548105277731107,-0.993932084149107,-1.2589056858959802,-1.02762575501898,0.8502754349501459,-1.0439655927422493,-0.7191649863801393,0.34073950535281977,0.44505911917461083,-0.6647678374999909,0.013772517364150388,-1.0483200474050365,0.519530146939484,1.1054221328178073,0.16464113511687545,1.4311271373046865,-0.9173305853652978,0.5596406313378746,-1.0060181084889308,0.9860966422066364,3
0.5412528369901546,1.016267636601896,-0.3964454611657008,0.9829463743659811,-0.9928903907106499,0.9578859753157553,1.2652706484403113,-1.3933037788854497,0.8688980365525018,-0.22756439290940172,-0.8109291212077213,2.2446690847078457,0.9592519447406771,-0.5488561553811361,0.16464113511687545,0.5127076684744689,-1.4665207182920377,0.5596406313378746,-1.0060181084889308,0.9860966422066364,2
0.7148480024276149,1.016267636601896,0.8356405741632701,-1.02762575501898,0.38948397853494693,0.9578859753157553,-1.0499042588502143,-1.0464951220377958,-0.48738649905674925,0.6468424962717766,-0.15116781035022395,-0.8477204356609936,-0.5219162162738682,0.25707429271578514,-0.7849832923777195,-0.8649215347708576,-0.36814045243855786,0.5596406313378746,0.9940178924830986,0.9860966422066364,2
0.4910016048898371,1.016267636601896,-1.2589056858959802,0.9829463743659811,-0.7624946625030504,-1.0439655927422493,0.10768319479504852,0.6875481622004737,-1.6176236120644585,-0.22756439290940172,-1.14080977663647,-0.890545071876014,-0.5057159395127716,1.1939453856980184,-1.259795506125017,-0.1761069331481943,-1.1003939630075446,0.5596406313378746,0.9940178924830986,-1.0140993866100703,3
-0.5300120655120679,-0.993932084149107,0.5892233670974757,-1.02762575501898,-0.9928903907106499,-1.0439655927422493,0.7140385276568528,-1.3933037788854497,-1.2785524781621458,0.2096390516811874,-1.3057501043508444,1.2191317437692,0.642189385273501,1.4051102285060217,-0.7849832923777195,-1.3241312691859664,0.9133031910571687,-1.7868609675630667,-1.0060181084889308,-1.0140993866100703,3
-1.3408842198581,1.016267636601896,1.082057781229064,0.9829463743659811,1.0806711631577455,0.9578859753157553,-0.8294114105368309,0.6875481622004737,0.9254098922028873,0.2096390516811874,0.17871284507852472,-1.2804746542548837,-1.6027061087641694,-0.13851399359265787,-0.07276497175677328,0.9719174028895778,0.18104968048818207,0.5596406313378746,-1.0060181084889308,-1.0140993866100703,0
0.6052089505723768,-0.993932084149107,-0.026819650567009547,-1.02762575501898,1.7718583477805439,0.9578859753157553,0.10768319479504852,0.6875481622004737,0.049476129621912605,1.5212493854529547,0.838474155936022,-0.3112855188623174,-0.6445754546078852,0.628687531369171,-1.259795506125017,-0.8649215347708576,-0.7342672077230512,0.5596406313378746,-1.0060181084889308,0.9860966422066364,2
1.112289565402853,1.016267636601896,-0.7660712717643918,0.9829463743659811,-0.532098934295451,-1.0439655927422493,1.044777800126928,0.34073950535281977,1.4905284487067418,-0.22756439290940172,-1.14080977663647,-0.5997883312582442,-0.06599414171157848,0.10584706904542464,0.16464113511687545,0.7423125356820234,0.3641130581304287,0.5596406313378746,-1.0060181084889308,0.9860966422066364,2
-0.4797608334117504,1.016267636601896,0.46601476356457855,0.9829463743659811,0.15908825032734747,0.9578859753157553,-1.490889955476981,-1.0464951220377958,0.8688980365525018,0.2096390516811874,-0.31610813806459825,-0.8589900767702096,-0.6839189838848342,-1.4221011603557177,0.6394533488641729,0.2831028012669145,-1.2834573406497911,0.5596406313378746,0.9940178924830986,0.9860966422066364,0
0.7833724098371387,-0.993932084149107,1.574892195360652,-1.02762575501898,-0.532098934295451,0.9578859753157553,0.658915315578507,-0.006069151494834045,-0.7982017051338693,0.6468424962717766,0.5085935005072734,1.8953102103221533,1.2624285526983419,1.6282625951415537,1.1142655626114704,0.9719174028895778,-0.18507707479631122,0.5596406313378746,0.9940178924830986,0.9860966422066364,3
0.5458211308174561,1.016267636601896,-0.8892798752972889,0.9829463743659811,1.7718583477805439,-1.0439655927422493,0.8794081638918904,0.6875481622004737,-1.1655287668613747,0.2096390516811874,1.1683548113647708,0.11019905862235675,-0.855179052502141,-0.9066376357719889,-1.7346077198723144,-0.8649215347708576,-0.9173305853652978,-1.7868609675630667,-1.0060181084889308,0.9860966422066364,1
-0.1394229432777821,1.016267636601896,-0.2732368576328036,-1.02762575501898,-0.9928903907106499,-1.0439655927422493,0.9345313759702363,0.34073950535281977,-1.1090169112109893,0.2096390516811874,-1.635630759779593,-0.14900268688960866,-1.5170760744555158,0.3566629522060225,-1.4972016129986656,-0.6353166675633032,1.0963665686994153,-1.7868609675630667,-1.0060181084889308,-1.0140993866100703,2
-1.215256139607306,-0.993932084149107,0.7124319706303729,0.9829463743659811,-0.532098934295451,-1.0439655927422493,-0.38842571391006414,1.0343568190481278,-0.26133907645520743,-0.6647678374999909,1.1683548113647708,-0.33833265752443553,-1.5679912299903909,1.5803124998314395,-0.7849832923777195,-0.8649215347708576,-0.7342672077230512,0.5596406313378746,-1.0060181084889308,0.9860966422066364,3
-1.105617087752068,1.016267636601896,1.574892195360652,-1.02762575501898,0.15908825032734747,0.9578859753157553,1.044777800126928,-0.6996864651901419,1.2927369539303928,-0.22756439290940172,0.34365317279289903,-0.7440397374562074,-0.6052319253309364,0.5622950917090127,-0.5475771855040708,-1.094526401978412,0.9133031910571687,0.5596406313378746,-1.0060181084889308,0.9860966422066364,2
-0.7470060223088933,1.016267636601896,0.5892233670974757,-1.02762575501898,-0.7624946625030504,-1.0439655927422493,1.2101474363619655,-0.6996864651901419,0.5863387583005745,1.5212493854529547,-0.8109291212077213,-0.712484742350403,-0.4594294344810671,0.18975973583812467,1.5890777763587678,-0.1761069331481943,1.6455567016261552,-1.7868609675630667,0.9940178924830986,-1.0140993866100703,1
-1.3431683667717507,1.016267636601896,-0.8892798752972889,0.9829463743659811,-0.532098934295451,0.9578859753157553,1.706256345067078,-1.0464951220377958,1.0101776756784655,0.2096390516811874,-0.9758694489220956,-0.21887446176674716,-0.9107228585401864,0.11045765513293564,0.40204724199052416,0.7423125356820234,1.4624933239839086,0.5596406313378746,0.9940178924830986,-1.0140993866100703,1
0.5572418653857101,-0.993932084149107,0.7124319706303729,-1.02762575501898,-0.7624946625030504,0.9578859753157553,1.2101474363619655,-1.0464951220377958,1.0101776756784655,1.0840459408623657,-1.3057501043508444,-0.25719124153808115,-1.142155383698709,-0.2519344113454282,0.6394533488641729,1.6607320045122411,-1.6495840959342845,0.5596406313378746,0.9940178924830986,-1.0140993866100703,1
-0.7424377284815917,1.016267636601896,-0.7660712717643918,-1.02762575501898,-0.532098934295451,-1.0439655927422493,-1.546013167555327,1.0343568190481278,-1.1372728390361821,-1.10197128209058,0.34365317279289903,-1.0235268369647614,0.5635023267196033,-1.2137026692002209,-0.310171078630422,0.2831028012669145,-1.1003939630075446,0.5596406313378746,0.9940178924830986,-1.0140993866100703,0
0.4955698987171387,1.016267636601896,-1.2589056858959802,0.9829463743659811,0.6198797067425464,-1.0439655927422493,-1.3806435313202894,-0.3528778083424879,-0.9959931999102184,0.2096390516811874,0.34365317279289903,0.40095579924012664,-0.3413988466502205,-0.4953733567660085,-1.4972016129986656,-0.1761069331481943,1.6455567016261552,0.5596406313378746,-1.0060181084889308,0.9860966422066364,1
-0.1394229432777821,-0.993932084149107,0.8356405741632701,0.9829463743659811,0.38948397853494693,-1.0439655927422493,1.375517072597003,-0.6996864651901419,-1.5893676842392657,-0.6647678374999909,1.1683548113647708,-1.2376500180398633,0.2325538157429158,0.33914272507348076,0.8768594557378216,1.8903368717197957,-0.18507707479631122,0.5596406313378746,0.9940178924830986,-1.0140993866100703,2
0.602924803658726,1.016267636601896,-1.012488478830186,-1.02762575501898,1.311066891365345,0.9578859753157553,0.6037921035001611,-1.0464951220377958,0.7276183974265381,-0.22756439290940172,0.6735338282216478,0.44152650723330383,0.12146620366682491,-0.002040645402332542,0.6394533488641729,-1.094526401978412,-1.6495840959342845,0.5596406313378746,-1.0060181084889308,-1.0140993866100703,2
1.0095029542885674,1.016267636601896,1.205266384761961,-1.02762575501898,-0.532098934295451,-1.0439655927422493,-1.160150683006906,-0.3528778083424879,0.5015709748249962,-1.10197128209058,0.5085935005072734,-1.0145111240773887,-0.10765199624011257,-0.9241578629045307,-0.07276497175677328,0.053497934059360104,0.9133031910571687,-1.7868609675630667,0.9940178924830986,0.9860966422066364,0
-1.1969829642980998,-0.993932084149107,0.9588491776961667,0.9829463743659811,-0.07130747788025202,-1.0439655927422493,0.8794081638918904,-1.3933037788854497,0.5580828304753818,-0.22756439290940172,-0.6459887934933469,-1.4066946346781015,-1.5957631330094137,1.4613593787736558,0.40204724199052416,-0.8649215347708576,-0.18507707479631122,-1.7868609675630667,-1.0060181084889308,-1.0140993866100703,2
1.4549116024504722,-0.993932084149107,1.574892195360652,0.9829463743659811,-0.3017032060878515,0.9578859753157553,1.3203938605186571,-0.3528778083424879,1.1797132426296217,-0.6647678374999909,-0.9758694489220956,-0.9243539952036617,-1.5425336522229534,0.8269427331321436,-0.07276497175677328,-0.8649215347708576,1.279429946341662,0.5596406313378746,-1.0060181084889308,-1.0140993866100703,2
-0.11201318031397256,1.016267636601896,0.8356405741632701,0.9829463743659811,1.0806711631577455,-1.0439655927422493,0.8242849518135446,-0.6996864651901419,1.2927369539303928,0.6468424962717766,0.013772517364150388,1.739789163014974,0.438528763134001,-1.3833722372206254,-0.7849832923777195,-0.6353166675633032,1.4624933239839086,0.5596406313378746,0.9940178924830986,0.9860966422066364,0
1.178529825898726,1.016267636601896,-0.2732368576328036,-1.02762575501898,-0.9928903907106499,0.9578859753157553,-0.44354892598840995,-1.3933037788854497,-0.17657129297962923,1.0840459408623657,-1.3057501043508444,-0.8094036558896596,-0.40851427894619213,1.6716021043641571,-1.0223893992513682,-1.094526401978412,-0.7342672077230512,0.5596406313378746,-1.0060181084889308,0.9860966422066364,3
-0.096024151918417,-0.993932084149107,-0.2732368576328036,-1.02762575501898,-0.3017032060878515,0.9578859753157553,-0.6640417743017933,-0.006069151494834045,0.24726762439826172,0.6468424962717766,-0.4810484657789726,0.008772288639413765,0.8736219104320238,-0.3017287410905469,1.5890777763587678,-0.1761069331481943,-1.2834573406497911,0.5596406313378746,0.9940178924830986,0.9860966422066364,1
-0.4363620420523853,1.016267636601896,-0.7660712717643918,-1.02762575501898,1.311066891365345,0.9578859753157553,-0.22305607767502658,1.0343568190481278,1.5187843765319347,-1.10197128209058,1.4982354667935194,0.723267534963701,1.6743784474805123,-0.6143264778237921,-1.7346077198723144,-1.094526401978412,0.7302398134149221,0.5596406313378746,-1.0060181084889308,0.9860966422066364,1
1.480037218500631,1.016267636601896,1.8213094024264462,0.9829463743659811,0.38948397853494693,0.9578859753157553,-0.8294114105368309,-1.0464951220377958,-0.40261871558117107,1.5212493854529547,-0.4810484657789726,1.1875767486633955,1.2647428779499272,1.1284750632553624,1.351671669485119,2.3495466061349046,0.9133031910571687,0.5596406313378746,0.9940178924830986,-1.0140993866100703,3
1.2173603234307897,1.016267636601896,-1.2589056858959802,0.9829463743659811,-0.3017032060878515,-1.0439655927422493,1.761379557145424,0.6875481622004737,-0.6851779938330984,1.5212493854529547,0.838474155936022,-0.8454665074391504,-1.6351066622863626,-0.2676104040429656,-1.7346077198723144,-0.8649215347708576,1.6455567016261552,-1.7868609675630667,0.9940178924830986,0.9860966422066364,1
0.4156247567393609,-0.993932084149107,1.574892195360652,-1.02762575501898,-0.9928903907106499,0.9578859753157553,1.375517072597003,-0.3528778083424879,0.6993624696013454,-1.539174726681169,-1.3057501043508444,0.3062908139227132,0.9384230174764101,0.6001018976266028,0.16464113511687545,0.5127076684744689,0.5471764357726754,0.5596406313378746,-1.0060181084889308,0.9860966422066364,3
0.513843074026345,-0.993932084149107,-1.2589056858959802,0.9829463743659811,-0.9928903907106499,0.9578859753157553,-0.8294114105368309,0.6875481622004737,0.36029133569903266,0.6468424962717766,-0.31610813806459825,-0.5118851306063602,0.20709623797547833,-0.78122969419169,0.16464113511687545,0.053497934059360104,1.4624933239839086,0.5596406313378746,-1.0060181084889308,-1.0140993866100703,1
-1.1672890544206393,-0.993932084149107,0.9588491776961667,0.9829463743659811,-0.07130747788025202,-1.0439655927422493,-0.4986721380667558,1.0343568190481278,-0.826457632959062,-0.22756439290940172,-0.8109291212077213,-1.170032171384568,-1.0056101938551807,-1.5373658125434924,1.1142655626114704,0.9719174028895778,0.9133031910571687,0.5596406313378746,0.9940178924830986,0.9860966422066364,0
-0.6510718519355599,1.016267636601896,-1.2589056858959802,-1.02762575501898,-0.9928903907106499,-1.0439655927422493,0.9896545880485821,-0.6996864651901419,-0.17657129297962923,-1.10197128209058,0.17871284507852472,-0.9401314927565639,-0.447857808223141,-1.5548860396760342,1.1142655626114704,-1.3241312691859664,-1.6495840959342845,0.5596406313378746,-1.0060181084889308,-1.0140993866100703,0
-1.2655073717076235,-0.993932084149107,-1.2589056858959802,0.9829463743659811,0.8502754349501459,0.9578859753157553,-1.0499042588502143,1.0343568190481278,-1.6458795398896513,1.0840459408623657,0.838474155936022,1.005008562694098,-0.11228064674328303,1.001222887240059,0.6394533488641729,0.2831028012669145,-1.6495840959342845,0.5596406313378746,0.9940178924830986,0.9860966422066364,3
0.5321162493355514,-0.993932084149107,1.574892195360652,0.9829463743659811,-0.7624946625030504,-1.0439655927422493,0.2179296189517402,-0.006069151494834045,-0.28959500428040014,0.6468424962717766,0.013772517364150388,1.8186766507794851,1.1397693143643248,-1.0504879217023317,-0.07276497175677328,1.2015222700971322,-0.7342672077230512,0.5596406313378746,0.9940178924830986,-1.0140993866100703,1
-0.8817706902142902,1.016267636601896,0.5892233670974757,-1.02762575501898,1.311066891365345,0.9578859753157553,-1.6011363796336728,0.34073950535281977,1.688319943483091,-1.10197128209058,1.0034144836503964,0.0651204941854932,-1.1838132382272433,1.4539824410336384,0.6394533488641729,0.5127076684744689,-0.5512038300808045,0.5596406313378746,0.9940178924830986,-1.0140993866100703,3
0.525263808594599,-0.993932084149107,0.7124319706303729,-1.02762575501898,-0.9928903907106499,-1.0439655927422493,-1.3255203192419436,0.6875481622004737,-0.48738649905674925,1.0840459408623657,-1.635630759779593,-0.5569636950432237,-0.2742834143542489,-0.9887060681296845,-1.0223893992513682,-1.094526401978412,-1.4665207182920377,-1.7868609675630667,0.9940178924830986,-1.0140993866100703,0
0.16208444932412272,1.016267636601896,0.9588491776961667,0.9829463743659811,0.38948397853494693,-1.0439655927422493,1.375517072597003,1.3811654758957816,-0.1483153651544365,1.5212493854529547,-0.15116781035022395,-0.4420133557292217,-0.8389787757410444,-0.8752856503769142,0.8768594557378216,-1.3241312691859664,-0.5512038300808045,-1.7868609675630667,-1.0060181084889308,-1.0140993866100703,0
0.947830987619996,-0.993932084149107,0.3428061600316817,-1.02762575501898,-0.7624946625030504,-1.0439655927422493,-1.160150683006906,-0.6996864651901419,0.16249984092268352,1.0840459408623657,-1.3057501043508444,1.2146238873255137,1.0819111830746941,-0.972107958214645,-1.0223893992513682,-1.094526401978412,0.5471764357726754,0.5596406313378746,0.9940178924830986,0.9860966422066364,1
-0.7698474914454013,1.016267636601896,-1.012488478830186,-1.02762575501898,-0.3017032060878515,-1.0439655927422493,-1.6011363796336728,-0.6996864651901419,-0.17657129297962923,1.0840459408623657,-0.15116781035022395,0.06737442240733638,0.07749402388670559,1.1865684479580008,-0.07276497175677328,1.2015222700971322,0.7302398134149221,-1.7868609675630667,-1.0060181084889308,0.9860966422066364,3
0.47729672340793233,-0.993932084149107,-0.15002825409990672,0.9829463743659811,2.0022540759881435,-1.0439655927422493,-0.3333025018317183,1.7279741327434355,0.44505911917461083,-0.6647678374999909,1.0034144836503964,2.5850122462061655,1.385087791032359,-0.8752856503769142,-0.07276497175677328,0.7423125356820234,-0.9173305853652978,-1.7868609675630667,0.9940178924830986,-1.0140993866100703,1
0.8952956086060276,-0.993932084149107,-0.7660712717643918,0.9829463743659811,-0.532098934295451,0.9578859753157553,-1.6011363796336728,-1.3933037788854497,1.6318080878327055,1.0840459408623657,0.34365317279289903,-1.055081832070566,1.5123756798695465,-1.6812160984738354,0.16464113511687545,-0.1761069331481943,0.3641130581304287,0.5596406313378746,-1.0060181084889308,-1.0140993866100703,0
0.8427602295920594,-0.993932084149107,0.3428061600316817,0.9829463743659811,0.6198797067425464,-1.0439655927422493,-0.22305607767502658,-0.3528778083424879,1.2079691704548146,-1.10197128209058,0.5085935005072734,0.8292021613903303,-0.21642528306461825,-1.507858061583422,0.6394533488641729,1.2015222700971322,-0.5512038300808045,-1.7868609675630667,-1.0060181084889308,0.9860966422066364,0
1.7175884975203135,1.016267636601896,1.4516835918277553,-1.02762575501898,0.15908825032734747,0.9578859753157553,1.761379557145424,1.3811654758957816,0.13424391309749079,-1.10197128209058,0.5085935005072734,0.9306289313732733,0.1700670339501147,-0.36074424301068764,-1.7346077198723144,-0.6353166675633032,-0.5512038300808045,0.5596406313378746,0.9940178924830986,-1.0140993866100703,2
0.2511661789565037,-0.993932084149107,0.5892233670974757,0.9829463743659811,2.4630455324033425,-1.0439655927422493,1.6511331329887322,-0.6996864651901419,-0.7416898494834838,0.2096390516811874,1.0034144836503964,-0.11970162000564734,-1.1097548301765159,0.5825816704940611,-0.310171078630422,-0.6353166675633032,-1.2834573406497911,0.5596406313378746,-1.0060181084889308,-1.0140993866100703,2
0.7993614382326943,-0.993932084149107,1.205266384761961,-1.02762575501898,0.15908825032734747,0.9578859753157553,1.044777800126928,1.0343568190481278,1.5470403043571272,-1.539174726681169,1.333295139079145,0.3716547323561653,1.1374549891127397,0.44979679117374455,-1.0223893992513682,-0.8649215347708576,0.9133031910571687,0.5596406313378746,-1.0060181084889308,-1.0140993866100703,2
1.3818189012136468,1.016267636601896,0.9588491776961667,0.9829463743659811,-0.7624946625030504,-1.0439655927422493,1.044777800126928,0.6875481622004737,0.5015709748249962,1.5212493854529547,-1.14080977663647,-0.2526833850943948,-0.855179052502141,-0.3690432979682074,-1.7346077198723144,-1.094526401978412,0.5471764357726754,-1.7868609675630667,0.9940178924830986,0.9860966422066364,1
-1.203835405039052,1.016267636601896,-1.2589056858959802,0.9829463743659811,-0.3017032060878515,0.9578859753157553,0.16280640687339437,-1.0464951220377958,-1.5893676842392657,-1.10197128209058,0.013772517364150388,-0.19633517954831536,-0.10070902048535689,0.06066332538781693,0.8768594557378216,1.4311271373046865,-1.2834573406497911,0.5596406313378746,0.9940178924830986,0.9860966422066364,1
-0.6099572074898457,1.016267636601896,0.2195975564987845,-1.02762575501898,-0.9928903907106499,0.9578859753157553,1.2101474363619655,0.6875481622004737,-0.939481344259833,-0.6647678374999909,-0.9758694489220956,0.08089799173839544,-0.46637241023582277,-0.20675066768782052,0.8768594557378216,0.5127076684744689,1.4624933239839086,0.5596406313378746,-1.0060181084889308,0.9860966422066364,1
-5.193548790090959e-16,-0.993932084149107,-1.2589056858959802,0.9829463743659811,-0.532098934295451,0.9578859753157553,0.10768319479504852,1.0343568190481278,-1.1937846946865676,-0.6647678374999909,-0.8109291212077213,0.838217874277703,0.264954369265109,1.6513155255791088,-0.7849832923777195,0.5127076684744689,-1.6495840959342845,0.5596406313378746,-1.0060181084889308,0.9860966422066364,3
0.11411736413745606,-0.993932084149107,-0.7660712717643918,-1.02762575501898,1.311066891365345,0.9578859753157553,-0.38842571391006414,1.7279741327434355,1.066689531328851,0.6468424962717766,0.34365317279289903,0.27022796237322233,-0.815835523225192,-0.9970051230872043,-1.4972016129986656,-0.8649215347708576,-0.002013697154064573,0.5596406313378746,0.9940178924830986,-1.0140993866100703,0
-0.7013230840358774,-0.993932084149107,-0.2732368576328036,-1.02762575501898,-0.7624946625030504,-1.0439655927422493,1.761379557145424,0.6875481622004737,0.38854726352422536,1.0840459408623657,-1.3057501043508444,1.1965924615507681,-0.06367981645999325,1.5609480382638934,-1.0223893992513682,0.2831028012669145,-0.36814045243855786,0.5596406313378746,0.9940178924830986,0.9860966422066364,3
1.1602566505895198,1.016267636601896,-0.7660712717643918,-1.02762575501898,0.38948397853494693,0.9578859753157553,0.8794081638918904,0.6875481622004737,-1.3068084059873384,-0.6647678374999909,1.4982354667935194,0.6804428987486806,-0.2789120648574194,0.21926748679819502,1.1142655626114704,-0.8649215347708576,1.4624933239839086,0.5596406313378746,0.9940178924830986,-1.0140993866100703,2
-0.15312782475968686,1.016267636601896,0.7124319706303729,0.9829463743659811,-0.07130747788025202,-1.0439655927422493,0.49354567934346943,-1.3933037788854497,-1.2785524781621458,-0.6647678374999909,-0.4810484657789726,1.5076345561651268,1.4637748495862566,-0.9379896211670636,-1.259795506125017,-0.6353166675633032,-1.1003939630075446,-1.7868609675630667,-1.0060181084889308,-1.0140993866100703,1
-0.2536302889603218,1.016267636601896,-0.15002825409990672,-1.02762575501898,1.7718583477805439,-1.0439655927422493,1.1550242242836197,-0.3528778083424879,-1.5893676842392657,0.2096390516811874,0.6735338282216478,-0.08138484023431333,0.2742116702714499,0.7909801616495579,0.40204724199052416,0.7423125356820234,0.18104968048818207,0.5596406313378746,0.9940178924830986,-1.0140993866100703,3
-1.3134744568942902,-0.993932084149107,-0.3964454611657008,0.9829463743659811,-0.9928903907106499,-1.0439655927422493,-0.22305607767502658,1.3811654758957816,-0.9677372720850257,0.2096390516811874,-0.8109291212077213,0.2454347519329474,0.5681309772227737,-0.0758100228025084,1.1142655626114704,2.1199417389273503,1.4624933239839086,0.5596406313378746,0.9940178924830986,-1.0140993866100703,1
-1.6583806408555601,1.016267636601896,-1.2589056858959802,0.0,0.38948397853494693,0.9578859753157553,0.658915315578507,-1.3933037788854497,1.2927369539303928,-0.22756439290940172,0.34365317279289903,-0.05884555801588156,-0.8898939312759193,-0.7203699578365449,-1.7346077198723144,-1.094526401978412,-0.36814045243855786,0.5596406313378746,0.9940178924830986,-1.0140993866100703,0
1.1488359160212658,-0.993932084149107,0.9588491776961667,0.9829463743659811,1.0806711631577455,0.9578859753157553,0.6037921035001611,-0.3528778083424879,0.840642108727309,1.0840459408623657,0.34365317279289903,-0.432997642841849,-1.3203584280707716,0.4479525567387401,-0.07276497175677328,-0.6353166675633032,-0.18507707479631122,0.5596406313378746,-1.0060181084889308,0.9860966422066364,2
0.6234821258815831,1.016267636601896,0.2195975564987845,-1.02762575501898,1.7718583477805439,-1.0439655927422493,-1.4357667433986352,0.6875481622004737,0.6145946861257672,1.0840459408623657,1.1683548113647708,-0.991971841858957,-0.8505504019989705,0.19437032192563566,0.6394533488641729,0.2831028012669145,-0.7342672077230512,0.5596406313378746,0.9940178924830986,0.9860966422066364,2
1.7061677629520595,-0.993932084149107,-1.2589056858959802,0.9829463743659811,-0.3017032060878515,0.9578859753157553,1.044777800126928,-1.3933037788854497,0.6993624696013454,1.5212493854529547,1.6631757945078938,-0.8184193687770324,0.24643976725242717,-0.4704761918934492,1.1142655626114704,1.4311271373046865,-1.4665207182920377,0.5596406313378746,0.9940178924830986,0.9860966422066364,1
-0.6259462358854012,1.016267636601896,-0.026819650567009547,0.9829463743659811,0.15908825032734747,-1.0439655927422493,-1.0499042588502143,1.7279741327434355,-0.8829694886094475,-1.10197128209058,0.6735338282216478,-1.1610164584971954,-0.5867173233182545,-0.9094039874244955,-0.7849832923777195,0.5127076684744689,-0.18507707479631122,-1.7868609675630667,0.9940178924830986,-1.0140993866100703,0
-0.39296325069302024,1.016267636601896,1.082057781229064,0.9829463743659811,-0.3017032060878515,0.9578859753157553,0.4384224672651236,0.34073950535281977,-0.515642426881942,1.5212493854529547,0.838474155936022,-0.3405865857462787,1.7067790010027055,-1.4018145815706693,0.8768594557378216,1.8903368717197957,-0.002013697154064573,0.5596406313378746,-1.0060181084889308,-1.0140993866100703,0
0.7856565567507895,1.016267636601896,0.09638895296588762,-1.02762575501898,0.15908825032734747,0.9578859753157553,0.5486688914218153,1.0343568190481278,-0.6286661381827129,-0.6647678374999909,0.013772517364150388,-0.8341968663299346,-0.9014655575338455,1.4087986973760307,0.40204724199052416,0.9719174028895778,-0.36814045243855786,0.5596406313378746,-1.0060181084889308,-1.0140993866100703,3
0.9455468407063451,-0.993932084149107,-1.2589056858959802,0.9829463743659811,-0.532098934295451,0.9578859753157553,0.27305283103008604,1.3811654758957816,1.0101776756784655,-0.22756439290940172,-0.6459887934933469,-0.4465212121729081,1.2346566496793192,1.6882002142791965,1.5890777763587678,-0.4057118003557487,1.279429946341662,0.5596406313378746,0.9940178924830986,0.9860966422066364,3
0.4430345197031704,-0.993932084149107,0.09638895296588762,-1.02762575501898,0.6198797067425464,-1.0439655927422493,-1.546013167555327,0.6875481622004737,-0.20482722080482196,1.5212493854529547,0.17871284507852472,-0.8206732969988755,-1.047268048383715,-1.7208671388264298,-0.310171078630422,0.7423125356820234,-1.2834573406497911,0.5596406313378746,0.9940178924830986,0.9860966422066364,0
-1.0827756186155602,-0.993932084149107,1.698100798893549,-1.02762575501898,-0.9928903907106499,0.9578859753157553,-0.7742881984584851,-1.3933037788854497,0.36029133569903266,1.0840459408623657,-1.635630759779593,-1.4405035580057493,-1.0611539998932262,-0.9757964270846538,-0.310171078630422,-1.094526401978412,0.9133031910571687,0.5596406313378746,0.9940178924830986,-1.0140993866100703,0
1.3841030481272976,1.016267636601896,-1.2589056858959802,0.9829463743659811,1.311066891365345,-1.0439655927422493,1.5960099209103864,-0.6996864651901419,-1.250296550336953,-1.539174726681169,0.34365317279289903,-0.7958800865586005,-1.2879578745485785,-0.362588477445692,-0.7849832923777195,-0.1761069331481943,-0.9173305853652978,-1.7868609675630667,-1.0060181084889308,-1.0140993866100703,1
-1.1124695284930204,-0.993932084149107,-1.2589056858959802,0.9829463743659811,-0.7624946625030504,-1.0439655927422493,0.8794081638918904,0.6875481622004737,-1.5045999007636874,1.0840459408623657,0.5085935005072734,-1.0843828989545272,-1.211585141246266,1.6005990786164879,-1.259795506125017,-0.1761069331481943,0.9133031910571687,-1.7868609675630667,-1.0060181084889308,-1.0140993866100703,3
1.6193701802333293,-0.993932084149107,1.574892195360652,0.9829463743659811,0.8502754349501459,-1.0439655927422493,-0.8845346226151768,-1.3933037788854497,-1.1372728390361821,0.2096390516811874,0.013772517364150388,-0.03179841935376343,1.5933770636750293,1.3885121185909823,-0.7849832923777195,0.2831028012669145,1.0963665686994153,-1.7868609675630667,0.9940178924830986,-1.0140993866100703,3
-0.3701217815565123,-0.993932084149107,1.205266384761961,0.9829463743659811,-0.9928903907106499,0.9578859753157553,0.7140385276568528,1.7279741327434355,0.95366582002808,-0.6647678374999909,-0.9758694489220956,0.5677464876565218,0.12146620366682491,-0.14681304855017765,-1.4972016129986656,-0.8649215347708576,-0.9173305853652978,0.5596406313378746,0.9940178924830986,-1.0140993866100703,1
-0.7013230840358774,1.016267636601896,-1.2589056858959802,-1.02762575501898,-0.7624946625030504,0.9578859753157553,1.5408867088320406,0.6875481622004737,-1.024249127735411,-0.22756439290940172,-1.3057501043508444,-0.8499743638828368,-0.4015713031914364,-0.6134043606062899,-1.4972016129986656,-1.094526401978412,1.4624933239839086,0.5596406313378746,0.9940178924830986,-1.0140993866100703,0
1.6650531185063453,-0.993932084149107,-0.7660712717643918,-1.02762575501898,-0.9928903907106499,-1.0439655927422493,-0.5537953501451016,1.0343568190481278,-0.7134339216582911,-0.6647678374999909,-0.4810484657789726,0.48660507167016737,0.017321567345489692,0.18330491531560927,-0.7849832923777195,0.5127076684744689,-0.7342672077230512,-1.7868609675630667,-1.0060181084889308,0.9860966422066364,2
-0.26733517044222654,-0.993932084149107,-0.3964454611657008,-1.02762575501898,1.0806711631577455,-1.0439655927422493,-1.6562595917120186,0.34073950535281977,-0.5721542825323275,-0.22756439290940172,0.6735338282216478,-0.7079768859067166,-1.068096975647982,1.075914381857737,-0.310171078630422,-0.8649215347708576,0.3641130581304287,0.5596406313378746,0.9940178924830986,0.9860966422066364,2
0.7970772913190435,-0.993932084149107,-1.2589056858959802,-1.02762575501898,-0.9928903907106499,0.9578859753157553,1.5960099209103864,1.0343568190481278,0.5298269026501891,-1.539174726681169,0.5085935005072734,0.9441525007043323,0.7926205266265408,1.0583941547251954,1.351671669485119,-1.3241312691859664,1.0963665686994153,0.5596406313378746,0.9940178924830986,-1.0140993866100703,3
-1.4573757124542903,-0.993932084149107,0.7124319706303729,-1.02762575501898,-0.07130747788025202,-1.0439655927422493,-0.3333025018317183,-0.6996864651901419,-1.1090169112109893,-0.22756439290940172,1.333295139079145,-0.3067776624186311,-1.628163686531607,-1.112269775274979,-0.7849832923777195,-1.094526401978412,0.18104968048818207,-1.7868609675630667,-1.0060181084889308,-1.0140993866100703,0
0.8587492579876149,-0.993932084149107,-1.2589056858959802,-1.02762575501898,2.2326498041957428,-1.0439655927422493,-0.9396578346935226,-1.3933037788854497,-0.2330831486300147,-0.22756439290940172,1.0034144836503964,-0.052083773350352025,0.01037859159073401,1.25757147370567,0.8768594557378216,-0.8649215347708576,-1.4665207182920377,-1.7868609675630667,-1.0060181084889308,0.9860966422066364,3
0.7993614382326943,1.016267636601896,0.8356405741632701,0.9829463743659811,-0.532098934295451,-1.0439655927422493,1.430640284675349,-1.3933037788854497,-0.3461068599307856,-0.22756439290940172,-0.9758694489220956,0.7029821809671124,1.5262616313790578,1.6937329175842097,0.8768594557378216,1.8903368717197957,0.5471764357726754,0.5596406313378746,-1.0060181084889308,0.9860966422066364,3
0.4064881690847577,1.016267636601896,1.4516835918277553,-1.02762575501898,-0.532098934295451,0.9578859753157553,1.3203938605186571,1.3811654758957816,-0.7416898494834838,0.6468424962717766,-0.9758694489220956,-0.3405865857462787,0.9199084154637283,-1.4147242226157002,-0.310171078630422,-0.6353166675633032,-0.9173305853652978,0.5596406313378746,-1.0060181084889308,0.9860966422066364,0
-5.193548790090959e-16,1.016267636601896,-1.012488478830186,-1.02762575501898,-0.7624946625030504,0.9578859753157553,0.10768319479504852,-1.3933037788854497,-1.2785524781621458,-1.539174726681169,-1.14080977663647,-0.9221000669818185,0.02889319360341583,1.4539824410336384,0.6394533488641729,0.7423125356820234,-0.5512038300808045,0.5596406313378746,0.9940178924830986,-1.0140993866100703,3
0.20776738759713861,1.016267636601896,-0.2732368576328036,0.9829463743659811,2.2326498041957428,-1.0439655927422493,-1.6011363796336728,-0.6996864651901419,-1.6176236120644585,0.2096390516811874,1.1683548113647708,0.7548225300695055,0.024264543100245374,-1.5318331092384792,0.40204724199052416,0.053497934059360104,-0.002013697154064573,-1.7868609675630667,-1.0060181084889308,0.9860966422066364,0
0.5412528369901546,-0.993932084149107,-1.2589056858959802,-1.02762575501898,-0.9928903907106499,0.9578859753157553,0.6037921035001611,0.6875481622004737,0.219011696573069,-1.10197128209058,-1.3057501043508444,2.578250461540636,1.6674354717257567,1.401421759636013,0.6394533488641729,0.9719174028895778,-0.9173305853652978,0.5596406313378746,-1.0060181084889308,0.9860966422066364,3
0.7765199690961864,1.016267636601896,-0.026819650567009547,-1.02762575501898,-0.9928903907106499,-1.0439655927422493,-0.2781792897533724,-1.0464951220377958,0.049476129621912605,0.6468424962717766,1.333295139079145,0.41898722501487207,0.5380447489521658,-0.3791865873607316,0.8768594557378216,-0.4057118003557487,-0.18507707479631122,0.5596406313378746,0.9940178924830986,0.9860966422066364,1
0.08670760117364652,-0.993932084149107,1.8213094024264462,-1.02762575501898,-0.9928903907106499,0.9578859753157553,0.49354567934346943,-0.6996864651901419,1.688319943483091,-0.22756439290940172,-1.14080977663647,0.5790161287657376,-0.3737994001724137,-1.563185094633554,-0.7849832923777195,-0.4057118003557487,0.5471764357726754,0.5596406313378746,0.9940178924830986,0.9860966422066364,0
-0.3427120185927028,1.016267636601896,-0.7660712717643918,0.9829463743659811,1.7718583477805439,0.9578859753157553,-1.6562595917120186,0.6875481622004737,0.13424391309749079,0.2096390516811874,0.838474155936022,-0.02052877824454754,0.017321567345489692,0.5908807254515809,0.16464113511687545,1.4311271373046865,-0.18507707479631122,0.5596406313378746,-1.0060181084889308,0.9860966422066364,2
0.9683883098428531,1.016267636601896,1.205266384761961,0.9829463743659811,2.0022540759881435,0.9578859753157553,-0.2781792897533724,-0.6996864651901419,0.8123861809021163,-0.22756439290940172,0.6735338282216478,0.41898722501487207,0.43390011263083056,-0.03708109966741607,-1.259795506125017,-1.094526401978412,1.279429946341662,0.5596406313378746,-1.0060181084889308,-1.0140993866100703,2
1.62165432714698,-0.993932084149107,0.3428061600316817,-1.02762575501898,-0.9928903907106499,-1.0439655927422493,-0.6640417743017933,1.0343568190481278,1.2927369539303928,0.2096390516811874,-0.9758694489220956,-0.2864923084220425,-1.5263333754618569,-0.9213915112520241,1.1142655626114704,0.9719174028895778,-0.36814045243855786,-1.7868609675630667,-1.0060181084889308,-1.0140993866100703,1
-0.23078881982381386,-0.993932084149107,-0.5196540646985977,-1.02762575501898,0.15908825032734747,0.9578859753157553,0.8794081638918904,0.34073950535281977,-0.8829694886094475,-0.6647678374999909,0.6735338282216478,-0.928861851647348,1.2161420476666374,-0.0702773194974952,-1.4972016129986656,-1.3241312691859664,1.279429946341662,0.5596406313378746,0.9940178924830986,0.9860966422066364,2
-1.2655073717076235,-0.993932084149107,1.4516835918277553,-1.02762575501898,0.6198797067425464,-1.0439655927422493,-0.8294114105368309,-0.6996864651901419,0.95366582002808,0.6468424962717766,1.6631757945078938,0.18007083349949524,-0.8829509555211636,-0.8310240239368086,-1.0223893992513682,-1.3241312691859664,1.279429946341662,0.5596406313378746,-1.0060181084889308,0.9860966422066364,0
1.4846055123279325,-0.993932084149107,1.574892195360652,-1.02762575501898,0.15908825032734747,0.9578859753157553,-0.05768644143998903,1.7279741327434355,-0.2330831486300147,-1.539174726681169,0.013772517364150388,-1.070859329623468,-0.33677019614705006,1.4272410417260746,-1.7346077198723144,-1.094526401978412,-1.4665207182920377,0.5596406313378746,0.9940178924830986,0.9860966422066364,3
-0.872634102559687,1.016267636601896,0.5892233670974757,0.9829463743659811,-0.3017032060878515,-1.0439655927422493,-0.8294114105368309,-1.0464951220377958,1.5470403043571272,1.0840459408623657,-0.15116781035022395,-1.1001603965074296,-0.7024335858975159,0.8997899933148172,1.1142655626114704,-0.1761069331481943,0.3641130581304287,0.5596406313378746,0.9940178924830986,-1.0140993866100703,2
1.514299422205393,-0.993932084149107,1.574892195360652,0.9829463743659811,0.38948397853494693,-1.0439655927422493,0.9896545880485821,1.0343568190481278,-0.45913057123155654,1.5212493854529547,-0.15116781035022395,1.1199589020081002,0.3274411510579101,-1.642487175338743,-0.310171078630422,0.5127076684744689,1.279429946341662,-1.7868609675630667,0.9940178924830986,-1.0140993866100703,0
-0.03206803833619477,1.016267636601896,1.082057781229064,-1.02762575501898,-0.9928903907106499,-1.0439655927422493,-0.9396578346935226,-1.3933037788854497,0.4168031913494181,0.2096390516811874,-1.635630759779593,0.43927257901146066,-0.6237465273436182,-0.14220246246266666,0.8768594557378216,0.5127076684744689,0.7302398134149221,0.5596406313378746,0.9940178924830986,-1.0140993866100703,1
-0.39524739760667105,-0.993932084149107,0.09638895296588762,-1.02762575501898,0.15908825032734747,-1.0439655927422493,0.38329925518677777,0.34073950535281977,-0.26133907645520743,0.2096390516811874,1.1683548113647708,-0.5502019103776942,0.774105924613859,0.5567623884039995,-1.4972016129986656,-1.3241312691859664,1.0963665686994153,0.5596406313378746,0.9940178924830986,0.9860966422066364,2
0.7194162962549165,1.016267636601896,-1.2589056858959802,0.9829463743659811,1.5414626195729444,-1.0439655927422493,-1.490889955476981,1.7279741327434355,-0.45913057123155654,-0.6647678374999909,0.34365317279289903,-0.5637254797087533,0.7579056478527624,1.3931227046784933,-1.259795506125017,-0.4057118003557487,1.279429946341662,-1.7868609675630667,-1.0060181084889308,-1.0140993866100703,3
0.22375641599269416,-0.993932084149107,-1.2589056858959802,-1.02762575501898,2.0022540759881435,-1.0439655927422493,-0.05768644143998903,1.0343568190481278,1.2927369539303928,-1.10197128209058,1.6631757945078938,-1.3458385726883357,-1.405988462379425,0.05144215321279495,-1.259795506125017,-0.4057118003557487,0.9133031910571687,0.5596406313378746,-1.0060181084889308,0.9860966422066364,1
1.569118948133012,1.016267636601896,0.2195975564987845,0.9829463743659811,-0.7624946625030504,0.9578859753157553,0.05255998271670267,-0.3528778083424879,0.8971539643776945,-0.6647678374999909,-1.3057501043508444,0.7593303865131918,-0.21873960831620348,0.33545425620347197,-1.4972016129986656,-1.094526401978412,0.5471764357726754,0.5596406313378746,-1.0060181084889308,-1.0140993866100703,2
-0.8452243395958775,-0.993932084149107,-0.2732368576328036,0.9829463743659811,-0.3017032060878515,-1.0439655927422493,0.10768319479504852,-1.3933037788854497,-1.024249127735411,-1.10197128209058,-0.9758694489220956,-0.37664943729576955,-1.648992613795874,1.6042875474864966,0.16464113511687545,-0.6353166675633032,-0.002013697154064573,0.5596406313378746,-1.0060181084889308,-1.0140993866100703,3
0.08899174808729732,1.016267636601896,-1.2589056858959802,0.9829463743659811,-0.7624946625030504,-1.0439655927422493,1.2101474363619655,-1.3933037788854497,-1.024249127735411,1.5212493854529547,1.0034144836503964,-0.1444948304459223,-1.160669985711391,-0.8937279947269582,-1.259795506125017,-1.094526401978412,1.6455567016261552,-1.7868609675630667,-1.0060181084889308,0.9860966422066364,0
1.2196444703444405,1.016267636601896,1.205266384761961,-1.02762575501898,2.6934412606109417,0.9578859753157553,-0.002563229361643179,0.34073950535281977,0.840642108727309,0.6468424962717766,1.333295139079145,1.2844956622026522,0.510272845933143,1.3294966166708415,1.1142655626114704,0.053497934059360104,0.3641130581304287,0.5596406313378746,-1.0060181084889308,0.9860966422066364,3
0.9638200160155515,1.016267636601896,-0.8892798752972889,0.9829463743659811,-0.7624946625030504,0.9578859753157553,-1.4357667433986352,1.7279741327434355,-0.8829694886094475,1.0840459408623657,-1.3057501043508444,-0.115193763561961,0.1978389369691374,-1.1620641050200977,-0.7849832923777195,0.5127076684744689,-1.6495840959342845,0.5596406313378746,-1.0060181084889308,0.9860966422066364,1
0.45445525427142436,-0.993932084149107,0.8356405741632701,-1.02762575501898,-0.9928903907106499,0.9578859753157553,-0.002563229361643179,0.34073950535281977,1.0101776756784655,1.0840459408623657,-0.6459887934933469,0.0854058481820818,0.9523089689859214,-1.1574535189325867,1.5890777763587678,1.6607320045122411,-0.36814045243855786,0.5596406313378746,0.9940178924830986,0.9860966422066364,0
0.9638200160155515,1.016267636601896,-0.15002825409990672,-1.02762575501898,-0.9928903907106499,-1.0439655927422493,-0.16793286559668072,-0.6996864651901419,-0.6004102103575202,-1.10197128209058,-1.635630759779593,-0.24592160042886527,-0.9037798827854308,-1.413802105398198,-0.7849832923777195,-0.8649215347708576,-0.36814045243855786,0.5596406313378746,0.9940178924830986,0.9860966422066364,0
1.3863871950409483,1.016267636601896,-1.135697082363083,-1.02762575501898,-0.7624946625030504,-1.0439655927422493,-0.7191649863801393,0.6875481622004737,0.5298269026501891,-1.539174726681169,-1.3057501043508444,-1.2669510849238246,-1.1074405049249307,-0.7295911300115668,0.6394533488641729,0.053497934059360104,-0.002013697154064573,-1.7868609675630667,0.9940178924830986,0.9860966422066364,1
0.04787710364158303,1.016267636601896,0.5892233670974757,0.9829463743659811,-0.532098934295451,0.9578859753157553,-0.4986721380667558,-1.0464951220377958,-0.48738649905674925,1.0840459408623657,0.013772517364150388,0.5857779134312672,0.14229513093109195,0.0772614353028565,-0.07276497175677328,1.2015222700971322,-0.18507707479631122,0.5596406313378746,-1.0060181084889308,0.9860966422066364,2
-1.660664787769211,1.016267636601896,-1.2589056858959802,0.9829463743659811,0.6198797067425464,-1.0439655927422493,-0.9396578346935226,1.3811654758957816,-1.6176236120644585,-0.6647678374999909,0.838474155936022,-0.8927990000978572,1.3827734657807738,0.4479525567387401,1.351671669485119,1.8903368717197957,0.7302398134149221,-1.7868609675630667,0.9940178924830986,0.9860966422066364,2
-1.5030586507273063,-0.993932084149107,0.8356405741632701,-1.02762575501898,-0.9928903907106499,-1.0439655927422493,1.4857634967536948,0.6875481622004737,1.2644810261052,0.2096390516811874,-0.6459887934933469,0.35587723480326305,0.8365927064066601,0.6406750551966995,1.5890777763587678,2.579151473342459,-0.36814045243855786,-1.7868609675630667,-1.0060181084889308,0.9860966422066364,2
1.445775014795869,1.016267636601896,0.9588491776961667,-1.02762575501898,0.38948397853494693,-1.0439655927422493,0.658915315578507,0.6875481622004737,-0.17657129297962923,-0.6647678374999909,0.838474155936022,-0.4194740735107899,0.017321567345489692,-0.15603422072519962,-0.7849832923777195,-0.4057118003557487,0.7302398134149221,0.5596406313378746,-1.0060181084889308,0.9860966422066364,2
-1.260939077880322,1.016267636601896,-0.2732368576328036,-1.02762575501898,1.0806711631577455,0.9578859753157553,0.9896545880485821,0.34073950535281977,0.3037794800486472,-0.22756439290940172,1.6631757945078938,-0.13773304578039278,-0.23262555982571484,1.191179034045512,0.40204724199052416,0.053497934059360104,-0.5512038300808045,0.5596406313378746,0.9940178924830986,-1.0140993866100703,3
-0.4043839852612742,1.016267636601896,1.205266384761961,0.9829463743659811,0.38948397853494693,-1.0439655927422493,-1.2152738950852517,1.3811654758957816,0.5580828304753818,-1.539174726681169,0.5085935005072734,2.143242314724903,1.2855718052141942,1.5480383972188625,-1.259795506125017,-0.6353166675633032,0.9133031910571687,-1.7868609675630667,-1.0060181084889308,0.9860966422066364,3
1.002650513547615,1.016267636601896,0.9588491776961667,0.9829463743659811,1.5414626195729444,-1.0439655927422493,-1.3806435313202894,-0.006069151494834045,1.462272520881549,-1.539174726681169,0.6735338282216478,-0.5118851306063602,1.1837414941444442,-1.4294780980957353,-1.7346077198723144,-0.6353166675633032,1.4624933239839086,0.5596406313378746,-1.0060181084889308,-1.0140993866100703,0
0.4064881690847577,1.016267636601896,-1.2589056858959802,-1.02762575501898,1.311066891365345,0.9578859753157553,0.7140385276568528,1.3811654758957816,0.7276183974265381,-0.22756439290940172,1.4982354667935194,-0.6335972545858918,-0.5149732405191125,0.004414175120182845,0.16464113511687545,0.7423125356820234,0.18104968048818207,0.5596406313378746,-1.0060181084889308,0.9860966422066364,1
-0.3769742222974647,-0.993932084149107,1.082057781229064,0.9829463743659811,-0.532098934295451,0.9578859753157553,-1.2703971071635978,1.3811654758957816,-1.052505055560604,0.6468424962717766,0.6735338282216478,0.6781889705268375,-0.693176284891175,-0.16248904124771502,0.16464113511687545,-1.094526401978412,1.279429946341662,0.5596406313378746,0.9940178924830986,0.9860966422066364,1
1.3544091382498373,-0.993932084149107,-1.012488478830186,-1.02762575501898,-0.532098934295451,-1.0439655927422493,-1.6562595917120186,0.34073950535281977,-1.4198321172881094,1.0840459408623657,-0.6459887934933469,-1.0347964780739773,-1.3828452098635728,0.787291692779549,1.351671669485119,0.2831028012669145,1.279429946341662,-1.7868609675630667,-1.0060181084889308,-1.0140993866100703,2
-0.4569193642752425,-0.993932084149107,-0.2732368576328036,-1.02762575501898,-0.9928903907106499,0.9578859753157553,-1.1050274709285601,1.0343568190481278,1.688319943483091,1.5212493854529547,-1.635630759779593,1.7645823734552488,1.3318583102458987,-0.4658656058059382,-1.259795506125017,-1.094526401978412,-0.18507707479631122,0.5596406313378746,0.9940178924830986,0.9860966422066364,1
-0.4112364260022266,-0.993932084149107,1.082057781229064,-1.02762575501898,0.8502754349501459,-1.0439655927422493,1.5960099209103864,-1.3933037788854497,-0.17657129297962923,-0.6647678374999909,1.333295139079145,2.1815590944962366,1.537833257636984,1.4678141992961713,0.6394533488641729,1.6607320045122411,-0.002013697154064573,0.5596406313378746,0.9940178924830986,-1.0140993866100703,3
0.8381919357647578,-0.993932084149107,-0.15002825409990672,-1.02762575501898,-0.3017032060878515,-1.0439655927422493,1.375517072597003,-1.3933037788854497,0.38854726352422536,-0.22756439290940172,-0.9758694489220956,1.0861499786804525,1.5563478596496658,1.2262194883105955,0.16464113511687545,0.5127076684744689,1.6455567016261552,-1.7868609675630667,-1.0060181084889308,0.9860966422066364,3
1.5736872419603134,1.016267636601896,0.3428061600316817,-1.02762575501898,1.0806711631577455,0.9578859753157553,-0.7191649863801393,1.7279741327434355,1.3209928817555854,-0.6647678374999909,1.6631757945078938,0.10343727395682721,0.7602199731043476,1.5240633495638054,-1.259795506125017,-0.8649215347708576,0.3641130581304287,0.5596406313378746,0.9940178924830986,0.9860966422066364,3
1.4526274555368215,1.016267636601896,-1.2589056858959802,0.9829463743659811,1.5414626195729444,0.9578859753157553,1.2652706484403113,0.6875481622004737,-1.3915761894629166,-1.539174726681169,1.1683548113647708,2.6075515284245974,1.5980057141781998,0.5420085129239643,-1.259795506125017,-0.8649215347708576,-0.9173305853652978,0.5596406313378746,-1.0060181084889308,0.9860966422066364,3
-0.2536302889603218,1.016267636601896,-0.5196540646985977,-1.02762575501898,1.0806711631577455,0.9578859753157553,0.7691617397351987,1.3811654758957816,-0.1483153651544365,1.5212493854529547,0.013772517364150388,0.23867296726741785,0.764848623607518,-0.6364572910438449,-1.7346077198723144,-1.3241312691859664,-0.002013697154064573,0.5596406313378746,-1.0060181084889308,-1.0140993866100703,1
1.1625407975031705,-0.993932084149107,0.2195975564987845,0.9829463743659811,0.38948397853494693,0.9578859753157553,-0.9947810467718684,-0.006069151494834045,0.16249984092268352,-0.6647678374999909,-0.4810484657789726,0.482097215226481,-0.040536563944140985,1.7001877381067252,0.8768594557378216,1.4311271373046865,-1.4665207182920377,0.5596406313378746,-1.0060181084889308,0.9860966422066364,3
0.39735158143015453,-0.993932084149107,-1.2589056858959802,0.9829463743659811,0.15908825032734747,-1.0439655927422493,1.044777800126928,-0.6996864651901419,-0.6569220660079056,0.2096390516811874,0.17871284507852472,-1.0325425498521341,-1.699907769330749,1.1607491658679394,0.8768594557378216,-0.1761069331481943,-1.6495840959342845,-1.7868609675630667,-1.0060181084889308,-1.0140993866100703,3
-0.9457268037965124,-0.993932084149107,-1.2589056858959802,0.9829463743659811,-0.9928903907106499,0.9578859753157553,-0.4986721380667558,-1.3933037788854497,-1.5328558285888803,-1.10197128209058,-1.635630759779593,-0.9897179136371138,1.5401475828885691,1.0639268580302086,-1.0223893992513682,0.053497934059360104,-1.6495840959342845,0.5596406313378746,-1.0060181084889308,0.9860966422066364,3
0.7993614382326943,0.0,-0.15002825409990672,-1.02762575501898,-0.3017032060878515,0.9578859753157553,-0.3333025018317183,-1.3933037788854497,-1.1372728390361821,1.5212493854529547,1.0034144836503964,2.3167947878068276,1.1744841931381034,1.7020319725417297,0.8768594557378216,0.5127076684744689,1.279429946341662,0.5596406313378746,-1.0060181084889308,0.9860966422066364,3
-1.6081294087552427,1.016267636601896,-1.2589056858959802,0.9829463743659811,0.8502754349501459,0.9578859753157553,1.2101474363619655,-0.006069151494834045,0.13424391309749079,1.5212493854529547,0.838474155936022,0.1462619101718476,-0.723262513161783,0.5069680586588808,0.40204724199052416,0.5127076684744689,-0.18507707479631122,0.5596406313378746,-1.0060181084889308,-1.0140993866100703,2
1.235633498739996,1.016267636601896,-1.2589056858959802,-1.02762575501898,0.38948397853494693,-1.0439655927422493,-0.2781792897533724,-1.3933037788854497,1.4057606652311636,-0.22756439290940172,0.17871284507852472,1.5459513359364607,0.48944391866887604,0.6010240148441051,1.5890777763587678,2.579151473342459,0.5471764357726754,0.5596406313378746,0.9940178924830986,0.9860966422066364,3
0.9866614851520594,-0.993932084149107,-1.135697082363083,0.9829463743659811,0.6198797067425464,0.9578859753157553,1.5960099209103864,-1.3933037788854497,-0.3178509321055929,-1.10197128209058,0.17871284507852472,-0.8612440049920527,-0.9338661110560387,0.19529243914313785,-0.5475771855040708,-0.4057118003557487,-0.7342672077230512,0.5596406313378746,-1.0060181084889308,-1.0140993866100703,2
1.3292835221996786,-0.993932084149107,-0.7660712717643918,-1.02762575501898,1.0806711631577455,0.9578859753157553,-1.1050274709285601,-0.6996864651901419,-0.7416898494834838,-1.539174726681169,1.333295139079145,-1.23539608981802,1.2763145042078532,0.28197145758834447,-1.259795506125017,-0.4057118003557487,-0.9173305853652978,0.5596406313378746,0.9940178924830986,0.9860966422066364,2
-0.3724059284701631,1.016267636601896,1.328474988294858,-1.02762575501898,-0.3017032060878515,0.9578859753157553,0.3281760431084319,0.6875481622004737,-0.6004102103575202,0.6468424962717766,-0.31610813806459825,-1.1632703867190384,-0.7788063191998285,-1.1371669401475384,1.351671669485119,-0.6353166675633032,-0.36814045243855786,0.5596406313378746,0.9940178924830986,-1.0140993866100703,0
-1.6149818494961952,1.016267636601896,-0.8892798752972889,0.9829463743659811,-0.3017032060878515,-1.0439655927422493,-1.3255203192419436,-1.3933037788854497,1.4905284487067418,0.2096390516811874,0.013772517364150388,1.2799878057589658,0.23718246624608627,-1.2874720466003968,0.16464113511687545,-0.1761069331481943,-0.5512038300808045,0.5596406313378746,0.9940178924830986,-1.0140993866100703,0
-1.0553658556517505,1.016267636601896,1.328474988294858,-1.02762575501898,-0.3017032060878515,-1.0439655927422493,-0.11280965351833487,1.3811654758957816,0.219011696573069,0.2096390516811874,1.1683548113647708,-1.0280346934084479,-0.25114016183839666,1.624574126271545,0.40204724199052416,0.9719174028895778,-0.7342672077230512,0.5596406313378746,-1.0060181084889308,-1.0140993866100703,3
-0.050341213645401124,1.016267636601896,-1.2589056858959802,-1.02762575501898,-0.3017032060878515,-1.0439655927422493,-0.8294114105368309,-0.006069151494834045,1.1797132426296217,-0.22756439290940172,0.5085935005072734,-0.03856020401929296,-1.4337603653984476,-0.381030821795736,-1.259795506125017,-0.6353166675633032,-0.36814045243855786,0.5596406313378746,-1.0060181084889308,0.9860966422066364,1
0.9523992814472975,1.016267636601896,0.09638895296588762,0.9829463743659811,-0.9928903907106499,-1.0439655927422493,-0.8845346226151768,1.7279741327434355,-0.6569220660079056,1.0840459408623657,-1.3057501043508444,-0.7327700963469916,-0.815835523225192,0.6747933922442809,0.40204724199052416,-0.6353166675633032,1.6455567016261552,0.5596406313378746,0.9940178924830986,0.9860966422066364,2
-0.12343391488222653,-0.993932084149107,0.46601476356457855,-1.02762575501898,-0.9928903907106499,-1.0439655927422493,-0.05768644143998903,-0.3528778083424879,0.3320354078738399,1.5212493854529547,-0.4810484657789726,0.4325107943459311,0.9037081387026317,0.29764745028588185,0.8768594557378216,-0.8649215347708576,-1.4665207182920377,0.5596406313378746,0.9940178924830986,0.9860966422066364,2
-1.5121952383819093,-0.993932084149107,1.082057781229064,-1.02762575501898,0.8502754349501459,0.9578859753157553,0.27305283103008604,1.3811654758957816,0.5863387583005745,0.6468424962717766,1.6631757945078938,0.9959928498067254,0.45935769039826807,-1.2081699658952076,-0.310171078630422,0.2831028012669145,1.4624933239839086,0.5596406313378746,0.9940178924830986,0.9860966422066364,0
-1.1467317321977823,1.016267636601896,1.082057781229064,0.9829463743659811,0.6198797067425464,-1.0439655927422493,0.9345313759702363,0.34073950535281977,1.4905284487067418,-0.22756439290940172,1.0034144836503964,0.3062908139227132,0.48944391866887604,0.7623945279069897,-1.259795506125017,-1.3241312691859664,-0.18507707479631122,-1.7868609675630667,0.9940178924830986,-1.0140993866100703,2
-1.2221085803482585,-0.993932084149107,0.8356405741632701,0.9829463743659811,-0.07130747788025202,-1.0439655927422493,1.1550242242836197,-1.0464951220377958,1.2927369539303928,0.6468424962717766,-0.6459887934933469,-0.8882911436541708,-0.5520024445444762,1.4097208145935327,-1.259795506125017,-1.094526401978412,0.7302398134149221,0.5596406313378746,0.9940178924830986,0.9860966422066364,2
-1.6309708778917507,1.016267636601896,-1.2589056858959802,0.9829463743659811,0.15908825032734747,-1.0439655927422493,1.044777800126928,-0.006069151494834045,-0.09180350950405104,1.5212493854529547,0.17871284507852472,-0.8634979332138959,0.7764202498654442,-0.2150497226453403,1.351671669485119,-0.6353166675633032,0.18104968048818207,-1.7868609675630667,0.9940178924830986,-1.0140993866100703,1
-1.6789379630784174,1.016267636601896,-1.2589056858959802,0.9829463743659811,0.15908825032734747,-1.0439655927422493,-0.8845346226151768,-1.3933037788854497,0.7276183974265381,-1.539174726681169,-0.15116781035022395,0.2747358188169087,0.956937619489092,-1.3123692114729562,1.1142655626114704,2.1199417389273503,0.7302398134149221,0.5596406313378746,-1.0060181084889308,0.9860966422066364,0
-1.0188195050333377,-0.993932084149107,-0.3964454611657008,0.9829463743659811,-0.7624946625030504,0.9578859753157553,0.3281760431084319,0.34073950535281977,1.0101776756784655,-0.22756439290940172,-0.4810484657789726,1.309288872642927,1.304086407226876,0.935752564797403,-1.4972016129986656,-1.094526401978412,0.18104968048818207,0.5596406313378746,0.9940178924830986,0.9860966422066364,3
-1.5304684136911157,-0.993932084149107,-1.135697082363083,0.9829463743659811,-0.532098934295451,-1.0439655927422493,0.38329925518677777,-1.3933037788854497,1.2362250982800074,1.5212493854529547,-0.15116781035022395,-0.5772490490398123,-1.1861275634788284,0.633298117456682,-1.259795506125017,0.053497934059360104,-0.7342672077230512,0.5596406313378746,-1.0060181084889308,0.9860966422066364,1
0.8016455851463451,-0.993932084149107,0.46601476356457855,0.9829463743659811,-0.3017032060878515,0.9578859753157553,-0.6089185622234475,1.7279741327434355,0.5580828304753818,0.2096390516811874,1.333295139079145,0.6195868367589148,-0.6677187071237376,-0.39025199397075794,-0.310171078630422,-0.4057118003557487,-1.2834573406497911,0.5596406313378746,-1.0060181084889308,0.9860966422066364,1
-1.215256139607306,-0.993932084149107,-1.2589056858959802,-1.02762575501898,-0.9928903907106499,0.9578859753157553,-0.8845346226151768,-1.3933037788854497,1.5187843765319347,-1.10197128209058,-1.635630759779593,0.8607571564961348,0.5935885549902112,-0.25009017691042384,1.1142655626114704,1.8903368717197957,0.18104968048818207,0.5596406313378746,0.9940178924830986,0.9860966422066364,1
-1.0782073247882584,-0.993932084149107,0.46601476356457855,-1.02762575501898,2.6934412606109417,0.9578859753157553,-0.7191649863801393,-1.0464951220377958,1.2644810261052,0.6468424962717766,1.1683548113647708,-0.8432125792173073,-0.5820886728150841,0.29580321585087743,-1.4972016129986656,-1.094526401978412,-0.9173305853652978,0.5596406313378746,0.9940178924830986,0.9860966422066364,1
0.2534503258701545,1.016267636601896,-1.2589056858959802,0.9829463743659811,-0.9928903907106499,0.9578859753157553,0.9896545880485821,1.0343568190481278,1.1514573148044291,1.5212493854529547,-0.9758694489220956,-0.6223276134766759,-1.6374209875379477,0.15010869548553016,0.6394533488641729,-1.094526401978412,-0.5512038300808045,0.5596406313378746,0.9940178924830986,-1.0140993866100703,1
-0.27875590501048053,1.016267636601896,-1.135697082363083,0.9829463743659811,-0.9928903907106499,-1.0439655927422493,-0.05768644143998903,-1.0464951220377958,0.16249984092268352,-1.10197128209058,-0.4810484657789726,1.3814145757419087,0.8689932599288532,-0.11177259428509412,-1.0223893992513682,0.2831028012669145,0.5471764357726754,-1.7868609675630667,0.9940178924830986,0.9860966422066364,2
-1.3660098359082586,1.016267636601896,-0.5196540646985977,-1.02762575501898,-0.9928903907106499,0.9578859753157553,-1.3806435313202894,1.3811654758957816,1.462272520881549,-1.539174726681169,-1.14080977663647,-0.5141390588282034,-1.139841058447124,1.3562380159784053,-1.259795506125017,-0.1761069331481943,1.4624933239839086,0.5596406313378746,0.9940178924830986,0.9860966422066364,2
-0.5414328000803219,-0.993932084149107,-0.8892798752972889,0.9829463743659811,-0.9928903907106499,0.9578859753157553,0.16280640687339437,-0.006069151494834045,-1.6176236120644585,-1.10197128209058,-0.9758694489220956,1.5775063310422652,0.38067063184437033,-0.36719906353320303,0.8768594557378216,-0.1761069331481943,1.4624933239839086,0.5596406313378746,-1.0060181084889308,0.9860966422066364,1
0.38593084686190054,1.016267636601896,0.7124319706303729,0.9829463743659811,1.311066891365345,-1.0439655927422493,0.7140385276568528,1.3811654758957816,-1.448088045113302,0.2096390516811874,0.6735338282216478,-0.07236912734694062,-0.37842805067558416,1.68543386262669,-1.0223893992513682,0.053497934059360104,-1.4665207182920377,-1.7868609675630667,-1.0060181084889308,0.9860966422066364,3
1.5097311283780912,1.016267636601896,0.5892233670974757,0.9829463743659811,-0.7624946625030504,-1.0439655927422493,0.49354567934346943,-0.006069151494834045,1.4057606652311636,1.5212493854529547,-0.6459887934933469,0.6015554109841694,0.7972491771297112,-1.1749737460651286,-1.7346077198723144,-1.094526401978412,-1.2834573406497911,0.5596406313378746,0.9940178924830986,0.9860966422066364,1
-1.171857348247941,-0.993932084149107,1.698100798893549,-1.02762575501898,-0.9928903907106499,-1.0439655927422493,0.6037921035001611,-1.3933037788854497,-1.1090169112109893,1.5212493854529547,-1.635630759779593,0.04708906841074778,-1.1375267331955388,-0.6253918844338184,1.1142655626114704,-0.8649215347708576,-0.5512038300808045,0.5596406313378746,0.9940178924830986,-1.0140993866100703,0
0.6965748271184086,-0.993932084149107,0.9588491776961667,-1.02762575501898,1.7718583477805439,0.9578859753157553,0.7140385276568528,-1.3933037788854497,-0.7699457773086765,1.5212493854529547,1.6631757945078938,-0.9221000669818185,-0.9130371837917717,-0.7600209981891394,-1.0223893992513682,0.2831028012669145,1.279429946341662,0.5596406313378746,0.9940178924830986,-1.0140993866100703,1
0.4910016048898371,1.016267636601896,0.09638895296588762,-1.02762575501898,0.38948397853494693,0.9578859753157553,-0.6089185622234475,-1.0464951220377958,0.5580828304753818,-0.22756439290940172,0.013772517364150388,-1.0347964780739773,-0.35065614765656145,-1.2957711015579165,0.40204724199052416,0.9719174028895778,-0.18507707479631122,0.5596406313378746,0.9940178924830986,0.9860966422066364,0
-0.020647303767940797,1.016267636601896,0.8356405741632701,0.9829463743659811,0.38948397853494693,-1.0439655927422493,-0.3333025018317183,1.0343568190481278,-0.48738649905674925,0.2096390516811874,-0.4810484657789726,-0.5163929870500465,-1.3319300543286978,-1.0477215700498252,-0.310171078630422,-0.1761069331481943,-0.36814045243855786,-1.7868609675630667,0.9940178924830986,0.9860966422066364,0
0.7148480024276149,-0.993932084149107,-0.3964454611657008,-1.02762575501898,1.311066891365345,0.9578859753157553,1.1550242242836197,-0.6996864651901419,1.1232013869792363,1.5212493854529547,1.333295139079145,-0.4848379919442421,-1.3735879088572318,0.44426408786873134,0.16464113511687545,0.053497934059360104,0.18104968048818207,0.5596406313378746,-1.0060181084889308,-1.0140993866100703,2
0.6394711542771387,-0.993932084149107,0.7124319706303729,-1.02762575501898,-0.9928903907106499,-1.0439655927422493,-0.002563229361643179,0.6875481622004737,1.688319943483091,-1.539174726681169,0.013772517364150388,-1.0753671860671545,-0.028964937686214852,0.726431956424404,-0.310171078630422,0.9719174028895778,0.7302398134149221,0.5596406313378746,0.9940178924830986,-1.0140993866100703,2
-1.1787097889888933,1.016267636601896,0.46601476356457855,-1.02762575501898,-0.07130747788025202,-1.0439655927422493,-0.11280965351833487,-0.6996864651901419,-1.0807609833857965,-1.539174726681169,-0.4810484657789726,1.8524855741071329,1.5031183788632054,0.19805879079564445,1.5890777763587678,0.7423125356820234,1.0963665686994153,-1.7868609675630667,0.9940178924830986,0.9860966422066364,2
-0.10972903340032177,-0.993932084149107,1.082057781229064,0.9829463743659811,-0.532098934295451,-1.0439655927422493,-1.0499042588502143,1.3811654758957816,0.8123861809021163,-1.539174726681169,-0.4810484657789726,-1.0505739756268795,1.2994577567237056,-1.0108368813497373,0.40204724199052416,0.053497934059360104,-0.5512038300808045,0.5596406313378746,0.9940178924830986,0.9860966422066364,0
-0.16226441241429004,-0.993932084149107,-0.2732368576328036,-1.02762575501898,1.0806711631577455,-1.0439655927422493,1.5960099209103864,-1.3933037788854497,-1.4198321172881094,1.5212493854529547,0.013772517364150388,-1.0956525400637431,0.7555913226011771,0.9671045501924777,-0.7849832923777195,-0.4057118003557487,1.0963665686994153,-1.7868609675630667,-1.0060181084889308,0.9860966422066364,3
-0.02293145068159159,-0.993932084149107,-1.2589056858959802,0.9829463743659811,2.4630455324033425,-1.0439655927422493,-0.9947810467718684,1.0343568190481278,1.4340165930563564,-1.10197128209058,1.0034144836503964,-1.183555740715627,1.4498888980767453,-0.4216039793658327,1.1142655626114704,0.053497934059360104,1.0963665686994153,-1.7868609675630667,-1.0060181084889308,0.9860966422066364,1
1.1853822666396785,1.016267636601896,-1.2589056858959802,-1.02762575501898,1.5414626195729444,0.9578859753157553,-1.0499042588502143,0.34073950535281977,1.4057606652311636,1.5212493854529547,0.6735338282216478,0.2634661777076928,1.417488344554552,-0.20951701934032713,-1.4972016129986656,-0.8649215347708576,0.7302398134149221,0.5596406313378746,-1.0060181084889308,-1.0140993866100703,2
0.11640151105110685,-0.993932084149107,-1.2589056858959802,-1.02762575501898,-0.9928903907106499,-1.0439655927422493,-1.6011363796336728,-1.3933037788854497,0.07773205744710533,0.6468424962717766,-0.9758694489220956,-0.10167019423090193,-0.3298272203922944,-0.8393230788943284,-0.7849832923777195,0.5127076684744689,0.7302398134149221,-1.7868609675630667,0.9940178924830986,0.9860966422066364,1
-1.5190476791228618,-0.993932084149107,1.574892195360652,0.9829463743659811,2.6934412606109417,-1.0439655927422493,0.3281760431084319,-1.3933037788854497,-1.4198321172881094,0.6468424962717766,1.1683548113647708,-0.8094036558896596,-0.1863390547940103,1.0556278030726887,-1.0223893992513682,0.2831028012669145,-0.18507707479631122,-1.7868609675630667,0.9940178924830986,-1.0140993866100703,2
0.07300271969174175,1.016267636601896,-1.2589056858959802,-1.02762575501898,1.7718583477805439,-1.0439655927422493,-0.002563229361643179,-1.3933037788854497,-0.7699457773086765,1.0840459408623657,0.838474155936022,1.5887759721514811,1.6142059909392965,-1.5484312191535188,0.6394533488641729,1.8903368717197957,0.5471764357726754,-1.7868609675630667,-1.0060181084889308,0.9860966422066364,0
-0.15769611858698845,1.016267636601896,-0.3964454611657008,-1.02762575501898,-0.07130747788025202,-1.0439655927422493,-0.11280965351833487,-0.3528778083424879,-1.6176236120644585,1.5212493854529547,0.838474155936022,-1.3931710653470426,1.0888541588294498,-0.9693416065621384,-1.4972016129986656,-0.4057118003557487,-0.5512038300808045,0.5596406313378746,0.9940178924830986,-1.0140993866100703,0
0.06843442586444018,1.016267636601896,-0.2732368576328036,-1.02762575501898,2.2326498041957428,-1.0439655927422493,1.0999010122052737,1.0343568190481278,-0.6286661381827129,-1.10197128209058,0.838474155936022,2.145496242946746,1.5470905586433248,-1.3455654313030352,1.351671669485119,-0.1761069331481943,-1.1003939630075446,-1.7868609675630667,-1.0060181084889308,-1.0140993866100703,1
0.11183321722380526,-0.993932084149107,1.574892195360652,0.9829463743659811,2.4630455324033425,-1.0439655927422493,0.9896545880485821,-1.3933037788854497,-0.5438983547071348,-1.10197128209058,1.6631757945078938,1.1988463897726114,1.2902004557173645,0.9265313926223809,1.1142655626114704,0.053497934059360104,-1.6495840959342845,-1.7868609675630667,-1.0060181084889308,-1.0140993866100703,3
0.2899966764885672,1.016267636601896,-1.012488478830186,0.9829463743659811,-0.9928903907106499,0.9578859753157553,0.10768319479504852,-1.3933037788854497,0.2755235522234544,-1.10197128209058,-0.15116781035022395,-0.547947982155851,-0.6654043818721523,1.2695589975331987,0.16464113511687545,1.2015222700971322,-1.4665207182920377,0.5596406313378746,-1.0060181084889308,-1.0140993866100703,3
0.7605309407006308,1.016267636601896,-0.8892798752972889,0.9829463743659811,0.6198797067425464,0.9578859753157553,-1.3255203192419436,1.0343568190481278,0.8123861809021163,0.2096390516811874,-0.31610813806459825,-0.153510543333295,-0.03359358818938531,1.2326743088331107,-1.4972016129986656,-0.6353166675633032,-0.18507707479631122,0.5596406313378746,0.9940178924830986,0.9860966422066364,3
0.8861590209514245,-0.993932084149107,-0.7660712717643918,0.9829463743659811,1.0806711631577455,0.9578859753157553,-0.002563229361643179,-1.3933037788854497,1.1232013869792363,0.6468424962717766,1.0034144836503964,-1.336822859800963,-0.3923140021850955,0.9975344183700502,-0.07276497175677328,0.053497934059360104,0.9133031910571687,0.5596406313378746,0.9940178924830986,-1.0140993866100703,3
1.0551858925615831,0.0,-1.2589056858959802,-1.02762575501898,2.0022540759881435,0.9578859753157553,0.7691617397351987,1.3811654758957816,-0.7134339216582911,-1.10197128209058,0.838474155936022,-0.6335972545858918,-0.9801526160877432,1.4687363165136735,-0.310171078630422,-1.3241312691859664,-0.18507707479631122,0.5596406313378746,0.9940178924830986,-1.0140993866100703,3
1.5097311283780912,1.016267636601896,-1.2589056858959802,0.9829463743659811,-0.9928903907106499,0.9578859753157553,1.2652706484403113,1.3811654758957816,0.8688980365525018,-1.539174726681169,-1.4706904320652185,0.6511418318647193,-0.024336287183044397,1.653159760014113,0.6394533488641729,-0.1761069331481943,1.279429946341662,0.5596406313378746,-1.0060181084889308,0.9860966422066364,3
1.67875799998825,-0.993932084149107,-0.6428626682314948,-1.02762575501898,-0.07130747788025202,-1.0439655927422493,-0.44354892598840995,-0.6996864651901419,-1.7023913955400367,1.0840459408623657,0.5085935005072734,-0.890545071876014,-1.6351066622863626,-1.1648304566726044,-1.259795506125017,-0.4057118003557487,-0.9173305853652978,0.5596406313378746,-1.0060181084889308,0.9860966422066364,0
-0.096024151918417,1.016267636601896,-1.2589056858959802,0.9829463743659811,1.0806711631577455,-1.0439655927422493,-0.6640417743017933,-1.3933037788854497,-0.3178509321055929,0.2096390516811874,0.013772517364150388,-0.9716864878623684,1.0610822558104271,0.7015347915518446,1.5890777763587678,0.2831028012669145,0.5471764357726754,0.5596406313378746,0.9940178924830986,0.9860966422066364,2
-1.4893537692454015,1.016267636601896,0.9588491776961667,0.9829463743659811,-0.07130747788025202,-1.0439655927422493,-1.4357667433986352,0.6875481622004737,0.840642108727309,-1.539174726681169,1.0034144836503964,-0.07462305556878379,1.253171251692001,0.6019461320616072,-0.7849832923777195,-0.8649215347708576,0.5471764357726754,0.5596406313378746,0.9940178924830986,-1.0140993866100703,2
-0.6967547902085759,-0.993932084149107,-0.5196540646985977,-1.02762575501898,0.6198797067425464,-1.0439655927422493,-0.44354892598840995,1.0343568190481278,-0.7982017051338693,0.2096390516811874,0.34365317279289903,1.0500871271309618,0.48944391866887604,-1.0209801707422614,-0.07276497175677328,0.2831028012669145,-0.36814045243855786,-1.7868609675630667,-1.0060181084889308,0.9860966422066364,0
-0.10059244574571859,-0.993932084149107,0.5892233670974757,0.9829463743659811,-0.7624946625030504,0.9578859753157553,-0.4986721380667558,-1.3933037788854497,-1.6458795398896513,-0.22756439290940172,-0.15116781035022395,-1.0866368271763704,-0.35065614765656145,-1.0550985077898427,0.16464113511687545,0.7423125356820234,1.0963665686994153,0.5596406313378746,-1.0060181084889308,-1.0140993866100703,0
1.402376223436504,1.016267636601896,-0.6428626682314948,-1.02762575501898,-0.532098934295451,-1.0439655927422493,-0.4986721380667558,-0.3528778083424879,-1.3633202616377238,-1.539174726681169,0.838474155936022,-0.9987336265244865,1.6188346414424668,0.6001018976266028,0.40204724199052416,-0.4057118003557487,1.0963665686994153,0.5596406313378746,-1.0060181084889308,-1.0140993866100703,3
-0.17140100006889322,-0.993932084149107,-0.6428626682314948,-1.02762575501898,-0.07130747788025202,0.9578859753157553,-0.7191649863801393,1.3811654758957816,-1.2785524781621458,1.5212493854529547,1.333295139079145,0.18908654638686795,1.0471963043009158,1.0925124917727767,0.6394533488641729,-0.6353166675633032,-1.4665207182920377,0.5596406313378746,-1.0060181084889308,0.9860966422066364,3
0.6234821258815831,1.016267636601896,-1.2589056858959802,-1.02762575501898,0.8502754349501459,0.9578859753157553,-0.7742881984584851,-1.3933037788854497,-1.4763439729384948,-0.6647678374999909,1.1683548113647708,0.97796142403198,1.4938610778568646,1.3673034225884317,-0.07276497175677328,0.9719174028895778,-0.9173305853652978,0.5596406313378746,0.9940178924830986,0.9860966422066364,3
-0.01607900994063921,-0.993932084149107,1.698100798893549,0.9829463743659811,-0.7624946625030504,0.9578859753157553,-0.44354892598840995,-0.6996864651901419,0.8123861809021163,0.2096390516811874,1.1683548113647708,-0.6403590392514213,-1.0241247958678625,-0.799672038541734,0.8768594557378216,0.9719174028895778,0.9133031910571687,0.5596406313378746,-1.0060181084889308,-1.0140993866100703,0
1.3110103468904721,1.016267636601896,-1.135697082363083,0.9829463743659811,-0.9928903907106499,0.9578859753157553,-1.490889955476981,-1.0464951220377958,1.6318080878327055,-0.6647678374999909,-0.31610813806459825,-0.6921993883538144,0.12609485416999536,-1.2588864128578285,-0.7849832923777195,-0.6353166675633032,0.5471764357726754,0.5596406313378746,0.9940178924830986,-1.0140993866100703,0
-0.6693450272447663,1.016267636601896,1.328474988294858,0.9829463743659811,2.9238369888185414,-1.0439655927422493,-1.490889955476981,-1.3933037788854497,0.7276183974265381,-0.6647678374999909,1.6631757945078938,2.3731429933529067,1.202256096157126,1.47150266816618,0.6394533488641729,0.2831028012669145,-1.2834573406497911,-1.7868609675630667,0.9940178924830986,-1.0140993866100703,3
-1.1421634383704806,1.016267636601896,0.9588491776961667,0.9829463743659811,-0.532098934295451,0.9578859753157553,1.430640284675349,-1.3933037788854497,-1.4763439729384948,-0.6647678374999909,-0.9758694489220956,0.9171053620422143,0.6583896620345976,-1.520767702628453,-1.259795506125017,0.053497934059360104,-0.9173305853652978,0.5596406313378746,-1.0060181084889308,0.9860966422066364,0
-1.2221085803482585,1.016267636601896,1.4516835918277553,-1.02762575501898,0.8502754349501459,0.9578859753157553,-0.16793286559668072,-1.0464951220377958,-1.7023913955400367,-1.539174726681169,0.013772517364150388,1.043325342465432,0.5959028802417965,-0.9241578629045307,-0.7849832923777195,-0.6353166675633032,-0.18507707479631122,0.5596406313378746,0.9940178924830986,0.9860966422066364,0
0.9683883098428531,1.016267636601896,-1.2589056858959802,-1.02762575501898,-0.9928903907106499,-1.0439655927422493,0.4384224672651236,0.34073950535281977,0.19075576874787625,-0.22756439290940172,0.838474155936022,0.6894586116360534,0.6792185892988647,-0.7268247783590602,-1.0223893992513682,-0.1761069331481943,0.7302398134149221,0.5596406313378746,-1.0060181084889308,-1.0140993866100703,1
1.6604848246790436,1.016267636601896,-0.15002825409990672,0.9829463743659811,-0.532098934295451,-1.0439655927422493,0.4384224672651236,1.3811654758957816,1.2644810261052,1.5212493854529547,1.333295139079145,1.243924954209475,1.702150350499535,-0.8660644782018923,-0.310171078630422,-0.8649215347708576,1.6455567016261552,-1.7868609675630667,0.9940178924830986,-1.0140993866100703,2
-0.045772919818099535,-0.993932084149107,-0.6428626682314948,0.9829463743659811,-0.9928903907106499,-1.0439655927422493,-0.8294114105368309,0.6875481622004737,1.57529623218232,0.2096390516811874,-0.9758694489220956,-0.38791907840498546,-0.5311735172802091,-1.3086807426029472,-0.310171078630422,-0.6353166675633032,-0.9173305853652978,-1.7868609675630667,0.9940178924830986,0.9860966422066364,0
-1.4322500964041316,1.016267636601896,-1.012488478830186,-1.02762575501898,0.38948397853494693,-1.0439655927422493,0.16280640687339437,0.34073950535281977,1.1514573148044291,0.2096390516811874,0.34365317279289903,1.4625559917282631,0.1978389369691374,0.9634160813224689,0.40204724199052416,0.7423125356820234,-0.9173305853652978,-1.7868609675630667,-1.0060181084889308,-1.0140993866100703,2
0.9569675752745991,1.016267636601896,-2.7357805694826946e-16,-1.02762575501898,-0.9928903907106499,0.9578859753157553,0.38329925518677777,0.6875481622004737,1.1797132426296217,-1.539174726681169,-0.8109291212077213,-0.5299165563811056,-1.6883361430728228,1.252960887618159,-0.5475771855040708,-1.094526401978412,0.7302398134149221,0.5596406313378746,-1.0060181084889308,0.9860966422066364,3
0.05472954438253541,-0.993932084149107,-1.2589056858959802,-1.02762575501898,1.7718583477805439,-1.0439655927422493,1.761379557145424,-0.6996864651901419,0.9819217478532727,0.2096390516811874,1.333295139079145,-1.0528279038487227,1.4614605243346714,-0.8679087126368966,0.40204724199052416,-0.6353166675633032,1.0963665686994153,-1.7868609675630667,-1.0060181084889308,0.9860966422066364,1
0.35623693698444026,1.016267636601896,1.574892195360652,-1.02762575501898,-0.9928903907106499,0.9578859753157553,1.2652706484403113,0.34073950535281977,-0.6286661381827129,-0.6647678374999909,-1.4706904320652185,0.30854474214455635,1.2392853001824897,1.1515279936929173,-0.310171078630422,-0.8649215347708576,0.9133031910571687,0.5596406313378746,0.9940178924830986,-1.0140993866100703,3
-1.4116927741812744,1.016267636601896,1.4516835918277553,0.9829463743659811,-0.9928903907106499,-1.0439655927422493,1.2101474363619655,-1.3933037788854497,0.3037794800486472,-0.22756439290940172,1.6631757945078938,-0.47582227905686936,-0.7903779454577546,0.62407694528166,-1.4972016129986656,-1.094526401978412,-1.1003939630075446,0.5596406313378746,0.9940178924830986,0.9860966422066364,2
-1.3408842198581,-0.993932084149107,-1.2589056858959802,0.9829463743659811,-0.7624946625030504,-1.0439655927422493,1.430640284675349,0.34073950535281977,0.049476129621912605,-0.6647678374999909,-1.3057501043508444,-0.40820443240157406,-1.0889259029122489,-1.437777153053255,1.351671669485119,1.4311271373046865,-0.36814045243855786,-1.7868609675630667,-1.0060181084889308,0.9860966422066364,0
-0.14627538401873447,-0.993932084149107,-1.135697082363083,-1.02762575501898,1.311066891365345,-1.0439655927422493,-0.38842571391006414,-1.3933037788854497,0.13424391309749079,-1.10197128209058,0.34365317279289903,-1.145238960944293,0.5773882782291146,0.9486622058424338,-0.7849832923777195,-0.4057118003557487,0.18104968048818207,0.5596406313378746,-1.0060181084889308,-1.0140993866100703,2
-1.548741589000322,1.016267636601896,-0.6428626682314948,-1.02762575501898,-0.9928903907106499,-1.0439655927422493,-1.160150683006906,-1.3933037788854497,0.6428506139509599,1.5212493854529547,0.013772517364150388,-0.3450944421899651,-0.17476742853608415,1.195789620133023,0.8768594557378216,-0.8649215347708576,-1.1003939630075446,0.5596406313378746,0.9940178924830986,0.9860966422066364,2
-0.23307296673746467,-0.993932084149107,0.8356405741632701,-1.02762575501898,0.38948397853494693,0.9578859753157553,-1.6011363796336728,1.3811654758957816,0.9254098922028873,0.2096390516811874,-0.4810484657789726,1.3633831499671634,0.07749402388670559,-1.6673843402113024,0.6394533488641729,1.8903368717197957,1.0963665686994153,0.5596406313378746,-1.0060181084889308,-1.0140993866100703,0
1.3612615789907896,1.016267636601896,0.9588491776961667,-1.02762575501898,-0.07130747788025202,0.9578859753157553,-1.160150683006906,-1.3933037788854497,1.4905284487067418,1.0840459408623657,0.5085935005072734,-0.586264761927185,-1.5471623027261239,-1.5456648675010123,1.351671669485119,2.579151473342459,0.5471764357726754,0.5596406313378746,-1.0060181084889308,-1.0140993866100703,0
-0.15769611858698845,-0.993932084149107,1.698100798893549,0.9829463743659811,-0.532098934295451,-1.0439655927422493,0.4384224672651236,-0.3528778083424879,0.8123861809021163,0.6468424962717766,-0.8109291212077213,-0.4915997766097716,-1.313415452316016,0.2229559556682038,0.8768594557378216,0.5127076684744689,-1.6495840959342845,0.5596406313378746,0.9940178924830986,0.9860966422066364,1
0.8130663197145991,1.016267636601896,-0.8892798752972889,0.9829463743659811,-0.9928903907106499,0.9578859753157553,0.658915315578507,0.6875481622004737,-1.561111756414073,-0.22756439290940172,1.6631757945078938,0.8539953718306053,1.3573158880133362,1.619963540184034,0.40204724199052416,0.9719174028895778,-0.36814045243855786,0.5596406313378746,-1.0060181084889308,0.9860966422066364,3
1.0963005370072976,1.016267636601896,0.5892233670974757,-1.02762575501898,-0.9928903907106499,-1.0439655927422493,-1.1050274709285601,-0.6996864651901419,-0.515642426881942,1.5212493854529547,-0.4810484657789726,-0.9130843540944458,-0.804263896967266,-1.5327552264559814,-1.4972016129986656,-0.6353166675633032,-1.1003939630075446,-1.7868609675630667,-1.0060181084889308,-1.0140993866100703,0
1.212792029603488,-0.993932084149107,0.9588491776961667,0.9829463743659811,-0.9928903907106499,-1.0439655927422493,-1.3806435313202894,1.0343568190481278,-0.3461068599307856,1.0840459408623657,-0.6459887934933469,0.5429532772162468,0.6954188660599613,-0.5940398990387438,-1.4972016129986656,-1.094526401978412,1.0963665686994153,0.5596406313378746,-1.0060181084889308,-1.0140993866100703,1
0.1666527431514243,-0.993932084149107,-1.2589056858959802,0.9829463743659811,-0.9928903907106499,0.9578859753157553,-0.22305607767502658,1.0343568190481278,0.6428506139509599,-1.10197128209058,-1.635630759779593,1.3250663701958294,1.3943450920387,-0.9564319655171076,1.1142655626114704,2.3495466061349046,0.5471764357726754,0.5596406313378746,-1.0060181084889308,-1.0140993866100703,1
1.4594798962777737,-0.993932084149107,-0.026819650567009547,0.9829463743659811,0.15908825032734747,0.9578859753157553,1.3203938605186571,-0.6996864651901419,-0.03529165385366558,0.2096390516811874,0.5085935005072734,-1.0415582627395068,-1.6027061087641694,0.5410863957064621,-1.0223893992513682,-0.8649215347708576,-1.4665207182920377,0.5596406313378746,0.9940178924830986,0.9860966422066364,2
1.4434908678822183,1.016267636601896,0.5892233670974757,-1.02762575501898,0.6198797067425464,0.9578859753157553,-0.6640417743017933,-1.3933037788854497,-1.674135467714844,1.0840459408623657,0.6735338282216478,-1.2556814438146087,0.9962811487660408,0.018245933382715816,0.16464113511687545,1.4311271373046865,0.18104968048818207,0.5596406313378746,0.9940178924830986,0.9860966422066364,2
-0.7241645531723854,-0.993932084149107,-0.026819650567009547,0.9829463743659811,-0.7624946625030504,0.9578859753157553,0.16280640687339437,1.3811654758957816,1.3492488095807782,1.0840459408623657,0.838474155936022,0.8359639460558599,0.30429789854205785,-0.8845068225519361,1.5890777763587678,0.053497934059360104,-1.2834573406497911,0.5596406313378746,0.9940178924830986,0.9860966422066364,0
1.6810421469019008,1.016267636601896,-0.026819650567009547,-1.02762575501898,0.38948397853494693,0.9578859753157553,-0.8845346226151768,1.3811654758957816,-0.3461068599307856,1.5212493854529547,0.17871284507852472,-1.2737128695893543,-1.3805308846119875,0.805734037129593,-1.7346077198723144,-0.4057118003557487,0.3641130581304287,0.5596406313378746,0.9940178924830986,-1.0140993866100703,2
-0.06176194821365509,-0.993932084149107,1.328474988294858,-1.02762575501898,-0.7624946625030504,0.9578859753157553,0.7691617397351987,-0.6996864651901419,-1.0807609833857965,-0.22756439290940172,-0.31610813806459825,-0.07687698379062698,1.0726538820683533,0.11506824122044662,0.40204724199052416,-0.6353166675633032,-1.2834573406497911,0.5596406313378746,0.9940178924830986,0.9860966422066364,2
0.436182078962218,1.016267636601896,-0.7660712717643918,-1.02762575501898,-0.3017032060878515,-1.0439655927422493,1.3203938605186571,-1.3933037788854497,1.0949454591540435,-0.6647678374999909,-0.8109291212077213,-0.17154196910804043,-0.7996352464640955,-1.265341233380344,1.1142655626114704,0.5127076684744689,1.0963665686994153,-1.7868609675630667,-1.0060181084889308,0.9860966422066364,0
1.6422116493698373,1.016267636601896,0.46601476356457855,0.9829463743659811,-0.9928903907106499,-1.0439655927422493,-1.546013167555327,-1.0464951220377958,1.4057606652311636,-1.10197128209058,-1.14080977663647,-0.7688329478964824,-1.4221887391405217,-0.6595102214813998,0.8768594557378216,-0.1761069331481943,-1.4665207182920377,-1.7868609675630667,-1.0060181084889308,-1.0140993866100703,1
1.3635457259044403,1.016267636601896,0.7124319706303729,0.9829463743659811,-0.9928903907106499,0.9578859753157553,-0.11280965351833487,-1.0464951220377958,1.2362250982800074,1.0840459408623657,0.838474155936022,-0.8319429381080914,-0.049793864950481895,0.8739707112247557,-1.259795506125017,-0.6353166675633032,-1.1003939630075446,0.5596406313378746,0.9940178924830986,-1.0140993866100703,3
-1.5578781766549252,1.016267636601896,0.09638895296588762,-1.02762575501898,-0.9928903907106499,-1.0439655927422493,-0.44354892598840995,-0.006069151494834045,-0.4308746434063638,-0.6647678374999909,-1.635630759779593,1.0951656915678252,0.1469237814342624,-0.7554104121016284,-0.07276497175677328,0.5127076684744689,-1.4665207182920377,0.5596406313378746,-1.0060181084889308,0.9860966422066364,0
-1.5989928211006394,1.016267636601896,-1.135697082363083,0.9829463743659811,1.0806711631577455,-1.0439655927422493,-0.6089185622234475,-1.3933037788854497,0.13424391309749079,1.0840459408623657,0.6735338282216478,-0.21211267710121762,-1.5101330987007602,1.3580822504134098,0.40204724199052416,-0.1761069331481943,-0.36814045243855786,-1.7868609675630667,-1.0060181084889308,-1.0140993866100703,2
-0.8200987235457188,-0.993932084149107,-1.2589056858959802,0.9829463743659811,-0.7624946625030504,-1.0439655927422493,0.658915315578507,-0.006069151494834045,0.8971539643776945,1.5212493854529547,0.838474155936022,-0.471314422613183,0.11683755316365446,0.9292977442748875,-1.0223893992513682,0.2831028012669145,-0.9173305853652978,-1.7868609675630667,0.9940178924830986,0.9860966422066364,2
0.29684911722951957,1.016267636601896,0.3428061600316817,0.9829463743659811,0.38948397853494693,-1.0439655927422493,0.10768319479504852,-0.006069151494834045,0.6145946861257672,-1.539174726681169,-0.4810484657789726,-0.20760482065753127,-1.213899466497851,1.5969106097464791,1.351671669485119,-0.4057118003557487,1.279429946341662,-1.7868609675630667,0.9940178924830986,0.9860966422066364,3
-0.2970290803196869,1.016267636601896,1.4516835918277553,0.9829463743659811,-0.7624946625030504,-1.0439655927422493,0.38329925518677777,-0.3528778083424879,-1.1937846946865676,-1.539174726681169,-0.15116781035022395,1.6811870292470514,1.2392853001824897,-0.553466741468647,0.6394533488641729,0.9719174028895778,-0.7342672077230512,0.5596406313378746,0.9940178924830986,0.9860966422066364,1
-0.9046121593507981,-0.993932084149107,0.3428061600316817,0.9829463743659811,-0.9928903907106499,-1.0439655927422493,-0.8845346226151768,-1.3933037788854497,0.7276183974265381,0.2096390516811874,-0.6459887934933469,0.7570764582913486,-0.3599134486629023,1.4281631589435768,-0.07276497175677328,-1.094526401978412,1.6455567016261552,0.5596406313378746,-1.0060181084889308,0.9860966422066364,3
-1.4642281531952426,-0.993932084149107,0.9588491776961667,0.9829463743659811,0.6198797067425464,-1.0439655927422493,-0.6089185622234475,0.6875481622004737,1.57529623218232,-1.10197128209058,0.013772517364150388,0.07864406351655226,-0.18171040429083984,1.0777586162927415,-1.0223893992513682,-0.4057118003557487,-0.7342672077230512,0.5596406313378746,-1.0060181084889308,0.9860966422066364,2
-0.6099572074898457,1.016267636601896,1.4516835918277553,0.9829463743659811,-0.7624946625030504,-1.0439655927422493,-1.490889955476981,1.7279741327434355,-0.40261871558117107,-0.22756439290940172,-1.3057501043508444,0.0944215610694545,-1.0079245191067658,0.8398523741771744,-0.07276497175677328,0.2831028012669145,1.4624933239839086,0.5596406313378746,-1.0060181084889308,0.9860966422066364,2
1.6102335925787261,1.016267636601896,-1.2589056858959802,0.0,0.15908825032734747,0.9578859753157553,0.2179296189517402,-1.3933037788854497,1.6035521600075127,0.6468424962717766,1.333295139079145,0.9351367878169596,1.6628068212225862,-1.4202569259207132,1.1142655626114704,1.8903368717197957,0.3641130581304287,0.5596406313378746,0.9940178924830986,-1.0140993866100703,1
-0.03206803833619477,-0.993932084149107,-1.012488478830186,0.9829463743659811,-0.9928903907106499,0.9578859753157553,-1.6562595917120186,0.34073950535281977,-0.06354758167885831,1.0840459408623657,-1.4706904320652185,-0.9649247031968389,-0.3483418224049762,0.5078901758763831,-0.07276497175677328,1.2015222700971322,0.7302398134149221,0.5596406313378746,0.9940178924830986,-1.0140993866100703,2
-1.3591573951673062,1.016267636601896,-0.2732368576328036,0.9829463743659811,0.6198797067425464,0.9578859753157553,-0.11280965351833487,-0.006069151494834045,-0.7416898494834838,-1.539174726681169,1.0034144836503964,1.1154510455644138,0.9314800417216544,0.237709831148239,-0.7849832923777195,-1.3241312691859664,1.4624933239839086,0.5596406313378746,-1.0060181084889308,0.9860966422066364,2
1.5531299197374564,-0.993932084149107,-0.026819650567009547,-1.02762575501898,0.15908825032734747,0.9578859753157553,0.8794081638918904,1.0343568190481278,0.2755235522234544,-0.22756439290940172,-0.6459887934933469,-0.7688329478964824,-0.14005254976230574,-0.6761083313964393,1.5890777763587678,1.6607320045122411,0.18104968048818207,0.5596406313378746,-1.0060181084889308,0.9860966422066364,1
-1.6857904038193696,-0.993932084149107,0.9588491776961667,-1.02762575501898,1.7718583477805439,0.9578859753157553,1.2101474363619655,-0.6996864651901419,-0.26133907645520743,-0.22756439290940172,1.4982354667935194,-0.31804730352784694,-0.3761137254239989,0.20451361131815984,0.16464113511687545,1.4311271373046865,-1.6495840959342845,0.5596406313378746,-1.0060181084889308,0.9860966422066364,1
0.8701699925558689,1.016267636601896,0.8356405741632701,0.9829463743659811,-0.9928903907106499,0.9578859753157553,-0.11280965351833487,-1.0464951220377958,1.2644810261052,-0.6647678374999909,-1.14080977663647,0.42124115323671524,-0.5057159395127716,-1.3999703471356648,-1.4972016129986656,-1.3241312691859664,1.279429946341662,0.5596406313378746,-1.0060181084889308,-1.0140993866100703,0
-0.02749974450889318,1.016267636601896,-0.5196540646985977,0.9829463743659811,-0.9928903907106499,-1.0439655927422493,0.10768319479504852,-1.0464951220377958,-0.28959500428040014,-0.6647678374999909,-1.14080977663647,0.6533957600865625,1.2253993486729782,-0.7378901849690866,-1.259795506125017,-0.6353166675633032,0.18104968048818207,-1.7868609675630667,0.9940178924830986,0.9860966422066364,1
0.27400764809301165,1.016267636601896,-1.2589056858959802,0.9829463743659811,-0.7624946625030504,0.9578859753157553,1.430640284675349,-0.006069151494834045,-0.939481344259833,0.6468424962717766,-1.14080977663647,-0.44877514039475125,-0.8112068727220216,-0.9665752549096318,0.8768594557378216,0.5127076684744689,-1.2834573406497911,0.5596406313378746,0.9940178924830986,0.9860966422066364,0
1.5417091851692024,-0.993932084149107,-1.012488478830186,-1.02762575501898,-0.7624946625030504,-1.0439655927422493,0.16280640687339437,0.34073950535281977,-0.6286661381827129,1.5212493854529547,-1.3057501043508444,0.6691732576394648,1.0402533285461601,-1.3658520100880835,1.1142655626114704,-1.094526401978412,-0.5512038300808045,0.5596406313378746,-1.0060181084889308,0.9860966422066364,1
0.9272736653971387,1.016267636601896,0.3428061600316817,-1.02762575501898,-0.7624946625030504,-1.0439655927422493,-0.6089185622234475,0.6875481622004737,-0.48738649905674925,1.0840459408623657,-1.3057501043508444,0.5677464876565218,0.13072350467316582,-1.236755599637776,-0.5475771855040708,0.5127076684744689,1.6455567016261552,0.5596406313378746,-1.0060181084889308,-1.0140993866100703,0
-0.4020998383476234,1.016267636601896,-0.5196540646985977,-1.02762575501898,-0.9928903907106499,0.9578859753157553,-0.3333025018317183,1.0343568190481278,-1.1090169112109893,0.2096390516811874,-1.3057501043508444,1.2687181646497498,-0.04516521444731144,1.5535711005238757,1.1142655626114704,2.3495466061349046,-1.1003939630075446,0.5596406313378746,-1.0060181084889308,0.9860966422066364,3
-0.6693450272447663,-0.993932084149107,0.7124319706303729,-1.02762575501898,-0.9928903907106499,0.9578859753157553,-0.7191649863801393,-1.0464951220377958,0.38854726352422536,1.5212493854529547,-1.635630759779593,-1.0956525400637431,-1.4383890159016182,-0.018638755317372108,-1.259795506125017,-0.4057118003557487,0.9133031910571687,0.5596406313378746,0.9940178924830986,-1.0140993866100703,1
-0.018363156854290005,-0.993932084149107,-0.3964454611657008,0.9829463743659811,0.15908825032734747,-1.0439655927422493,1.2101474363619655,1.0343568190481278,1.2644810261052,-0.6647678374999909,0.013772517364150388,-0.02954449113192025,-0.15625282652340233,-0.3340028437031239,-1.7346077198723144,-0.6353166675633032,-0.9173305853652978,0.5596406313378746,0.9940178924830986,-1.0140993866100703,1
0.3608052308117418,-0.993932084149107,1.698100798893549,0.9829463743659811,2.0022540759881435,-1.0439655927422493,-1.2703971071635978,-0.006069151494834045,-1.5045999007636874,0.6468424962717766,1.333295139079145,1.4941109868340676,1.711407651505876,0.9339083303623986,-0.07276497175677328,-1.094526401978412,-0.002013697154064573,0.5596406313378746,0.9940178924830986,0.9860966422066364,3
-1.2289610210892108,1.016267636601896,-1.012488478830186,-1.02762575501898,0.6198797067425464,-1.0439655927422493,-0.9396578346935226,-0.006069151494834045,0.5580828304753818,-0.6647678374999909,0.17871284507852472,0.8044089509500554,0.01037859159073401,-0.33953554700813704,-1.4972016129986656,-0.6353166675633032,1.0963665686994153,0.5596406313378746,0.9940178924830986,0.9860966422066364,1
-1.528184266777465,1.016267636601896,-1.2589056858959802,0.9829463743659811,-0.532098934295451,-1.0439655927422493,-1.2703971071635978,-0.6996864651901419,-0.826457632959062,1.0840459408623657,-0.8109291212077213,1.5459513359364607,1.5401475828885691,1.4189419867685549,0.40204724199052416,0.9719174028895778,0.5471764357726754,-1.7868609675630667,-1.0060181084889308,-1.0140993866100703,3
1.722156791347615,1.016267636601896,-1.2589056858959802,-1.02762575501898,1.311066891365345,0.9578859753157553,-0.2781792897533724,-0.6996864651901419,0.19075576874787625,1.5212493854529547,0.17871284507852472,-1.1159378940603317,-1.7161080460918454,0.28842627811085986,0.40204724199052416,-1.3241312691859664,-0.36814045243855786,0.5596406313378746,-1.0060181084889308,-1.0140993866100703,2
-0.6487877050219092,-0.993932084149107,-1.2589056858959802,0.9829463743659811,-0.07130747788025202,-1.0439655927422493,0.6037921035001611,1.3811654758957816,0.07773205744710533,0.2096390516811874,-0.31610813806459825,1.358875293523477,0.6005315307449669,-0.6383015254788492,-0.07276497175677328,0.7423125356820234,-0.36814045243855786,0.5596406313378746,0.9940178924830986,0.9860966422066364,1
-0.7195962593450838,-0.993932084149107,-1.2589056858959802,0.9829463743659811,-0.9928903907106499,0.9578859753157553,0.8242849518135446,-0.6996864651901419,0.7558743252517308,1.5212493854529547,-0.6459887934933469,-1.2106028793777452,1.2994577567237056,-0.464943488588436,1.1142655626114704,2.1199417389273503,0.18104968048818207,0.5596406313378746,-1.0060181084889308,-1.0140993866100703,1
-1.459659859367941,-0.993932084149107,-1.2589056858959802,-1.02762575501898,-0.9928903907106499,-1.0439655927422493,-0.9947810467718684,1.0343568190481278,-0.7982017051338693,0.2096390516811874,-1.3057501043508444,-0.7327700963469916,-1.1676129614661466,-0.4326693859758591,1.351671669485119,-1.3241312691859664,-0.36814045243855786,-1.7868609675630667,-1.0060181084889308,-1.0140993866100703,0
-1.6469599062873062,-0.993932084149107,-0.8892798752972889,0.9829463743659811,-0.9928903907106499,-1.0439655927422493,-1.6011363796336728,-1.3933037788854497,1.066689531328851,1.0840459408623657,-1.4706904320652185,-0.46906049439133984,1.609577340436126,0.6526625790242281,-1.7346077198723144,-1.3241312691859664,-0.5512038300808045,0.5596406313378746,-1.0060181084889308,0.9860966422066364,2
-0.4020998383476234,1.016267636601896,1.205266384761961,-1.02762575501898,-0.9928903907106499,0.9578859753157553,-0.05768644143998903,1.3811654758957816,-1.2785524781621458,0.6468424962717766,0.013772517364150388,-0.789118301893071,-0.732519814168124,-1.0726187349223846,0.8768594557378216,0.053497934059360104,-1.1003939630075446,0.5596406313378746,0.9940178924830986,-1.0140993866100703,0
-0.728732846999687,1.016267636601896,-1.2589056858959802,-1.02762575501898,-0.532098934295451,-1.0439655927422493,0.7691617397351987,1.0343568190481278,0.24726762439826172,-0.6647678374999909,-1.14080977663647,0.9306289313732733,0.3922422581022965,0.44610832230373576,-1.4972016129986656,-1.3241312691859664,-1.6495840959342845,-1.7868609675630667,-1.0060181084889308,0.9860966422066364,2
1.0871639493526943,-0.993932084149107,0.46601476356457855,-1.02762575501898,-0.07130747788025202,0.9578859753157553,-1.6011363796336728,-1.3933037788854497,0.8688980365525018,0.2096390516811874,-0.6459887934933469,-1.2759667978111973,0.9268513912184839,-1.4848051311458672,-1.259795506125017,-0.4057118003557487,0.3641130581304287,0.5596406313378746,-1.0060181084889308,-1.0140993866100703,0
1.3749664604726943,1.016267636601896,-0.2732368576328036,0.9829463743659811,0.38948397853494693,-1.0439655927422493,-0.9947810467718684,0.34073950535281977,0.7558743252517308,1.5212493854529547,-0.31610813806459825,-0.11744769178380417,-1.3411873553350386,0.16578468818306752,-1.259795506125017,-1.094526401978412,1.279429946341662,-1.7868609675630667,-1.0060181084889308,0.9860966422066364,2
-1.5898562334460364,1.016267636601896,-1.2589056858959802,0.9829463743659811,-0.07130747788025202,0.9578859753157553,1.5408867088320406,0.6875481622004737,-0.2330831486300147,0.2096390516811874,-0.4810484657789726,0.10794513040051357,-0.5103445900159421,-1.0984380170124461,0.40204724199052416,-1.3241312691859664,-1.1003939630075446,0.5596406313378746,0.9940178924830986,-1.0140993866100703,0
1.1945188542942817,1.016267636601896,1.4516835918277553,0.9829463743659811,2.0022540759881435,0.9578859753157553,-0.38842571391006414,1.3811654758957816,1.377504737405971,-1.539174726681169,0.6735338282216478,-0.7778486607838552,-1.6767645168148966,-0.2104391365578293,0.40204724199052416,0.9719174028895778,1.6455567016261552,0.5596406313378746,0.9940178924830986,0.9860966422066364,1
-0.2901766395787345,1.016267636601896,-1.2589056858959802,0.9829463743659811,-0.7624946625030504,-1.0439655927422493,1.1550242242836197,0.34073950535281977,-0.5438983547071348,-0.22756439290940172,1.0034144836503964,-0.9266079234255048,-1.1861275634788284,1.4115650490285372,-1.259795506125017,-0.6353166675633032,1.6455567016261552,0.5596406313378746,0.9940178924830986,-1.0140993866100703,3
-1.2106878457800045,1.016267636601896,0.5892233670974757,0.9829463743659811,-0.9928903907106499,-1.0439655927422493,0.16280640687339437,-1.3933037788854497,-0.12005943732924378,-1.539174726681169,-1.635630759779593,2.028291975410901,0.7972491771297112,-0.13943611081016005,-0.07276497175677328,0.7423125356820234,0.9133031910571687,-1.7868609675630667,0.9940178924830986,0.9860966422066364,1
0.1735051838923767,1.016267636601896,1.328474988294858,0.0,0.6198797067425464,-1.0439655927422493,1.761379557145424,1.0343568190481278,-0.3461068599307856,1.0840459408623657,1.0034144836503964,-1.321045362248061,-1.5656769047388057,1.0639268580302086,-1.4972016129986656,-0.6353166675633032,0.3641130581304287,-1.7868609675630667,-1.0060181084889308,-1.0140993866100703,2
1.1945188542942817,1.016267636601896,1.205266384761961,-1.02762575501898,1.311066891365345,0.9578859753157553,-0.9396578346935226,-0.6996864651901419,-0.939481344259833,1.5212493854529547,0.17871284507852472,1.0320557013562164,0.26032571876193855,0.05420850486530154,-1.0223893992513682,-0.6353166675633032,-0.002013697154064573,0.5596406313378746,0.9940178924830986,-1.0140993866100703,2
0.5092747801990435,1.016267636601896,0.2195975564987845,0.9829463743659811,-0.7624946625030504,-1.0439655927422493,-0.38842571391006414,-1.0464951220377958,1.1797132426296217,1.0840459408623657,1.333295139079145,-1.2489196591490792,0.5241587974426545,-1.1989487937201857,0.6394533488641729,-0.1761069331481943,0.3641130581304287,0.5596406313378746,-1.0060181084889308,0.9860966422066364,0
-1.525900119863814,-0.993932084149107,0.09638895296588762,0.9829463743659811,0.8502754349501459,-1.0439655927422493,0.16280640687339437,-1.0464951220377958,1.2927369539303928,1.0840459408623657,1.6631757945078938,-1.055081832070566,0.07055104813194991,0.43688715012871376,0.16464113511687545,-0.1761069331481943,-0.5512038300808045,0.5596406313378746,0.9940178924830986,-1.0140993866100703,1
-1.3089061630669887,1.016267636601896,-1.2589056858959802,0.9829463743659811,0.6198797067425464,0.9578859753157553,1.2101474363619655,-0.3528778083424879,-1.674135467714844,-0.6647678374999909,0.5085935005072734,-1.3232992904699041,0.23486814099450104,-0.8024383901942406,0.6394533488641729,0.7423125356820234,-0.36814045243855786,0.5596406313378746,0.9940178924830986,0.9860966422066364,0
1.724440938261266,-0.993932084149107,-0.026819650567009547,0.9829463743659811,-0.532098934295451,0.9578859753157553,-1.3806435313202894,-0.006069151494834045,0.16249984092268352,1.5212493854529547,-0.4810484657789726,-0.4465212121729081,0.4246428116244897,1.3811351808509646,-1.259795506125017,-1.3241312691859664,1.6455567016261552,0.5596406313378746,-1.0060181084889308,0.9860966422066364,3
0.7856565567507895,1.016267636601896,0.7124319706303729,0.9829463743659811,1.5414626195729444,-1.0439655927422493,-0.9947810467718684,0.6875481622004737,0.219011696573069,1.0840459408623657,1.0034144836503964,0.6691732576394648,0.9245370659668988,-0.3874856423182514,1.1142655626114704,1.6607320045122411,-1.6495840959342845,0.5596406313378746,-1.0060181084889308,0.9860966422066364,2
1.2310652049126944,-0.993932084149107,-0.15002825409990672,0.9829463743659811,-0.3017032060878515,0.9578859753157553,0.7140385276568528,1.7279741327434355,-0.2330831486300147,-0.22756439290940172,1.1683548113647708,-1.2556814438146087,-1.702222094582334,-0.4612550197184272,0.6394533488641729,1.6607320045122411,-0.36814045243855786,0.5596406313378746,0.9940178924830986,-1.0140993866100703,1
1.569118948133012,1.016267636601896,-0.5196540646985977,-1.02762575501898,2.0022540759881435,0.9578859753157553,0.9896545880485821,-1.0464951220377958,1.0949454591540435,0.6468424962717766,1.1683548113647708,-0.6178197570329895,-0.5820886728150841,1.5535711005238757,1.1142655626114704,1.4311271373046865,1.0963665686994153,0.5596406313378746,0.9940178924830986,-1.0140993866100703,3
-0.6236620889717505,1.016267636601896,-1.135697082363083,-1.02762575501898,1.0806711631577455,0.9578859753157553,0.9896545880485821,-1.0464951220377958,-0.6569220660079056,-0.22756439290940172,0.013772517364150388,1.8051530814484262,1.1629125668801772,0.41475633690866104,-0.5475771855040708,-1.094526401978412,-1.1003939630075446,0.5596406313378746,-1.0060181084889308,0.9860966422066364,2
-1.5327525606047665,-0.993932084149107,0.5892233670974757,-1.02762575501898,-0.7624946625030504,-1.0439655927422493,0.2179296189517402,-0.6996864651901419,1.0949454591540435,-0.6647678374999909,-0.9758694489220956,-1.0460661191831933,1.0448819790493304,-1.0827620243149088,1.1142655626114704,0.7423125356820234,-0.36814045243855786,0.5596406313378746,-1.0060181084889308,-1.0140993866100703,0
1.502878687637139,-0.993932084149107,1.8213094024264462,-1.02762575501898,-0.7624946625030504,0.9578859753157553,-0.6089185622234475,-0.006069151494834045,1.462272520881549,1.5212493854529547,-1.3057501043508444,1.500872771499597,1.5818054374171033,-1.707035380563897,1.1142655626114704,0.053497934059360104,-1.4665207182920377,0.5596406313378746,0.9940178924830986,0.9860966422066364,0
1.0414810110796784,-0.993932084149107,-1.2589056858959802,0.9829463743659811,0.38948397853494693,0.9578859753157553,0.7691617397351987,0.6875481622004737,1.688319943483091,-0.6647678374999909,-0.15116781035022395,2.582758317984322,1.4961754031084498,-1.5475091019360165,0.8768594557378216,1.6607320045122411,0.7302398134149221,0.5596406313378746,0.9940178924830986,0.9860966422066364,1
0.8770224332968213,1.016267636601896,-0.3964454611657008,-1.02762575501898,0.38948397853494693,0.9578859753157553,1.5960099209103864,1.3811654758957816,-0.5721542825323275,1.0840459408623657,0.34365317279289903,2.080132324513294,1.343429936503825,-0.5663763825136778,-0.07276497175677328,0.9719174028895778,1.0963665686994153,0.5596406313378746,0.9940178924830986,-1.0140993866100703,2
-5.193548790090959e-16,1.016267636601896,-1.2589056858959802,-1.02762575501898,-0.9928903907106499,0.9578859753157553,-0.3333025018317183,0.6875481622004737,0.19075576874787625,-0.22756439290940172,-1.635630759779593,0.13724619728447487,-1.2277854180073626,-0.9241578629045307,-0.07276497175677328,0.7423125356820234,-1.6495840959342845,0.5596406313378746,0.9940178924830986,0.9860966422066364,0
1.100868830834599,1.016267636601896,-1.2589056858959802,0.9829463743659811,-0.07130747788025202,0.9578859753157553,0.05255998271670267,-0.006069151494834045,-0.3461068599307856,-0.22756439290940172,-0.8109291212077213,0.5091443538885991,-0.4710010607389932,-1.306836508167943,1.5890777763587678,-0.8649215347708576,-1.1003939630075446,0.5596406313378746,0.9940178924830986,0.9860966422066364,0
-0.7972572544092108,1.016267636601896,0.8356405741632701,0.9829463743659811,-0.07130747788025202,-1.0439655927422493,0.658915315578507,-0.006069151494834045,1.6318080878327055,1.5212493854529547,0.5085935005072734,0.9666917829227641,1.438317271818819,-1.2662633505978462,-1.259795506125017,-0.6353166675633032,-1.4665207182920377,-1.7868609675630667,-1.0060181084889308,-1.0140993866100703,0
-1.459659859367941,-0.993932084149107,-1.2589056858959802,-1.02762575501898,-0.7624946625030504,-1.0439655927422493,0.8794081638918904,1.0343568190481278,1.4340165930563564,-0.6647678374999909,-0.4810484657789726,-0.3248090881933765,0.4940725691720465,1.1699703380429614,-0.07276497175677328,0.2831028012669145,-0.5512038300808045,0.5596406313378746,-1.0060181084889308,-1.0140993866100703,2
1.0003663666339642,-0.993932084149107,0.3428061600316817,0.9829463743659811,-0.07130747788025202,-1.0439655927422493,-1.160150683006906,0.6875481622004737,-0.45913057123155654,0.6468424962717766,-0.31610813806459825,-0.8432125792173073,0.5218444721910692,1.5185306462587922,0.6394533488641729,0.053497934059360104,0.18104968048818207,0.5596406313378746,-1.0060181084889308,-1.0140993866100703,3
-1.1787097889888933,-0.993932084149107,-1.2589056858959802,-1.02762575501898,-0.9928903907106499,0.9578859753157553,-1.6011363796336728,-1.0464951220377958,0.7841302530769236,-0.22756439290940172,-1.14080977663647,0.6195868367589148,1.1490266153706659,-0.2519344113454282,0.6394533488641729,-0.6353166675633032,0.9133031910571687,0.5596406313378746,-1.0060181084889308,-1.0140993866100703,1
-1.372862276649211,-0.993932084149107,0.2195975564987845,0.9829463743659811,1.5414626195729444,-1.0439655927422493,-0.2781792897533724,-0.006069151494834045,-1.0807609833857965,-0.22756439290940172,1.1683548113647708,1.1853228204415522,0.30429789854205785,0.563217208926515,-1.259795506125017,-0.8649215347708576,-0.36814045243855786,0.5596406313378746,0.9940178924830986,-1.0140993866100703,2
-0.884054837127941,-0.993932084149107,-0.6428626682314948,0.9829463743659811,-0.07130747788025202,0.9578859753157553,1.6511331329887322,0.6875481622004737,-1.024249127735411,1.0840459408623657,0.5085935005072734,-0.7936261583367574,-0.21411095781303302,0.11875671009045541,1.1142655626114704,-0.4057118003557487,-0.7342672077230512,0.5596406313378746,0.9940178924830986,-1.0140993866100703,1
1.690178734556504,1.016267636601896,0.09638895296588762,0.9829463743659811,-0.9928903907106499,-1.0439655927422493,-0.002563229361643179,-1.0464951220377958,0.6993624696013454,1.0840459408623657,-1.4706904320652185,0.4234950814585584,0.875936235683609,-1.5419763986310033,0.16464113511687545,0.053497934059360104,0.5471764357726754,-1.7868609675630667,0.9940178924830986,-1.0140993866100703,0
-1.2084036988663538,1.016267636601896,-1.2589056858959802,-1.02762575501898,0.38948397853494693,-1.0439655927422493,-0.002563229361643179,1.0343568190481278,0.3037794800486472,0.2096390516811874,-0.15116781035022395,-0.3608719397428673,-0.9130371837917717,-0.6502890493063779,-0.07276497175677328,1.2015222700971322,1.279429946341662,-1.7868609675630667,0.9940178924830986,-1.0140993866100703,0
-0.4683400988434964,-0.993932084149107,1.328474988294858,0.9829463743659811,-0.532098934295451,0.9578859753157553,0.7140385276568528,-0.6996864651901419,1.4057606652311636,-0.6647678374999909,-0.9758694489220956,-1.04381219096135,0.09600862589938741,-1.065241797182367,0.6394533488641729,-1.094526401978412,-0.7342672077230512,0.5596406313378746,-1.0060181084889308,-1.0140993866100703,0
-1.459659859367941,-0.993932084149107,1.205266384761961,0.9829463743659811,0.8502754349501459,0.9578859753157553,-0.5537953501451016,-1.3933037788854497,0.13424391309749079,-1.539174726681169,0.17871284507852472,-0.9874639854152706,-0.20716798205827736,1.2142319644830668,1.5890777763587678,-1.094526401978412,-1.1003939630075446,0.5596406313378746,-1.0060181084889308,-1.0140993866100703,2
-0.484329127239052,-0.993932084149107,-1.2589056858959802,-1.02762575501898,-0.532098934295451,0.9578859753157553,1.761379557145424,1.3811654758957816,-1.052505055560604,-1.10197128209058,-0.4810484657789726,2.3731429933529067,1.1467122901190805,1.532362404521325,1.1142655626114704,1.4311271373046865,0.18104968048818207,0.5596406313378746,-1.0060181084889308,-1.0140993866100703,3
0.04787710364158303,-0.993932084149107,-1.135697082363083,-1.02762575501898,0.15908825032734747,0.9578859753157553,-1.0499042588502143,1.7279741327434355,-0.9677372720850257,0.6468424962717766,-0.6459887934933469,-1.082128970732684,-1.193070539233584,0.54016427848896,0.16464113511687545,-1.094526401978412,-0.5512038300808045,0.5596406313378746,0.9940178924830986,-1.0140993866100703,2
1.2653274086174562,-0.993932084149107,0.3428061600316817,0.9829463743659811,1.311066891365345,-1.0439655927422493,-1.1050274709285601,-0.006069151494834045,0.8123861809021163,0.6468424962717766,1.1683548113647708,0.9937389215848823,0.3852992823475408,1.299066748493269,0.8768594557378216,1.8903368717197957,0.7302398134149221,0.5596406313378746,0.9940178924830986,0.9860966422066364,3
-1.2883488408441315,-0.993932084149107,0.9588491776961667,-1.02762575501898,1.311066891365345,-1.0439655927422493,1.5408867088320406,1.3811654758957816,0.10598798527229807,0.2096390516811874,0.838474155936022,-1.0212729087429182,-1.1444697089502944,-0.3589000085756832,-1.259795506125017,-1.3241312691859664,0.3641130581304287,0.5596406313378746,-1.0060181084889308,0.9860966422066364,0
-1.327179338376195,1.016267636601896,1.4516835918277553,-1.02762575501898,-0.9928903907106499,0.9578859753157553,-1.1050274709285601,1.3811654758957816,-1.052505055560604,1.0840459408623657,-1.14080977663647,1.1515138971139047,1.1536552658738362,1.3488610782383876,0.40204724199052416,1.2015222700971322,1.6455567016261552,0.5596406313378746,-1.0060181084889308,-1.0140993866100703,3
1.0391968641660276,1.016267636601896,-1.135697082363083,-1.02762575501898,-0.9928903907106499,0.9578859753157553,0.10768319479504852,-0.6996864651901419,-1.0807609833857965,1.0840459408623657,-0.4810484657789726,-0.6042961877019305,-1.6258493612800216,0.16025198487805434,1.1142655626114704,-0.1761069331481943,-1.6495840959342845,0.5596406313378746,0.9940178924830986,-1.0140993866100703,2
-0.9936938889831791,1.016267636601896,-0.8892798752972889,0.9829463743659811,1.7718583477805439,0.9578859753157553,0.49354567934346943,1.3811654758957816,-1.448088045113302,-1.539174726681169,0.5085935005072734,0.14400798195000442,-1.0032958686035955,-0.08964178106504136,-0.310171078630422,-0.1761069331481943,-0.002013697154064573,0.5596406313378746,-1.0060181084889308,-1.0140993866100703,1
1.0825956555253928,-0.993932084149107,1.205266384761961,0.9829463743659811,-0.7624946625030504,-1.0439655927422493,-0.2781792897533724,1.3811654758957816,-0.37436278775597837,1.0840459408623657,-1.14080977663647,0.18908654638686795,-0.6422611293563001,0.25984064436829174,0.16464113511687545,0.9719174028895778,1.6455567016261552,0.5596406313378746,-1.0060181084889308,0.9860966422066364,2
-1.217540286520957,-0.993932084149107,-1.2589056858959802,-1.02762575501898,2.0022540759881435,0.9578859753157553,-0.05768644143998903,-1.3933037788854497,-0.9112254164346402,-0.6647678374999909,1.4982354667935194,-0.23014410287596304,-0.7255768384133682,0.2718281681958203,-1.0223893992513682,0.2831028012669145,-1.2834573406497911,0.5596406313378746,-1.0060181084889308,0.9860966422066364,1
0.280860088833964,-0.993932084149107,-1.2589056858959802,-1.02762575501898,-0.3017032060878515,-1.0439655927422493,-0.38842571391006414,1.0343568190481278,-0.26133907645520743,1.0840459408623657,-0.15116781035022395,-0.20760482065753127,0.5866455792354556,-1.0412667495273098,-1.259795506125017,0.053497934059360104,1.279429946341662,-1.7868609675630667,0.9940178924830986,0.9860966422066364,0
0.6577443295863451,-0.993932084149107,1.4516835918277553,-1.02762575501898,1.311066891365345,0.9578859753157553,1.5408867088320406,-1.3933037788854497,0.38854726352422536,0.2096390516811874,0.6735338282216478,-0.26846088264729706,-0.3136269436311978,-0.04261380297242926,-1.7346077198723144,-0.6353166675633032,-0.002013697154064573,0.5596406313378746,0.9940178924830986,0.9860966422066364,2
-1.0759231778746077,-0.993932084149107,-1.2589056858959802,0.9829463743659811,-0.9928903907106499,-1.0439655927422493,-0.7191649863801393,1.3811654758957816,0.5298269026501891,-1.10197128209058,-1.4706904320652185,-0.01827485002270436,-0.6029176000793511,-0.9029491669019801,1.5890777763587678,-1.094526401978412,-0.7342672077230512,-1.7868609675630667,-1.0060181084889308,0.9860966422066364,0
0.1712210369787259,-0.993932084149107,1.698100798893549,0.9829463743659811,0.8502754349501459,0.9578859753157553,0.49354567934346943,-1.3933037788854497,0.4168031913494181,-0.22756439290940172,0.34365317279289903,-1.1993332382685293,-1.5610482542356352,-1.381528002785621,-0.5475771855040708,-0.4057118003557487,-1.2834573406497911,0.5596406313378746,0.9940178924830986,0.9860966422066364,0
-1.2198244334346078,1.016267636601896,-1.2589056858959802,-1.02762575501898,0.15908825032734747,0.9578859753157553,1.375517072597003,1.3811654758957816,0.4168031913494181,0.6468424962717766,-0.15116781035022395,1.0568489117964912,0.2834689712777908,-0.56729849973118,0.6394533488641729,1.2015222700971322,1.279429946341662,0.5596406313378746,0.9940178924830986,0.9860966422066364,1
0.3745101122936466,-0.993932084149107,1.4516835918277553,-1.02762575501898,-0.532098934295451,0.9578859753157553,-0.3333025018317183,-1.3933037788854497,0.6711065417761527,0.2096390516811874,-1.14080977663647,-0.41496621706710357,-0.0011930346671921257,1.149683759257913,0.16464113511687545,0.7423125356820234,-0.36814045243855786,0.5596406313378746,-1.0060181084889308,0.9860966422066364,3
0.5640943061266624,-0.993932084149107,1.328474988294858,-1.02762575501898,0.6198797067425464,-1.0439655927422493,1.0999010122052737,-1.3933037788854497,-1.561111756414073,-0.22756439290940172,0.838474155936022,1.7690902298989353,1.1467122901190805,-1.684904567343844,0.16464113511687545,-1.094526401978412,0.7302398134149221,-1.7868609675630667,0.9940178924830986,-1.0140993866100703,0
-1.0462292679971474,-0.993932084149107,-0.5196540646985977,-1.02762575501898,-0.532098934295451,-1.0439655927422493,0.3281760431084319,-0.3528778083424879,1.6318080878327055,0.2096390516811874,-0.4810484657789726,-0.7688329478964824,0.977766546753359,1.2760138180557141,0.16464113511687545,0.5127076684744689,-1.1003939630075446,-1.7868609675630667,-1.0060181084889308,0.9860966422066364,3
-0.5779791506987345,1.016267636601896,-0.026819650567009547,-1.02762575501898,-0.7624946625030504,0.9578859753157553,-0.4986721380667558,1.0343568190481278,1.2079691704548146,1.5212493854529547,-1.14080977663647,-0.3924269348486718,-1.0449537231321295,0.24047618280074556,0.8768594557378216,0.7423125356820234,1.4624933239839086,0.5596406313378746,-1.0060181084889308,-1.0140993866100703,1
0.16208444932412272,-0.993932084149107,-0.15002825409990672,-1.02762575501898,-0.9928903907106499,-1.0439655927422493,0.05255998271670267,-0.3528778083424879,-0.9959931999102184,-1.539174726681169,0.6735338282216478,0.3626390194687926,-0.5450594687897206,-0.7590988809716372,0.16464113511687545,1.4311271373046865,1.4624933239839086,-1.7868609675630667,-1.0060181084889308,0.9860966422066364,1
-1.551025735913973,1.016267636601896,0.5892233670974757,0.9829463743659811,0.38948397853494693,0.9578859753157553,1.375517072597003,-0.6996864651901419,-1.674135467714844,-0.6647678374999909,0.34365317279289903,-1.2737128695893543,0.17469568445328515,0.03945462938526637,-0.310171078630422,0.9719174028895778,-0.7342672077230512,0.5596406313378746,-1.0060181084889308,0.9860966422066364,1
0.24888203204285292,-0.993932084149107,-0.2732368576328036,-1.02762575501898,-0.9928903907106499,-1.0439655927422493,0.6037921035001611,-0.3528778083424879,-0.6851779938330984,0.2096390516811874,-0.6459887934933469,-0.9942257700808002,-1.7369369733561124,1.6503934083616065,-0.5475771855040708,-0.6353166675633032,-0.5512038300808045,0.5596406313378746,-1.0060181084889308,0.9860966422066364,3
0.7491102061323768,-0.993932084149107,-1.2589056858959802,0.9829463743659811,-0.3017032060878515,-1.0439655927422493,-0.5537953501451016,-0.006069151494834045,-0.6004102103575202,0.6468424962717766,-0.6459887934933469,-0.22563624643227667,0.8551073084193419,0.1731616259230851,-0.7849832923777195,-1.094526401978412,1.279429946341662,0.5596406313378746,-1.0060181084889308,-1.0140993866100703,2
1.601097004924123,1.016267636601896,-0.7660712717643918,0.9829463743659811,-0.07130747788025202,-1.0439655927422493,-0.8294114105368309,0.6875481622004737,-1.3350643338125312,0.2096390516811874,-0.4810484657789726,-1.2015871664903726,-0.9107228585401864,0.15932986766055213,0.40204724199052416,0.053497934059360104,-0.5512038300808045,-1.7868609675630667,0.9940178924830986,-1.0140993866100703,2
1.690178734556504,1.016267636601896,1.698100798893549,0.9829463743659811,-0.9928903907106499,0.9578859753157553,-0.7191649863801393,1.7279741327434355,1.0101776756784655,-0.6647678374999909,-0.15116781035022395,1.5459513359364607,0.6491323610282567,-1.5797832045485936,-1.0223893992513682,-0.8649215347708576,-1.6495840959342845,0.5596406313378746,0.9940178924830986,0.9860966422066364,0
-1.548741589000322,0.0,0.7124319706303729,0.9829463743659811,0.6198797067425464,0.9578859753157553,-1.6562595917120186,-1.3933037788854497,1.4905284487067418,-0.6647678374999909,0.5085935005072734,0.9238671467077437,0.09832295115097264,-1.3455654313030352,-0.5475771855040708,-1.3241312691859664,-1.2834573406497911,0.5596406313378746,0.9940178924830986,-1.0140993866100703,0
1.0917322431799958,1.016267636601896,-0.2732368576328036,-1.02762575501898,-0.7624946625030504,-1.0439655927422493,1.6511331329887322,0.6875481622004737,-0.28959500428040014,-1.539174726681169,-1.14080977663647,-0.08138484023431333,-1.0218104706162774,1.0159767627200942,-1.4972016129986656,-0.4057118003557487,-1.1003939630075446,-1.7868609675630667,0.9940178924830986,-1.0140993866100703,3
-1.6081294087552427,-0.993932084149107,-0.026819650567009547,-1.02762575501898,-0.7624946625030504,0.9578859753157553,0.8794081638918904,0.6875481622004737,-0.7699457773086765,-1.539174726681169,-0.9758694489220956,-0.8003879430022869,-1.019496145364692,-1.2764066399903704,-0.310171078630422,0.9719174028895778,1.279429946341662,0.5596406313378746,0.9940178924830986,-1.0140993866100703,0
0.39735158143015453,-0.993932084149107,-1.2589056858959802,0.9829463743659811,-0.07130747788025202,0.9578859753157553,0.38329925518677777,-1.3933037788854497,1.2644810261052,0.2096390516811874,0.34365317279289903,0.887804295158253,0.1538667571890181,1.6171971885315275,1.5890777763587678,2.3495466061349046,-1.2834573406497911,0.5596406313378746,-1.0060181084889308,-1.0140993866100703,3
0.27172350117936084,-0.993932084149107,1.205266384761961,0.9829463743659811,-0.9928903907106499,-1.0439655927422493,-0.6640417743017933,0.34073950535281977,-0.1483153651544365,1.0840459408623657,-1.635630759779593,1.89305628210031,0.9337943669732397,1.1819578618704898,-1.7346077198723144,-1.094526401978412,-0.002013697154064573,-1.7868609675630667,-1.0060181084889308,0.9860966422066364,3
0.6394711542771387,-0.993932084149107,1.698100798893549,-1.02762575501898,-0.532098934295451,-1.0439655927422493,-0.11280965351833487,0.6875481622004737,-0.7982017051338693,1.0840459408623657,-0.31610813806459825,1.0748803375712366,1.0425676537977453,0.29119262976336646,-0.7849832923777195,-0.1761069331481943,-0.18507707479631122,0.5596406313378746,0.9940178924830986,0.9860966422066364,2
0.03417222215967826,-0.993932084149107,-0.3964454611657008,0.9829463743659811,-0.532098934295451,-1.0439655927422493,0.9896545880485821,0.6875481622004737,-0.9112254164346402,0.2096390516811874,-0.6459887934933469,-0.4127122888452604,-0.5520024445444762,1.6918886831492055,-0.5475771855040708,-0.4057118003557487,1.0963665686994153,0.5596406313378746,0.9940178924830986,-1.0140993866100703,3
0.8039297320599958,1.016267636601896,0.8356405741632701,-1.02762575501898,-0.3017032060878515,0.9578859753157553,0.9345313759702363,-0.3528778083424879,0.38854726352422536,0.6468424962717766,-0.4810484657789726,1.665409531694149,1.4614605243346714,1.4558266754686426,1.1142655626114704,0.053497934059360104,1.6455567016261552,0.5596406313378746,0.9940178924830986,-1.0140993866100703,3
-0.5985364729215917,1.016267636601896,1.574892195360652,0.9829463743659811,-0.532098934295451,-1.0439655927422493,0.16280640687339437,0.34073950535281977,0.6993624696013454,-1.10197128209058,0.838474155936022,1.931373061871644,1.4128596940513816,1.4659699648611668,1.5890777763587678,-0.6353166675633032,-0.18507707479631122,-1.7868609675630667,0.9940178924830986,0.9860966422066364,3
0.9158529308288847,1.016267636601896,-1.012488478830186,-1.02762575501898,1.311066891365345,0.9578859753157553,-0.6089185622234475,1.0343568190481278,0.8123861809021163,1.0840459408623657,0.6735338282216478,-0.12646340467117687,0.11452322791206923,-1.6480198786437563,0.8768594557378216,-0.6353166675633032,-1.1003939630075446,0.5596406313378746,0.9940178924830986,-1.0140993866100703,0
-1.315758603807941,-0.993932084149107,-0.8892798752972889,0.9829463743659811,-0.9928903907106499,-1.0439655927422493,-0.38842571391006414,0.34073950535281977,1.2079691704548146,-1.10197128209058,-1.4706904320652185,-1.2692050131456678,0.8180781043939783,0.9698709018449843,-1.4972016129986656,-0.8649215347708576,-1.6495840959342845,0.5596406313378746,-1.0060181084889308,0.9860966422066364,2
1.1534042098485673,1.016267636601896,-0.6428626682314948,-1.02762575501898,-0.7624946625030504,0.9578859753157553,-0.6640417743017933,-0.006069151494834045,-0.7982017051338693,1.5212493854529547,-1.14080977663647,-1.3007600082514723,-1.2347283937621183,-0.8476221338518483,1.351671669485119,0.2831028012669145,0.5471764357726754,0.5596406313378746,-1.0060181084889308,-1.0140993866100703,1
0.879306580210472,-0.993932084149107,0.09638895296588762,0.9829463743659811,0.8502754349501459,-1.0439655927422493,-0.22305607767502658,-0.3528778083424879,0.2755235522234544,-1.10197128209058,0.013772517364150388,0.09892941751314085,-1.2787005735422374,0.321622497940939,0.8768594557378216,1.2015222700971322,-1.6495840959342845,0.5596406313378746,-1.0060181084889308,-1.0140993866100703,2
-0.2993132272333377,1.016267636601896,-0.2732368576328036,0.9829463743659811,2.2326498041957428,0.9578859753157553,-1.6562595917120186,-0.6996864651901419,0.8123861809021163,1.0840459408623657,1.6631757945078938,-0.9852100571934275,1.1351406638611543,-0.8254913206317955,-1.7346077198723144,-0.6353166675633032,-1.2834573406497911,0.5596406313378746,0.9940178924830986,-1.0140993866100703,0
-0.11658147414127415,1.016267636601896,-0.15002825409990672,0.0,-0.9928903907106499,0.9578859753157553,-1.2703971071635978,0.34073950535281977,-0.7416898494834838,-1.10197128209058,-1.635630759779593,1.563982761711206,0.7093048175694726,0.7116780809443688,-0.07276497175677328,1.2015222700971322,0.9133031910571687,0.5596406313378746,-1.0060181084889308,0.9860966422066364,3
-0.9639999791057188,-0.993932084149107,-0.2732368576328036,-1.02762575501898,-0.9928903907106499,-1.0439655927422493,-1.160150683006906,-0.006069151494834045,0.10598798527229807,-0.6647678374999909,0.17871284507852472,0.17330904883396572,-1.1236407816860272,-0.07857637445501499,-0.310171078630422,0.053497934059360104,1.4624933239839086,-1.7868609675630667,0.9940178924830986,-1.0140993866100703,1
-0.8589292210777822,-0.993932084149107,0.09638895296588762,0.9829463743659811,0.15908825032734747,0.9578859753157553,-1.4357667433986352,0.6875481622004737,-0.20482722080482196,-0.22756439290940172,0.5085935005072734,0.1620394077247498,1.2670572032015124,-1.479272427840854,-0.5475771855040708,-0.8649215347708576,1.279429946341662,0.5596406313378746,-1.0060181084889308,0.9860966422066364,0
0.3608052308117418,-0.993932084149107,1.082057781229064,0.9829463743659811,0.15908825032734747,0.9578859753157553,-1.6011363796336728,-1.0464951220377958,-0.5438983547071348,-0.6647678374999909,0.838474155936022,-0.47807620727871253,0.9407373427279954,-0.688095855223968,1.351671669485119,2.1199417389273503,-1.2834573406497911,0.5596406313378746,0.9940178924830986,0.9860966422066364,1
-0.2993132272333377,-0.993932084149107,-0.6428626682314948,-1.02762575501898,-0.3017032060878515,-1.0439655927422493,0.9345313759702363,0.6875481622004737,-0.007035726028472855,0.2096390516811874,0.34365317279289903,1.4715717046156358,0.9592519447406771,1.0417960448101558,-0.07276497175677328,-1.3241312691859664,0.9133031910571687,0.5596406313378746,-1.0060181084889308,-1.0140993866100703,3
-0.39067910377936943,-0.993932084149107,0.5892233670974757,0.9829463743659811,-0.7624946625030504,0.9578859753157553,0.27305283103008604,1.3811654758957816,1.2362250982800074,1.0840459408623657,0.5085935005072734,-1.0347964780739773,1.7276079282669725,-0.2961960377855338,-1.7346077198723144,-0.4057118003557487,-0.7342672077230512,0.5596406313378746,-1.0060181084889308,-1.0140993866100703,1
1.057470039475234,1.016267636601896,0.9588491776961667,-1.02762575501898,1.7718583477805439,0.9578859753157553,1.0999010122052737,-0.006069151494834045,0.13424391309749079,-1.10197128209058,0.838474155936022,1.6947105985781103,0.5542450257132624,0.34744178003100057,0.8768594557378216,1.4311271373046865,-1.2834573406497911,0.5596406313378746,-1.0060181084889308,-1.0140993866100703,3
-0.9845573013285759,-0.993932084149107,-1.2589056858959802,0.9829463743659811,-0.9928903907106499,-1.0439655927422493,-1.3255203192419436,-1.3933037788854497,1.462272520881549,-0.22756439290940172,-1.4706904320652185,-0.06109948623772473,1.4799751263473533,1.5102315913012725,0.6394533488641729,0.7423125356820234,0.18104968048818207,0.5596406313378746,-1.0060181084889308,0.9860966422066364,3
-0.18967417537809955,-0.993932084149107,-1.2589056858959802,-1.02762575501898,0.38948397853494693,-1.0439655927422493,1.5960099209103864,-1.3933037788854497,-1.448088045113302,1.0840459408623657,-0.15116781035022395,1.282241733980809,0.024264543100245374,-0.3026508583080491,0.8768594557378216,0.053497934059360104,0.3641130581304287,-1.7868609675630667,0.9940178924830986,0.9860966422066364,1
0.07300271969174175,-0.993932084149107,-1.2589056858959802,0.9829463743659811,-0.532098934295451,-1.0439655927422493,1.2101474363619655,-1.3933037788854497,0.5298269026501891,1.5212493854529547,-1.14080977663647,-0.07236912734694062,-1.3921025108699137,-1.0458773356148208,0.40204724199052416,1.2015222700971322,-0.9173305853652978,-1.7868609675630667,0.9940178924830986,0.9860966422066364,0
-1.2403817556574648,-0.993932084149107,-1.2589056858959802,-1.02762575501898,0.38948397853494693,-1.0439655927422493,1.044777800126928,-0.6996864651901419,1.6035521600075127,-0.6647678374999909,-0.31610813806459825,0.008772288639413765,-0.7973209212125103,0.4663949010887841,1.351671669485119,0.5127076684744689,-0.36814045243855786,-1.7868609675630667,-1.0060181084889308,0.9860966422066364,1
1.6947470283838055,1.016267636601896,0.46601476356457855,0.9829463743659811,2.0022540759881435,-1.0439655927422493,0.7140385276568528,-0.6996864651901419,0.9819217478532727,0.6468424962717766,1.333295139079145,-1.0190189805210752,-0.040536563944140985,-0.6862516207889635,-0.5475771855040708,-1.094526401978412,0.3641130581304287,-1.7868609675630667,0.9940178924830986,-1.0140993866100703,1
-1.42768180257683,-0.993932084149107,0.2195975564987845,0.9829463743659811,-0.9928903907106499,0.9578859753157553,1.430640284675349,-1.0464951220377958,-0.3461068599307856,1.0840459408623657,-1.3057501043508444,-1.4044407064562585,-1.6952791188275784,1.256649356488168,0.6394533488641729,0.053497934059360104,-0.002013697154064573,0.5596406313378746,0.9940178924830986,0.9860966422066364,2
0.8016455851463451,-0.993932084149107,-1.135697082363083,0.9829463743659811,-0.9928903907106499,-1.0439655927422493,-1.3806435313202894,-0.6996864651901419,-0.515642426881942,-0.6647678374999909,1.1683548113647708,1.8457237894416034,0.7949348518781261,-0.851310602721857,-0.07276497175677328,-0.6353166675633032,1.279429946341662,0.5596406313378746,0.9940178924830986,0.9860966422066364,1
1.612517739492377,-0.993932084149107,0.09638895296588762,-1.02762575501898,-0.07130747788025202,-1.0439655927422493,-0.6089185622234475,0.6875481622004737,-0.7699457773086765,-0.6647678374999909,0.013772517364150388,-0.8229272252207187,-0.825092824231533,0.8214100298271304,-1.4972016129986656,-1.094526401978412,0.7302398134149221,-1.7868609675630667,-1.0060181084889308,-1.0140993866100703,3
-0.23764126056476623,1.016267636601896,1.574892195360652,0.9829463743659811,1.0806711631577455,-1.0439655927422493,0.6037921035001611,-0.3528778083424879,0.5015709748249962,-1.539174726681169,0.17871284507852472,0.10118334573498404,0.7810489003686146,0.9956901839350458,1.351671669485119,1.6607320045122411,-0.9173305853652978,0.5596406313378746,-1.0060181084889308,-1.0140993866100703,3
-0.4340778951387345,-0.993932084149107,-1.135697082363083,0.9829463743659811,0.8502754349501459,0.9578859753157553,-1.6562595917120186,-0.6996864651901419,0.8971539643776945,0.6468424962717766,0.013772517364150388,-1.3661239266849243,0.7231907690789839,-1.5594966257635452,-0.5475771855040708,0.2831028012669145,-0.9173305853652978,0.5596406313378746,-1.0060181084889308,-1.0140993866100703,0
1.2973054654085674,1.016267636601896,0.7124319706303729,-1.02762575501898,-0.532098934295451,-1.0439655927422493,0.9345313759702363,1.0343568190481278,-0.4308746434063638,-1.539174726681169,0.013772517364150388,-0.6944533165756576,0.3066122237936431,-0.20121796438280734,1.1142655626114704,1.6607320045122411,0.3641130581304287,-1.7868609675630667,0.9940178924830986,0.9860966422066364,2
-0.5825474445260361,1.016267636601896,-1.2589056858959802,-1.02762575501898,2.0022540759881435,0.9578859753157553,0.5486688914218153,1.0343568190481278,-1.1937846946865676,1.0840459408623657,1.1683548113647708,0.8810425104927234,0.8319640559034897,-1.1307121196250232,0.8768594557378216,0.5127076684744689,0.3641130581304287,0.5596406313378746,0.9940178924830986,-1.0140993866100703,0
-1.1855622297298458,1.016267636601896,-0.15002825409990672,0.9829463743659811,-0.9928903907106499,0.9578859753157553,1.5960099209103864,0.34073950535281977,-1.250296550336953,1.0840459408623657,-0.31610813806459825,1.5820141874859515,1.1143117365968873,0.6222327108466555,-1.7346077198723144,-0.6353166675633032,0.7302398134149221,0.5596406313378746,-1.0060181084889308,0.9860966422066364,3
0.6783016518092022,-0.993932084149107,-0.8892798752972889,-1.02762575501898,1.7718583477805439,-1.0439655927422493,-1.0499042588502143,-0.6996864651901419,-0.9959931999102184,1.0840459408623657,1.6631757945078938,-1.4044407064562585,0.8851935366899498,-0.09609660158755676,-1.4972016129986656,-1.3241312691859664,0.9133031910571687,0.5596406313378746,0.9940178924830986,-1.0140993866100703,2
-1.0690707371336552,1.016267636601896,-1.2589056858959802,-1.02762575501898,-0.3017032060878515,-1.0439655927422493,-0.38842571391006414,1.7279741327434355,-1.5328558285888803,-0.22756439290940172,-0.6459887934933469,-0.7169925987940894,-0.7626060424387319,-1.2487431234653044,-0.07276497175677328,-1.094526401978412,1.6455567016261552,-1.7868609675630667,0.9940178924830986,-1.0140993866100703,0
-1.6812221099920681,-0.993932084149107,1.205266384761961,-1.02762575501898,-0.3017032060878515,-1.0439655927422493,1.375517072597003,0.34073950535281977,1.2644810261052,0.6468424962717766,0.17871284507852472,0.29952902925718367,0.09137997539621696,-1.6775276296038266,-0.310171078630422,0.5127076684744689,0.9133031910571687,-1.7868609675630667,-1.0060181084889308,0.9860966422066364,0
-1.2883488408441315,-0.993932084149107,1.082057781229064,-1.02762575501898,-0.7624946625030504,-1.0439655927422493,0.5486688914218153,0.34073950535281977,1.3209928817555854,1.0840459408623657,-1.3057501043508444,-0.36763372440839687,-0.8736936545148227,0.7642387623419941,-0.7849832923777195,-0.1761069331481943,0.3641130581304287,0.5596406313378746,0.9940178924830986,-1.0140993866100703,2
1.5919604172695199,1.016267636601896,0.46601476356457855,0.9829463743659811,2.0022540759881435,0.9578859753157553,0.10768319479504852,-1.0464951220377958,1.1797132426296217,1.0840459408623657,0.6735338282216478,-0.12195554822749052,-0.3761137254239989,-0.4179155104958239,-1.4972016129986656,-1.094526401978412,-0.36814045243855786,0.5596406313378746,-1.0060181084889308,0.9860966422066364,1
0.14609542092856717,-0.993932084149107,-0.6428626682314948,0.9829463743659811,-0.9928903907106499,0.9578859753157553,-0.9396578346935226,-1.3933037788854497,-0.06354758167885831,-0.6647678374999909,0.013772517364150388,-0.9378775645347207,0.8157637791423931,0.41475633690866104,-0.07276497175677328,-0.4057118003557487,0.5471764357726754,0.5596406313378746,0.9940178924830986,0.9860966422066364,2
-0.5368645062530203,1.016267636601896,1.698100798893549,0.9829463743659811,-0.9928903907106499,-1.0439655927422493,0.16280640687339437,-1.0464951220377958,0.021220201796719875,0.6468424962717766,-0.15116781035022395,0.5767622005438945,-0.20716798205827736,1.5194527634762944,1.1142655626114704,0.5127076684744689,1.279429946341662,-1.7868609675630667,0.9940178924830986,0.9860966422066364,3
1.6741897061609485,-0.993932084149107,-0.3964454611657008,0.9829463743659811,-0.9928903907106499,-1.0439655927422493,0.27305283103008604,0.6875481622004737,-1.0807609833857965,-1.10197128209058,-1.4706904320652185,0.15753155128106347,0.9175940902121431,0.6877030332893117,0.8768594557378216,-1.3241312691859664,1.0963665686994153,-1.7868609675630667,-1.0060181084889308,-1.0140993866100703,3
1.3315676691133294,-0.993932084149107,-0.3964454611657008,-1.02762575501898,-0.9928903907106499,-1.0439655927422493,-1.3255203192419436,-1.0464951220377958,1.5470403043571272,0.6468424962717766,-1.635630759779593,-1.0663514731797819,-0.7903779454577546,0.4175226885611676,-0.7849832923777195,-0.1761069331481943,-0.5512038300808045,0.5596406313378746,0.9940178924830986,-1.0140993866100703,2
-0.18282173463714718,1.016267636601896,1.574892195360652,-1.02762575501898,0.15908825032734747,0.9578859753157553,-0.7742881984584851,-0.006069151494834045,-1.6176236120644585,-1.539174726681169,-0.4810484657789726,0.08089799173839544,-1.223156767504192,0.11230188956794003,-1.0223893992513682,-1.094526401978412,-1.4665207182920377,0.5596406313378746,0.9940178924830986,-1.0140993866100703,1
1.2402017925672975,1.016267636601896,1.574892195360652,0.9829463743659811,0.38948397853494693,0.9578859753157553,1.430640284675349,1.0343568190481278,0.47331504699980353,-1.539174726681169,0.5085935005072734,0.5001286410012264,-0.5844029980666694,0.25891852715078956,0.6394533488641729,-1.3241312691859664,0.9133031910571687,0.5596406313378746,-1.0060181084889308,0.9860966422066364,2
-0.7881206667546076,-0.993932084149107,0.7124319706303729,0.9829463743659811,2.6934412606109417,-1.0439655927422493,-0.8845346226151768,0.6875481622004737,0.7841302530769236,1.5212493854529547,1.6631757945078938,-0.8094036558896596,0.112208902660484,1.1552164625629262,-1.7346077198723144,-1.094526401978412,-0.9173305853652978,0.5596406313378746,0.9940178924830986,0.9860966422066364,2
1.4731847777596785,-0.993932084149107,0.7124319706303729,0.9829463743659811,0.6198797067425464,0.9578859753157553,0.6037921035001611,1.0343568190481278,1.2644810261052,-1.539174726681169,1.333295139079145,-0.43750549928553534,-1.0009815433520102,1.3783688291984582,0.40204724199052416,0.5127076684744689,-0.7342672077230512,0.5596406313378746,0.9940178924830986,0.9860966422066364,3
0.9341261061380911,1.016267636601896,-1.2589056858959802,-1.02762575501898,-0.7624946625030504,0.9578859753157553,-0.8294114105368309,1.3811654758957816,0.049476129621912605,-1.10197128209058,-1.14080977663647,1.0681185529057071,-0.031279262937800076,-0.8669865954193944,-1.4972016129986656,-0.8649215347708576,-1.6495840959342845,0.5596406313378746,-1.0060181084889308,0.9860966422066364,1
-1.007398770465084,-0.993932084149107,1.082057781229064,-1.02762575501898,0.15908825032734747,-1.0439655927422493,-1.546013167555327,-1.0464951220377958,-1.250296550336953,-0.6647678374999909,-0.15116781035022395,-0.26846088264729706,-1.4083027876310101,0.7753041689520205,0.6394533488641729,0.2831028012669145,0.5471764357726754,0.5596406313378746,0.9940178924830986,-1.0140993866100703,2
-0.9982621828104807,1.016267636601896,1.082057781229064,0.9829463743659811,-0.7624946625030504,-1.0439655927422493,0.7140385276568528,1.0343568190481278,0.47331504699980353,-0.6647678374999909,-0.15116781035022395,1.473825632837479,0.8828792114383647,1.4650478476436648,-1.0223893992513682,-0.6353166675633032,-0.5512038300808045,-1.7868609675630667,-1.0060181084889308,-1.0140993866100703,3
0.08442345425999573,1.016267636601896,1.698100798893549,0.9829463743659811,-0.532098934295451,-1.0439655927422493,1.1550242242836197,-0.6996864651901419,-0.28959500428040014,-1.10197128209058,-1.14080977663647,-0.9649247031968389,-1.1953848644851692,1.5434278111313515,1.5890777763587678,0.9719174028895778,-0.5512038300808045,0.5596406313378746,0.9940178924830986,0.9860966422066364,3
0.21005153451078942,1.016267636601896,0.09638895296588762,0.0,-0.9928903907106499,-1.0439655927422493,-0.8845346226151768,-0.006069151494834045,0.6993624696013454,-1.10197128209058,-0.4810484657789726,1.0455792706872753,-0.059051165956822804,-1.0126811157847417,0.16464113511687545,-0.1761069331481943,1.6455567016261552,0.5596406313378746,-1.0060181084889308,0.9860966422066364,1
0.8701699925558689,-0.993932084149107,1.328474988294858,0.9829463743659811,0.38948397853494693,-1.0439655927422493,-1.490889955476981,1.3811654758957816,1.2927369539303928,0.6468424962717766,1.333295139079145,-0.47582227905686936,0.20246758747230786,-0.9573540827346098,1.351671669485119,1.8903368717197957,0.3641130581304287,0.5596406313378746,-1.0060181084889308,-1.0140993866100703,1
1.7290092320885675,-0.993932084149107,1.205266384761961,-1.02762575501898,0.15908825032734747,0.9578859753157553,1.044777800126928,-0.3528778083424879,-0.515642426881942,-0.22756439290940172,-0.15116781035022395,0.058358709519963664,0.44778606414034194,0.10308071739291805,-1.0223893992513682,0.2831028012669145,0.18104968048818207,0.5596406313378746,-1.0060181084889308,0.9860966422066364,2
-0.3358595778517504,-0.993932084149107,-2.7357805694826946e-16,0.9829463743659811,0.8502754349501459,-1.0439655927422493,0.7140385276568528,1.0343568190481278,1.2644810261052,-1.539174726681169,0.013772517364150388,1.7104880961310127,0.3991852338570522,-0.7572546465366328,-0.07276497175677328,-0.6353166675633032,1.6455567016261552,-1.7868609675630667,0.9940178924830986,0.9860966422066364,1
-0.5048864494619092,1.016267636601896,-1.012488478830186,0.9829463743659811,0.6198797067425464,-1.0439655927422493,1.706256345067078,-1.3933037788854497,0.4168031913494181,0.2096390516811874,1.333295139079145,0.47533543056095146,-0.8528647272505557,0.851839898004703,-0.5475771855040708,-0.6353166675633032,-1.6495840959342845,-1.7868609675630667,-1.0060181084889308,0.9860966422066364,2
-1.5852879396187347,-0.993932084149107,-1.2589056858959802,-1.02762575501898,-0.9928903907106499,0.9578859753157553,-1.160150683006906,-0.6996864651901419,-0.26133907645520743,-0.6647678374999909,-1.4706904320652185,-0.5952804748145578,0.46398634090143853,-1.3907491749606429,0.6394533488641729,0.053497934059360104,1.4624933239839086,0.5596406313378746,0.9940178924830986,0.9860966422066364,0
-1.5647306173958777,1.016267636601896,-0.2732368576328036,-1.02762575501898,-0.9928903907106499,-1.0439655927422493,-1.1050274709285601,-1.3933037788854497,-0.9959931999102184,0.6468424962717766,0.013772517364150388,-1.2624432284801383,-1.0310677716226182,1.5120758257362767,-0.5475771855040708,0.2831028012669145,-1.2834573406497911,-1.7868609675630667,0.9940178924830986,0.9860966422066364,2
0.057013691296186206,-0.993932084149107,1.698100798893549,0.9829463743659811,-0.532098934295451,0.9578859753157553,0.10768319479504852,-1.0464951220377958,0.8688980365525018,-0.6647678374999909,-1.14080977663647,-0.18731946666094265,-0.9315517858044534,-1.5724062668085759,-1.259795506125017,-0.4057118003557487,-1.4665207182920377,0.5596406313378746,0.9940178924830986,0.9860966422066364,0
-0.4774766864980996,-0.993932084149107,0.09638895296588762,0.9829463743659811,-0.3017032060878515,0.9578859753157553,1.430640284675349,-1.0464951220377958,-0.06354758167885831,0.6468424962717766,1.6631757945078938,1.0500871271309618,1.2971434314721204,0.6766376266792853,-1.4972016129986656,-0.8649215347708576,1.279429946341662,0.5596406313378746,0.9940178924830986,0.9860966422066364,3
0.4407503727895196,1.016267636601896,0.2195975564987845,0.9829463743659811,0.38948397853494693,0.9578859753157553,0.38329925518677777,-0.6996864651901419,0.6711065417761527,-0.22756439290940172,1.333295139079145,-0.9829561289715842,-0.7047479111491012,-1.4940263033208891,0.40204724199052416,-0.4057118003557487,-0.18507707479631122,0.5596406313378746,0.9940178924830986,-1.0140993866100703,0
-1.5555940297412745,1.016267636601896,1.574892195360652,-1.02762575501898,-0.7624946625030504,0.9578859753157553,0.9345313759702363,1.0343568190481278,0.049476129621912605,0.2096390516811874,-0.9758694489220956,0.7931393098408395,0.8180781043939783,-1.5973034316811354,-0.5475771855040708,-0.1761069331481943,-0.5512038300808045,0.5596406313378746,0.9940178924830986,0.9860966422066364,0
-0.9365902161419093,-0.993932084149107,-1.2589056858959802,-1.02762575501898,-0.9928903907106499,-1.0439655927422493,1.3203938605186571,0.34073950535281977,-0.3178509321055929,1.0840459408623657,-1.4706904320652185,-1.2489196591490792,1.537833257636984,-1.2026372625901944,-0.07276497175677328,0.053497934059360104,-0.002013697154064573,0.5596406313378746,-1.0060181084889308,0.9860966422066364,0
1.146551769107615,1.016267636601896,0.3428061600316817,-1.02762575501898,-0.9928903907106499,-1.0439655927422493,-0.9947810467718684,0.6875481622004737,0.07773205744710533,1.5212493854529547,-1.635630759779593,0.19134047460871112,1.489232427353694,1.1644376347379481,-0.310171078630422,-0.6353166675633032,-1.4665207182920377,0.5596406313378746,-1.0060181084889308,-1.0140993866100703,3
1.3932396357819008,1.016267636601896,0.9588491776961667,-1.02762575501898,0.6198797067425464,0.9578859753157553,-0.9396578346935226,-0.3528778083424879,0.10598798527229807,0.2096390516811874,1.4982354667935194,-0.08814662489984286,-0.2974266668701012,1.21976466778808,0.40204724199052416,1.2015222700971322,1.4624933239839086,0.5596406313378746,-1.0060181084889308,0.9860966422066364,3
-1.1558683198523856,-0.993932084149107,0.7124319706303729,-1.02762575501898,0.15908825032734747,0.9578859753157553,-1.3806435313202894,-1.0464951220377958,0.95366582002808,1.0840459408623657,0.013772517364150388,-0.4510290686165944,0.36447035508327374,-0.665042924786413,0.6394533488641729,0.5127076684744689,-1.6495840959342845,0.5596406313378746,0.9940178924830986,-1.0140993866100703,0
1.445775014795869,1.016267636601896,-0.7660712717643918,0.9829463743659811,-0.9928903907106499,-1.0439655927422493,-0.8845346226151768,-0.006069151494834045,-1.7023913955400367,-1.10197128209058,-1.3057501043508444,-0.8094036558896596,0.5380447489521658,0.15748563322554773,0.6394533488641729,1.2015222700971322,0.9133031910571687,-1.7868609675630667,-1.0060181084889308,0.9860966422066364,2
1.402376223436504,-0.993932084149107,-1.2589056858959802,0.9829463743659811,-0.7624946625030504,-1.0439655927422493,-0.2781792897533724,-0.6996864651901419,1.6035521600075127,0.6468424962717766,0.5085935005072734,0.7660921711787213,-0.570517046557158,-0.13943611081016005,-0.5475771855040708,-0.8649215347708576,-0.5512038300808045,0.5596406313378746,-1.0060181084889308,0.9860966422066364,2
-0.20566320377365513,1.016267636601896,0.8356405741632701,-1.02762575501898,-0.07130747788025202,-1.0439655927422493,-0.11280965351833487,-1.0464951220377958,-0.9677372720850257,0.6468424962717766,-0.8109291212077213,2.1905748073836095,0.9800808720049442,1.503776770778757,1.1142655626114704,1.8903368717197957,-0.5512038300808045,0.5596406313378746,-1.0060181084889308,-1.0140993866100703,3
-0.79497310749556,-0.993932084149107,-1.2589056858959802,0.9829463743659811,1.0806711631577455,0.9578859753157553,-0.38842571391006414,-0.6996864651901419,1.57529623218232,-1.10197128209058,1.4982354667935194,-0.6088040441456168,1.0934828093326203,-0.04722438905994025,-1.259795506125017,-1.094526401978412,-0.18507707479631122,0.5596406313378746,-1.0060181084889308,0.9860966422066364,1
1.53485674442825,1.016267636601896,0.5892233670974757,-1.02762575501898,0.6198797067425464,0.9578859753157553,1.761379557145424,0.34073950535281977,0.6428506139509599,1.5212493854529547,-0.31610813806459825,2.591774030871695,1.6350349182035635,1.6116644852265143,-0.7849832923777195,0.5127076684744689,-0.002013697154064573,0.5596406313378746,0.9940178924830986,-1.0140993866100703,3
-1.5738672050504807,1.016267636601896,-1.2589056858959802,-1.02762575501898,2.6934412606109417,0.9578859753157553,-0.4986721380667558,-1.3933037788854497,0.13424391309749079,-1.10197128209058,1.1683548113647708,-0.3586180115210241,1.5702338111591772,-1.6802939812563331,1.351671669485119,-0.1761069331481943,-0.5512038300808045,0.5596406313378746,-1.0060181084889308,-1.0140993866100703,0
-1.5144793852955603,-0.993932084149107,-0.8892798752972889,-1.02762575501898,-0.9928903907106499,0.9578859753157553,-0.2781792897533724,-1.3933037788854497,-0.5438983547071348,-1.10197128209058,-0.9758694489220956,0.2521965365984769,0.6167318075060635,-0.558077327556158,1.351671669485119,0.053497934059360104,-0.5512038300808045,0.5596406313378746,-1.0060181084889308,0.9860966422066364,1
1.18995056046698,-0.993932084149107,0.46601476356457855,-1.02762575501898,-0.7624946625030504,0.9578859753157553,0.9896545880485821,1.0343568190481278,1.6318080878327055,-1.539174726681169,-1.3057501043508444,-0.838704722773621,1.0471963043009158,0.3917034064711061,-0.5475771855040708,0.5127076684744689,-1.2834573406497911,0.5596406313378746,0.9940178924830986,-1.0140993866100703,2
-0.6168096482307981,-0.993932084149107,1.082057781229064,-1.02762575501898,-0.9928903907106499,-1.0439655927422493,0.7140385276568528,-0.6996864651901419,-0.45913057123155654,1.0840459408623657,-1.635630759779593,-0.34734837041180827,-1.5332763512166125,-1.586238025071109,1.351671669485119,-0.1761069331481943,1.4624933239839086,0.5596406313378746,-1.0060181084889308,0.9860966422066364,0
-0.18053758772349637,-0.993932084149107,-0.5196540646985977,-1.02762575501898,-0.7624946625030504,0.9578859753157553,1.706256345067078,0.6875481622004737,0.7276183974265381,-0.6647678374999909,-1.3057501043508444,0.2634661777076928,-0.9084085332886012,-1.410113636528189,1.351671669485119,-0.4057118003557487,0.7302398134149221,0.5596406313378746,-1.0060181084889308,0.9860966422066364,0
-0.9411585099692108,-0.993932084149107,-0.5196540646985977,0.9829463743659811,-0.532098934295451,0.9578859753157553,-0.7742881984584851,1.3811654758957816,0.5580828304753818,-1.10197128209058,1.0034144836503964,-0.4442672839510649,-0.9963528928488398,-0.4252924482358415,0.40204724199052416,-1.3241312691859664,1.0963665686994153,0.5596406313378746,0.9940178924830986,0.9860966422066364,0
1.2493383802219007,-0.993932084149107,-1.2589056858959802,-1.02762575501898,1.0806711631577455,0.9578859753157553,1.430640284675349,0.6875481622004737,0.5863387583005745,1.0840459408623657,0.013772517364150388,-0.9333697080910344,0.9708235709986033,0.5899586082340786,-0.7849832923777195,-0.6353166675633032,-0.7342672077230512,0.5596406313378746,0.9940178924830986,0.9860966422066364,3
-1.062218296392703,1.016267636601896,-1.135697082363083,0.9829463743659811,-0.532098934295451,0.9578859753157553,-1.3255203192419436,-0.3528778083424879,-0.12005943732924378,-1.539174726681169,-0.9758694489220956,2.4069519166805544,1.4198026698061375,0.4516410256087489,-1.259795506125017,-1.3241312691859664,0.5471764357726754,0.5596406313378746,0.9940178924830986,0.9860966422066364,2
-0.9594316852784172,1.016267636601896,1.205266384761961,0.9829463743659811,-0.9928903907106499,0.9578859753157553,-1.160150683006906,-1.0464951220377958,-1.6176236120644585,1.5212493854529547,-1.4706904320652185,-0.4668065661694967,-0.9940385675972546,-0.9499771449945922,-0.5475771855040708,-0.1761069331481943,0.7302398134149221,0.5596406313378746,-1.0060181084889308,-1.0140993866100703,0
-0.4500669235342901,-0.993932084149107,0.8356405741632701,-1.02762575501898,2.4630455324033425,0.9578859753157553,-1.160150683006906,0.34073950535281977,-0.03529165385366558,0.2096390516811874,1.0034144836503964,-1.3007600082514723,-0.54043081828655,0.647129875719215,1.351671669485119,-1.3241312691859664,-1.6495840959342845,0.5596406313378746,-1.0060181084889308,-1.0140993866100703,2
0.2945649703158688,-0.993932084149107,1.8213094024264462,0.9829463743659811,1.311066891365345,-1.0439655927422493,0.9896545880485821,-1.0464951220377958,-1.2220406225117602,1.0840459408623657,1.333295139079145,0.11921477150972945,-0.977838290836158,0.34283119394348954,0.16464113511687545,0.053497934059360104,-1.1003939630075446,-1.7868609675630667,0.9940178924830986,0.9860966422066364,2
0.8062138789736467,-0.993932084149107,0.7124319706303729,-1.02762575501898,0.38948397853494693,0.9578859753157553,0.9896545880485821,-1.3933037788854497,1.1514573148044291,-1.10197128209058,1.1683548113647708,-0.3045237341967879,-1.6883361430728228,-0.019560872534874308,1.5890777763587678,0.5127076684744689,-0.7342672077230512,0.5596406313378746,-1.0060181084889308,-1.0140993866100703,1
-0.39296325069302024,-0.993932084149107,0.3428061600316817,0.9829463743659811,1.5414626195729444,-1.0439655927422493,-0.9947810467718684,-1.0464951220377958,0.16249984092268352,-1.539174726681169,0.838474155936022,0.7210136067418578,-0.5612597455508171,-1.0680081488348736,-1.7346077198723144,-1.3241312691859664,0.3641130581304287,-1.7868609675630667,-1.0060181084889308,0.9860966422066364,0
1.491457953068885,1.016267636601896,-1.012488478830186,-1.02762575501898,0.15908825032734747,-1.0439655927422493,0.8242849518135446,-0.3528778083424879,-0.8547135607842548,-0.22756439290940172,0.013772517364150388,1.6992184550217968,0.7231907690789839,0.044065215472777364,1.1142655626114704,1.8903368717197957,-1.4665207182920377,0.5596406313378746,0.9940178924830986,0.9860966422066364,2
-0.740153581567941,-0.993932084149107,-0.5196540646985977,-1.02762575501898,0.38948397853494693,-1.0439655927422493,1.3203938605186571,0.34073950535281977,1.3209928817555854,1.5212493854529547,1.1683548113647708,-0.254937313316238,0.4547290398950976,-1.1242572991025077,1.5890777763587678,0.9719174028895778,0.18104968048818207,-1.7868609675630667,0.9940178924830986,-1.0140993866100703,0
-1.062218296392703,1.016267636601896,1.574892195360652,-1.02762575501898,0.6198797067425464,0.9578859753157553,1.2652706484403113,1.3811654758957816,-0.45913057123155654,-0.6647678374999909,1.333295139079145,-1.435995701562063,-0.8227784989799478,1.652237642796611,-1.0223893992513682,-1.094526401978412,0.18104968048818207,0.5596406313378746,0.9940178924830986,-1.0140993866100703,3
1.39095548886825,1.016267636601896,-0.15002825409990672,0.9829463743659811,-0.532098934295451,0.9578859753157553,0.5486688914218153,0.6875481622004737,1.0949454591540435,-1.10197128209058,0.013772517364150388,-1.106922181172959,-1.4962471471912488,1.63932800175158,-0.310171078630422,0.7423125356820234,-1.4665207182920377,0.5596406313378746,-1.0060181084889308,0.9860966422066364,3
0.5983565098314244,-0.993932084149107,-0.5196540646985977,-1.02762575501898,1.7718583477805439,0.9578859753157553,-1.6562595917120186,-1.0464951220377958,1.3209928817555854,-1.539174726681169,0.838474155936022,-1.0077493394118593,-0.45248645872631144,0.3345321389859698,0.16464113511687545,1.4311271373046865,0.9133031910571687,0.5596406313378746,0.9940178924830986,0.9860966422066364,2
0.8564651110739642,-0.993932084149107,0.46601476356457855,-1.02762575501898,0.8502754349501459,0.9578859753157553,1.2652706484403113,-0.6996864651901419,1.3492488095807782,-0.6647678374999909,1.1683548113647708,0.4843511434483242,0.18163866020804081,1.6503934083616065,1.1142655626114704,1.6607320045122411,0.3641130581304287,0.5596406313378746,-1.0060181084889308,-1.0140993866100703,3
-0.7492901692225441,1.016267636601896,1.698100798893549,-1.02762575501898,-0.9928903907106499,-1.0439655927422493,0.7691617397351987,-1.3933037788854497,1.1514573148044291,0.2096390516811874,-1.4706904320652185,-0.41496621706710357,-1.3458160058382092,-1.624044830988699,-0.7849832923777195,-0.1761069331481943,1.0963665686994153,-1.7868609675630667,0.9940178924830986,-1.0140993866100703,0
0.6417553011907895,-0.993932084149107,-1.2589056858959802,-1.02762575501898,-0.7624946625030504,0.9578859753157553,-0.44354892598840995,0.6875481622004737,1.6600640156578983,0.2096390516811874,-0.31610813806459825,-1.208348951155902,1.5216329808758873,1.0224315832426096,0.16464113511687545,-0.6353166675633032,-1.2834573406497911,0.5596406313378746,-1.0060181084889308,0.9860966422066364,3
0.9318419592244404,-0.993932084149107,-0.15002825409990672,0.9829463743659811,-0.3017032060878515,0.9578859753157553,0.3281760431084319,-0.6996864651901419,-1.0807609833857965,0.6468424962717766,0.838474155936022,-1.0190189805210752,-0.15393850127181713,0.3760274137735687,0.8768594557378216,1.8903368717197957,0.7302398134149221,0.5596406313378746,-1.0060181084889308,0.9860966422066364,2
0.2465978851292021,-0.993932084149107,-0.7660712717643918,0.9829463743659811,0.8502754349501459,0.9578859753157553,1.1550242242836197,1.0343568190481278,-0.9112254164346402,0.6468424962717766,0.838474155936022,0.7119978938544851,-0.5635740708024023,1.578468265396435,0.6394533488641729,-0.6353166675633032,0.5471764357726754,0.5596406313378746,-1.0060181084889308,0.9860966422066364,3
-0.6213779420580997,1.016267636601896,0.09638895296588762,-1.02762575501898,-0.07130747788025202,-1.0439655927422493,-0.38842571391006414,0.34073950535281977,-1.3633202616377238,1.5212493854529547,-0.15116781035022395,-0.9063225694289162,0.9037081387026317,0.8776591800947645,-1.259795506125017,-0.4057118003557487,1.279429946341662,-1.7868609675630667,0.9940178924830986,0.9860966422066364,2
0.46359184192602754,-0.993932084149107,0.8356405741632701,-1.02762575501898,-0.9928903907106499,0.9578859753157553,1.3203938605186571,0.6875481622004737,0.13424391309749079,0.2096390516811874,-1.14080977663647,2.210860161380198,0.9638805952438476,-0.5636100308611712,-0.310171078630422,0.5127076684744689,-0.7342672077230512,0.5596406313378746,0.9940178924830986,-1.0140993866100703,2
-0.08003512352286145,1.016267636601896,1.328474988294858,-1.02762575501898,-0.9928903907106499,-1.0439655927422493,-1.2152738950852517,-0.6996864651901419,1.6600640156578983,1.0840459408623657,-1.14080977663647,-0.3721415808520832,0.5334160984489954,-0.3690432979682074,-0.310171078630422,-0.8649215347708576,1.4624933239839086,0.5596406313378746,-1.0060181084889308,-1.0140993866100703,1
0.18492591846063067,-0.993932084149107,0.7124319706303729,0.9829463743659811,-0.9928903907106499,0.9578859753157553,0.49354567934346943,0.34073950535281977,0.10598798527229807,1.0840459408623657,-1.3057501043508444,-1.1767939560500975,-0.052108190202067126,-1.4589858490558056,-0.310171078630422,-1.094526401978412,0.5471764357726754,0.5596406313378746,0.9940178924830986,-1.0140993866100703,0
1.281316437013012,1.016267636601896,-1.012488478830186,-1.02762575501898,-0.532098934295451,0.9578859753157553,-1.3255203192419436,-0.3528778083424879,-1.1372728390361821,1.0840459408623657,-0.6459887934933469,-0.5524558385995374,-0.9917242423456694,1.2511166531831548,-0.5475771855040708,0.5127076684744689,-0.5512038300808045,0.5596406313378746,-1.0060181084889308,0.9860966422066364,3
0.7491102061323768,-0.993932084149107,0.7124319706303729,0.9829463743659811,-0.3017032060878515,-1.0439655927422493,-0.5537953501451016,1.0343568190481278,0.36029133569903266,-0.6647678374999909,1.4982354667935194,-1.0257807651866047,0.17238135920169992,1.7213964341092758,0.6394533488641729,-0.8649215347708576,-0.18507707479631122,0.5596406313378746,-1.0060181084889308,-1.0140993866100703,3
0.45673940118507517,-0.993932084149107,-0.7660712717643918,-1.02762575501898,1.7718583477805439,0.9578859753157553,-0.6640417743017933,1.0343568190481278,0.19075576874787625,-1.539174726681169,1.1683548113647708,-0.04306806046297931,-0.7394627899228796,-0.3081835616130623,1.5890777763587678,1.4311271373046865,0.7302398134149221,0.5596406313378746,-1.0060181084889308,0.9860966422066364,1
0.4179089036530117,-0.993932084149107,-0.6428626682314948,-1.02762575501898,2.4630455324033425,-1.0439655927422493,-1.6011363796336728,-1.3933037788854497,-0.7982017051338693,-1.539174726681169,1.1683548113647708,-1.4517731991149652,-0.753348741432391,-1.4894157172333782,1.5890777763587678,-1.094526401978412,-1.4665207182920377,0.5596406313378746,0.9940178924830986,0.9860966422066364,0
0.8039297320599958,1.016267636601896,0.8356405741632701,0.9829463743659811,-0.07130747788025202,0.9578859753157553,1.0999010122052737,1.7279741327434355,0.5863387583005745,-0.6647678374999909,1.0034144836503964,-0.21887446176674716,0.9013938134510464,-1.6987363256063772,-0.5475771855040708,0.7423125356820234,0.5471764357726754,0.5596406313378746,0.9940178924830986,0.9860966422066364,0
-0.8200987235457188,-0.993932084149107,0.2195975564987845,-1.02762575501898,-0.532098934295451,-1.0439655927422493,-1.4357667433986352,0.34073950535281977,1.6318080878327055,-0.22756439290940172,1.4982354667935194,-0.02954449113192025,-1.3689592583540613,0.8131109748696106,-1.4972016129986656,-0.4057118003557487,-1.4665207182920377,0.5596406313378746,-1.0060181084889308,-1.0140993866100703,2
1.5759713888739644,1.016267636601896,-1.2589056858959802,0.9829463743659811,-0.9928903907106499,0.9578859753157553,-0.7191649863801393,1.7279741327434355,0.6428506139509599,0.6468424962717766,-1.3057501043508444,-0.6674061779135394,-0.46405808498423756,-0.19476314386029195,-0.07276497175677328,0.2831028012669145,-0.9173305853652978,0.5596406313378746,0.9940178924830986,-1.0140993866100703,1
0.9204212246561864,1.016267636601896,0.09638895296588762,0.9829463743659811,-0.9928903907106499,-1.0439655927422493,-1.490889955476981,-0.3528778083424879,-1.0807609833857965,0.2096390516811874,-1.3057501043508444,2.346095854690789,1.4753464758441828,-0.7295911300115668,1.351671669485119,-1.3241312691859664,-1.6495840959342845,-1.7868609675630667,-1.0060181084889308,0.9860966422066364,2
0.6211979789679324,-0.993932084149107,1.205266384761961,0.9829463743659811,-0.3017032060878515,-1.0439655927422493,-0.6089185622234475,-1.0464951220377958,-0.7416898494834838,-0.6647678374999909,1.333295139079145,1.8254384354450148,1.6905787242416088,1.4954777158212373,-0.5475771855040708,-1.3241312691859664,-1.1003939630075446,0.5596406313378746,-1.0060181084889308,-1.0140993866100703,3
0.1666527431514243,-0.993932084149107,-0.2732368576328036,-1.02762575501898,0.15908825032734747,0.9578859753157553,-1.2152738950852517,0.34073950535281977,0.6428506139509599,-1.10197128209058,-0.15116781035022395,-1.2399039462617065,-0.8297214747347035,1.6752905732341659,-1.4972016129986656,-0.8649215347708576,0.3641130581304287,0.5596406313378746,0.9940178924830986,0.9860966422066364,3
1.400092076522853,-0.993932084149107,-0.15002825409990672,-1.02762575501898,-0.07130747788025202,0.9578859753157553,-1.2152738950852517,0.6875481622004737,1.57529623218232,-1.539174726681169,1.333295139079145,-0.14674875866776546,-0.20485365680669212,1.7020319725417297,0.16464113511687545,-1.094526401978412,-0.002013697154064573,0.5596406313378746,-1.0060181084889308,0.9860966422066364,3
-0.6099572074898457,1.016267636601896,-0.2732368576328036,-1.02762575501898,0.8502754349501459,-1.0439655927422493,0.658915315578507,0.6875481622004737,-1.6458795398896513,1.0840459408623657,0.013772517364150388,-0.7846104454493846,-1.5332763512166125,1.6605366977541307,-1.259795506125017,0.053497934059360104,-0.7342672077230512,-1.7868609675630667,0.9940178924830986,-1.0140993866100703,3
-1.2518024902257188,1.016267636601896,1.4516835918277553,0.9829463743659811,-0.07130747788025202,0.9578859753157553,0.05255998271670267,1.3811654758957816,-0.9112254164346402,-0.22756439290940172,-0.31610813806459825,0.6894586116360534,-0.6700330323753227,-1.567795680721065,-1.7346077198723144,-0.6353166675633032,0.7302398134149221,0.5596406313378746,0.9940178924830986,0.9860966422066364,0
-0.9868414482422267,-0.993932084149107,-1.2589056858959802,-1.02762575501898,1.0806711631577455,-1.0439655927422493,-1.3255203192419436,-0.6996864651901419,0.5015709748249962,0.2096390516811874,1.6631757945078938,0.04934299663259096,-1.283329224045408,-0.7747748736691746,1.1142655626114704,1.6607320045122411,-1.6495840959342845,-1.7868609675630667,0.9940178924830986,0.9860966422066364,0
-0.2878924926650837,-0.993932084149107,-1.135697082363083,0.9829463743659811,-0.9928903907106499,-1.0439655927422493,-0.38842571391006414,-0.6996864651901419,0.13424391309749079,-1.539174726681169,0.013772517364150388,0.9058357209329984,0.13998080567950674,-1.7033469116938882,-0.310171078630422,-0.8649215347708576,0.18104968048818207,0.5596406313378746,-1.0060181084889308,0.9860966422066364,0
-1.183278082816195,1.016267636601896,-0.2732368576328036,0.9829463743659811,1.311066891365345,-1.0439655927422493,-0.8845346226151768,1.3811654758957816,-0.4308746434063638,-1.539174726681169,1.333295139079145,-0.534424412824792,1.4128596940513816,-0.3791865873607316,-0.5475771855040708,-0.6353166675633032,-1.2834573406497911,-1.7868609675630667,0.9940178924830986,0.9860966422066364,1
-0.11658147414127415,1.016267636601896,-0.026819650567009547,0.9829463743659811,-0.9928903907106499,-1.0439655927422493,1.2101474363619655,-0.6996864651901419,1.6318080878327055,0.6468424962717766,-1.3057501043508444,1.1379903277828456,0.5033298701783874,-1.5115465304534308,-0.07276497175677328,0.2831028012669145,-0.7342672077230512,-1.7868609675630667,0.9940178924830986,-1.0140993866100703,0
0.6234821258815831,1.016267636601896,-1.2589056858959802,-1.02762575501898,-0.7624946625030504,-1.0439655927422493,1.0999010122052737,-1.3933037788854497,-0.26133907645520743,-1.539174726681169,0.6735338282216478,-0.7034690294630302,-0.693176284891175,0.8094225059996019,-1.4972016129986656,-0.1761069331481943,-0.7342672077230512,-1.7868609675630667,-1.0060181084889308,0.9860966422066364,2
-0.9914097420695283,1.016267636601896,-1.012488478830186,-1.02762575501898,-0.9928903907106499,-1.0439655927422493,1.761379557145424,-1.3933037788854497,-1.2220406225117602,-0.22756439290940172,0.6735338282216478,-0.009259137135331654,-1.2671289472843115,-1.573328384026078,-0.310171078630422,0.053497934059360104,1.0963665686994153,-1.7868609675630667,0.9940178924830986,0.9860966422066364,0
-0.7333011408269886,-0.993932084149107,-0.7660712717643918,0.9829463743659811,-0.7624946625030504,-1.0439655927422493,-1.3255203192419436,-1.3933037788854497,-0.48738649905674925,1.0840459408623657,-0.8109291212077213,0.017788001526786473,-1.3435016805866238,-0.4354357376283657,1.1142655626114704,-0.4057118003557487,0.5471764357726754,0.5596406313378746,0.9940178924830986,-1.0140993866100703,1
0.18492591846063067,-0.993932084149107,-1.2589056858959802,0.9829463743659811,0.6198797067425464,-1.0439655927422493,0.8794081638918904,-1.0464951220377958,0.7841302530769236,0.2096390516811874,1.0034144836503964,-1.2218725204869612,0.7671629488591033,0.7089117292918622,-1.0223893992513682,-0.1761069331481943,-0.36814045243855786,-1.7868609675630667,-1.0060181084889308,0.9860966422066364,2
-0.006942422286036033,-0.993932084149107,-0.7660712717643918,0.9829463743659811,-0.532098934295451,0.9578859753157553,1.375517072597003,-1.3933037788854497,1.3492488095807782,-1.539174726681169,0.6735338282216478,-0.28874623664388566,-1.0241247958678625,-0.6622765731339064,0.40204724199052416,1.4311271373046865,1.6455567016261552,0.5596406313378746,-1.0060181084889308,0.9860966422066364,0
0.3379637616752339,-0.993932084149107,-1.2589056858959802,-1.02762575501898,-0.9928903907106499,0.9578859753157553,1.5960099209103864,-0.006069151494834045,-1.1937846946865676,-0.6647678374999909,-1.635630759779593,0.31530652681008586,-0.23262555982571484,-1.3787616511331144,-1.7346077198723144,-0.6353166675633032,-0.002013697154064573,0.5596406313378746,0.9940178924830986,-1.0140993866100703,0
1.4709006308460277,1.016267636601896,1.4516835918277553,0.9829463743659811,0.38948397853494693,0.9578859753157553,-0.11280965351833487,-0.006069151494834045,-1.2785524781621458,-1.10197128209058,0.013772517364150388,-0.25719124153808115,-1.0657826503963965,1.475191137036189,0.8768594557378216,2.1199417389273503,1.6455567016261552,0.5596406313378746,0.9940178924830986,0.9860966422066364,3
-0.9137487470054013,-0.993932084149107,0.5892233670974757,0.9829463743659811,-0.9928903907106499,-1.0439655927422493,-0.9947810467718684,-0.3528778083424879,0.9819217478532727,1.0840459408623657,-1.14080977663647,-0.1828116102172563,0.3228125005547397,1.5775461481789328,0.6394533488641729,0.5127076684744689,-0.002013697154064573,0.5596406313378746,-1.0060181084889308,-1.0140993866100703,3
0.8084980258872975,1.016267636601896,-0.6428626682314948,-1.02762575501898,-0.9928903907106499,0.9578859753157553,1.0999010122052737,0.6875481622004737,-0.28959500428040014,1.5212493854529547,-1.635630759779593,0.26121224948584965,0.19552461171755217,-0.7102266684440207,0.6394533488641729,1.6607320045122411,0.3641130581304287,0.5596406313378746,0.9940178924830986,0.9860966422066364,1
1.1031529777482498,1.016267636601896,-0.6428626682314948,-1.02762575501898,0.6198797067425464,-1.0439655927422493,-0.38842571391006414,1.0343568190481278,-1.4763439729384948,0.6468424962717766,1.4982354667935194,1.2033542462162978,0.8944508376962907,0.23217712784322578,-1.7346077198723144,-1.094526401978412,1.4624933239839086,-1.7868609675630667,-1.0060181084889308,0.9860966422066364,3
1.633075061715234,-0.993932084149107,-1.135697082363083,0.9829463743659811,0.8502754349501459,-1.0439655927422493,-1.3806435313202894,1.3811654758957816,-0.40261871558117107,-0.6647678374999909,-0.15116781035022395,0.06286656596365002,-1.2995295008065046,1.2114656128305603,1.1142655626114704,1.4311271373046865,0.3641130581304287,0.5596406313378746,-1.0060181084889308,-1.0140993866100703,3
1.2539066740492024,1.016267636601896,-1.2589056858959802,0.9829463743659811,2.4630455324033425,0.9578859753157553,-1.6562595917120186,-0.6996864651901419,0.2755235522234544,0.6468424962717766,1.6631757945078938,-0.39017300662682863,-0.41314292944936254,0.4894478315263391,-0.07276497175677328,-0.8649215347708576,-1.2834573406497911,0.5596406313378746,-1.0060181084889308,0.9860966422066364,2
0.8884431678650753,-0.993932084149107,-1.2589056858959802,-1.02762575501898,0.15908825032734747,0.9578859753157553,0.05255998271670267,1.3811654758957816,-1.1090169112109893,0.6468424962717766,-0.31610813806459825,-0.5254086999374192,-1.4083027876310101,1.140462587082891,0.8768594557378216,0.9719174028895778,0.3641130581304287,0.5596406313378746,-1.0060181084889308,-1.0140993866100703,3
1.6582006777653928,-0.993932084149107,-1.2589056858959802,-1.02762575501898,0.38948397853494693,0.9578859753157553,-1.546013167555327,1.7279741327434355,-1.5893676842392657,1.0840459408623657,-0.15116781035022395,0.7480607454039759,0.9453659932311658,1.3009109829282735,1.1142655626114704,-1.3241312691859664,0.9133031910571687,0.5596406313378746,0.9940178924830986,0.9860966422066364,3
-0.9274536284873061,1.016267636601896,0.8356405741632701,-1.02762575501898,-0.07130747788025202,-1.0439655927422493,-0.2781792897533724,1.3811654758957816,-0.45913057123155654,-1.539174726681169,-0.6459887934933469,-0.6448668956951077,0.33206980156108057,0.023778636687729005,-0.7849832923777195,-0.1761069331481943,-0.7342672077230512,-1.7868609675630667,0.9940178924830986,0.9860966422066364,1
-1.525900119863814,-0.993932084149107,-1.135697082363083,-1.02762575501898,-0.7624946625030504,0.9578859753157553,0.6037921035001611,-0.006069151494834045,0.021220201796719875,-0.6647678374999909,-0.31610813806459825,-0.9491472056439366,-1.0842972524090784,0.4267438607361896,-1.259795506125017,-0.1761069331481943,1.279429946341662,0.5596406313378746,-1.0060181084889308,-1.0140993866100703,1
1.2995896123222181,1.016267636601896,-1.2589056858959802,0.9829463743659811,-0.7624946625030504,-1.0439655927422493,-0.05768644143998903,-0.006069151494834045,-1.3633202616377238,-1.10197128209058,1.0034144836503964,0.1552776230592203,-0.10070902048535689,0.5641393261440171,-0.7849832923777195,-1.094526401978412,-0.5512038300808045,-1.7868609675630667,-1.0060181084889308,0.9860966422066364,3
1.4183652518320595,-0.993932084149107,-1.2589056858959802,0.9829463743659811,-0.532098934295451,0.9578859753157553,1.2652706484403113,0.6875481622004737,-1.6176236120644585,0.6468424962717766,-1.14080977663647,-1.0145111240773887,-1.047268048383715,-1.335422141910511,0.6394533488641729,-1.3241312691859664,-1.2834573406497911,0.5596406313378746,-1.0060181084889308,0.9860966422066364,0
0.2945649703158688,1.016267636601896,0.09638895296588762,0.9829463743659811,-0.07130747788025202,-1.0439655927422493,-1.2703971071635978,-1.3933037788854497,-0.7134339216582911,1.0840459408623657,-0.4810484657789726,0.4460343636769902,-0.2465115113352262,0.7531733557319678,0.16464113511687545,1.4311271373046865,1.0963665686994153,-1.7868609675630667,0.9940178924830986,-1.0140993866100703,3
-0.1782534408098456,-0.993932084149107,-0.2732368576328036,0.9829463743659811,-0.9928903907106499,0.9578859753157553,-0.6089185622234475,0.34073950535281977,-0.40261871558117107,1.5212493854529547,0.34365317279289903,-0.7598172350091097,-0.19096770529718074,1.117409656645336,-1.4972016129986656,-0.4057118003557487,0.5471764357726754,0.5596406313378746,-1.0060181084889308,0.9860966422066364,3
-0.03435218524984556,1.016267636601896,0.09638895296588762,-1.02762575501898,1.0806711631577455,-1.0439655927422493,0.05255998271670267,1.7279741327434355,0.47331504699980353,-1.539174726681169,1.333295139079145,-0.27747659553466975,-1.5934488077578284,1.541583576696347,-0.5475771855040708,-0.1761069331481943,0.3641130581304287,0.5596406313378746,0.9940178924830986,-1.0140993866100703,3
-0.7698474914454013,1.016267636601896,-1.135697082363083,0.9829463743659811,-0.9928903907106499,-1.0439655927422493,1.706256345067078,0.6875481622004737,-0.515642426881942,0.2096390516811874,0.6735338282216478,-0.6335972545858918,0.25106841775559763,1.410642931811035,1.351671669485119,0.5127076684744689,0.7302398134149221,-1.7868609675630667,0.9940178924830986,0.9860966422066364,3
-1.0325243865152427,1.016267636601896,-1.2589056858959802,-1.02762575501898,2.4630455324033425,-1.0439655927422493,-1.160150683006906,0.34073950535281977,-1.3350643338125312,-1.539174726681169,1.0034144836503964,0.3626390194687926,0.3968709086054669,0.7467185352094523,-1.0223893992513682,0.053497934059360104,0.5471764357726754,0.5596406313378746,-1.0060181084889308,0.9860966422066364,2
-0.8794865433006394,-0.993932084149107,-1.2589056858959802,-1.02762575501898,-0.532098934295451,-1.0439655927422493,-0.11280965351833487,-0.006069151494834045,-0.4308746434063638,1.5212493854529547,-0.8109291212077213,-0.2864923084220425,-0.2303112345741296,0.7052232604218535,-1.7346077198723144,-0.8649215347708576,-0.002013697154064573,-1.7868609675630667,-1.0060181084889308,0.9860966422066364,2
-0.12571806179587733,-0.993932084149107,-0.026819650567009547,0.9829463743659811,-0.7624946625030504,0.9578859753157553,0.8794081638918904,0.34073950535281977,1.4340165930563564,-1.539174726681169,-0.6459887934933469,-0.2842383802001993,0.753276997349592,1.0980451950777899,1.1142655626114704,0.2831028012669145,0.5471764357726754,0.5596406313378746,0.9940178924830986,0.9860966422066364,3
1.6764738530745993,-0.993932084149107,0.09638895296588762,0.9829463743659811,0.15908825032734747,0.9578859753157553,0.38329925518677777,1.0343568190481278,0.3320354078738399,-0.22756439290940172,-0.6459887934933469,0.3310840243629881,-0.16319580227815803,-0.1209937664601161,-0.7849832923777195,-1.3241312691859664,-1.1003939630075446,0.5596406313378746,-1.0060181084889308,-1.0140993866100703,2
-1.6652330815965126,-0.993932084149107,0.2195975564987845,0.9829463743659811,-0.3017032060878515,-1.0439655927422493,0.16280640687339437,1.0343568190481278,-0.5721542825323275,-0.6647678374999909,-0.6459887934933469,-0.5930265465927146,-0.05442251545365235,0.35481871777101814,1.1142655626114704,-0.8649215347708576,-0.002013697154064573,-1.7868609675630667,0.9940178924830986,0.9860966422066364,1
-0.6236620889717505,-0.993932084149107,0.5892233670974757,-1.02762575501898,0.8502754349501459,0.9578859753157553,0.10768319479504852,-0.006069151494834045,-0.6286661381827129,-1.10197128209058,0.013772517364150388,-0.9716864878623684,0.6283034337639897,1.2999888657107712,1.351671669485119,2.579151473342459,-0.002013697154064573,0.5596406313378746,0.9940178924830986,0.9860966422066364,3
0.45445525427142436,1.016267636601896,0.3428061600316817,-1.02762575501898,-0.3017032060878515,-1.0439655927422493,-0.8845346226151768,0.34073950535281977,0.8123861809021163,1.5212493854529547,-0.4810484657789726,0.482097215226481,-0.8898939312759193,0.11230188956794003,0.40204724199052416,1.2015222700971322,0.7302398134149221,-1.7868609675630667,-1.0060181084889308,-1.0140993866100703,2
1.7061677629520595,-0.993932084149107,-1.2589056858959802,-1.02762575501898,0.6198797067425464,-1.0439655927422493,1.044777800126928,-0.3528778083424879,-1.2785524781621458,-0.6647678374999909,-0.15116781035022395,-0.6831836754664417,-1.1051261796733456,0.9597276124524601,-1.7346077198723144,-1.3241312691859664,0.3641130581304287,0.5596406313378746,-1.0060181084889308,-1.0140993866100703,3
1.525720156773647,-0.993932084149107,0.5892233670974757,-1.02762575501898,2.0022540759881435,-1.0439655927422493,1.2652706484403113,1.3811654758957816,-0.9959931999102184,1.0840459408623657,0.838474155936022,0.15302369483737713,0.6051601812481374,-1.6950478567363683,0.40204724199052416,-0.4057118003557487,1.0963665686994153,0.5596406313378746,-1.0060181084889308,0.9860966422066364,0
0.5709467468676149,-0.993932084149107,1.082057781229064,0.9829463743659811,0.8502754349501459,-1.0439655927422493,-0.002563229361643179,0.34073950535281977,1.688319943483091,-1.539174726681169,1.0034144836503964,-1.0663514731797819,-1.0171818201131069,-1.2432104201602912,-1.259795506125017,0.053497934059360104,-0.5512038300808045,-1.7868609675630667,-1.0060181084889308,-1.0140993866100703,0
1.379534754299996,1.016267636601896,0.3428061600316817,0.9829463743659811,2.0022540759881435,0.9578859753157553,-0.8845346226151768,0.6875481622004737,-0.17657129297962923,0.6468424962717766,1.333295139079145,-1.1880635971593134,-1.5541052784808795,1.0039892388925655,0.6394533488641729,1.8903368717197957,0.7302398134149221,0.5596406313378746,0.9940178924830986,-1.0140993866100703,3
-0.9457268037965124,1.016267636601896,-0.026819650567009547,-1.02762575501898,1.5414626195729444,-1.0439655927422493,0.3281760431084319,-0.3528778083424879,-1.3068084059873384,-0.6647678374999909,1.333295139079145,-0.23690588754149255,-1.0842972524090784,-1.298537453210423,-0.310171078630422,-0.4057118003557487,0.5471764357726754,-1.7868609675630667,0.9940178924830986,-1.0140993866100703,0
0.10726492339650368,1.016267636601896,0.9588491776961667,-1.02762575501898,1.311066891365345,0.9578859753157553,-0.8845346226151768,-1.3933037788854497,-1.1937846946865676,-1.10197128209058,1.333295139079145,-1.4134564193436312,-1.364330607850891,-1.567795680721065,-0.5475771855040708,-0.1761069331481943,-1.2834573406497911,0.5596406313378746,0.9940178924830986,-1.0140993866100703,0
-0.9114646000917505,-0.993932084149107,-1.135697082363083,-1.02762575501898,-0.9928903907106499,0.9578859753157553,1.706256345067078,1.0343568190481278,-0.09180350950405104,1.0840459408623657,1.4982354667935194,0.7706000276224078,-0.39462832743668075,1.2557272392706658,-0.07276497175677328,0.5127076684744689,1.279429946341662,0.5596406313378746,0.9940178924830986,-1.0140993866100703,3
-1.1010487939247664,-0.993932084149107,0.9588491776961667,0.9829463743659811,0.15908825032734747,0.9578859753157553,1.430640284675349,-1.0464951220377958,0.6428506139509599,-0.22756439290940172,-0.4810484657789726,-0.24817552865070847,-1.283329224045408,1.0261200521126184,1.5890777763587678,1.4311271373046865,-0.36814045243855786,0.5596406313378746,-1.0060181084889308,0.9860966422066364,2
-0.9708524198466711,1.016267636601896,-0.5196540646985977,0.9829463743659811,-0.532098934295451,-1.0439655927422493,0.49354567934346943,1.0343568190481278,1.038433603503658,-1.10197128209058,0.013772517364150388,1.0072624909159413,0.3575273793285181,-0.1661775101177238,0.8768594557378216,0.053497934059360104,0.18104968048818207,0.5596406313378746,-1.0060181084889308,-1.0140993866100703,1
-0.10059244574571859,1.016267636601896,-0.5196540646985977,0.9829463743659811,-0.532098934295451,0.9578859753157553,-1.3255203192419436,1.3811654758957816,-1.7023913955400367,0.6468424962717766,-0.6459887934933469,-0.7169925987940894,-0.5797743475634989,-1.3658520100880835,0.40204724199052416,-0.8649215347708576,1.4624933239839086,0.5596406313378746,-1.0060181084889308,-1.0140993866100703,0
-1.0782073247882584,-0.993932084149107,-0.8892798752972889,-1.02762575501898,0.6198797067425464,0.9578859753157553,-1.2152738950852517,-0.006069151494834045,-0.939481344259833,-0.22756439290940172,0.34365317279289903,-0.28874623664388566,1.7206649525122168,0.1777722120105961,-1.4972016129986656,-1.3241312691859664,0.18104968048818207,0.5596406313378746,0.9940178924830986,0.9860966422066364,2
-0.39067910377936943,-0.993932084149107,-0.2732368576328036,-1.02762575501898,0.38948397853494693,0.9578859753157553,1.0999010122052737,-1.3933037788854497,-1.2220406225117602,1.5212493854529547,-0.4810484657789726,0.78637752517531,0.5750739529775294,-0.6346130566088405,0.8768594557378216,-1.094526401978412,0.7302398134149221,0.5596406313378746,-1.0060181084889308,-1.0140993866100703,1
-0.5597059753895283,1.016267636601896,1.574892195360652,0.9829463743659811,-0.9928903907106499,-1.0439655927422493,1.3203938605186571,-0.006069151494834045,0.9254098922028873,-0.6647678374999909,-1.14080977663647,-0.34734837041180827,-1.669821541060141,0.982780542890015,-1.7346077198723144,-0.8649215347708576,1.6455567016261552,0.5596406313378746,0.9940178924830986,0.9860966422066364,2
0.7102797086003133,1.016267636601896,1.205266384761961,-1.02762575501898,0.38948397853494693,-1.0439655927422493,-0.6089185622234475,1.0343568190481278,-0.20482722080482196,-1.10197128209058,0.17871284507852472,-0.8499743638828368,-0.9708953150814023,0.19713667357814227,0.8768594557378216,-1.094526401978412,0.7302398134149221,-1.7868609675630667,0.9940178924830986,-1.0140993866100703,2
1.4594798962777737,1.016267636601896,-1.2589056858959802,0.0,1.0806711631577455,-1.0439655927422493,-0.16793286559668072,0.34073950535281977,-1.561111756414073,1.5212493854529547,1.4982354667935194,-0.9807022007497411,-0.5219162162738682,-0.7286690127940647,1.351671669485119,0.2831028012669145,-1.6495840959342845,-1.7868609675630667,-1.0060181084889308,-1.0140993866100703,1
-1.4071244803539729,-0.993932084149107,0.5892233670974757,-1.02762575501898,-0.532098934295451,-1.0439655927422493,-1.4357667433986352,-1.3933037788854497,-0.37436278775597837,-0.6647678374999909,-0.9758694489220956,-1.1294614633913909,-1.3411873553350386,1.4134092834635417,1.1142655626114704,-0.6353166675633032,1.4624933239839086,0.5596406313378746,0.9940178924830986,-1.0140993866100703,2
1.3475566975088848,1.016267636601896,-1.2589056858959802,-1.02762575501898,-0.9928903907106499,0.9578859753157553,-0.9396578346935226,-0.3528778083424879,0.5580828304753818,0.2096390516811874,-0.4810484657789726,0.18908654638686795,0.03583616935817151,-0.04076956853742486,0.8768594557378216,1.2015222700971322,0.18104968048818207,0.5596406313378746,-1.0060181084889308,0.9860966422066364,2
-1.6309708778917507,-0.993932084149107,1.082057781229064,0.9829463743659811,1.5414626195729444,-1.0439655927422493,0.16280640687339437,1.0343568190481278,1.4057606652311636,1.0840459408623657,1.6631757945078938,-1.2692050131456678,-1.3458160058382092,-0.47508677798096016,0.8768594557378216,1.2015222700971322,-1.4665207182920377,-1.7868609675630667,-1.0060181084889308,-1.0140993866100703,0
-0.39753154452032186,1.016267636601896,-1.2589056858959802,-1.02762575501898,-0.9928903907106499,0.9578859753157553,-0.9947810467718684,0.6875481622004737,-1.448088045113302,-1.10197128209058,-1.3057501043508444,-1.030288621630291,-0.7487200909292205,0.8795034145297689,-0.5475771855040708,-1.094526401978412,1.279429946341662,0.5596406313378746,-1.0060181084889308,0.9860966422066364,2
0.42476134439396407,-0.993932084149107,-0.3964454611657008,-1.02762575501898,1.0806711631577455,0.9578859753157553,0.16280640687339437,0.6875481622004737,-0.37436278775597837,1.5212493854529547,0.6735338282216478,-1.1159378940603317,1.4938610778568646,-1.4147242226157002,0.16464113511687545,-0.8649215347708576,-0.9173305853652978,0.5596406313378746,0.9940178924830986,0.9860966422066364,0
0.13010639253301162,-0.993932084149107,-0.15002825409990672,0.9829463743659811,-0.3017032060878515,-1.0439655927422493,-1.160150683006906,-1.0464951220377958,-0.3178509321055929,1.0840459408623657,-0.9758694489220956,1.3002731597555544,0.30198357329047265,0.3944697581236127,1.5890777763587678,0.5127076684744689,-0.18507707479631122,0.5596406313378746,0.9940178924830986,0.9860966422066364,2
-1.3637256889946077,-0.993932084149107,1.574892195360652,-1.02762575501898,-0.3017032060878515,-1.0439655927422493,0.10768319479504852,1.0343568190481278,1.6035521600075127,-1.10197128209058,0.838474155936022,-0.7079768859067166,-0.5566310950476466,1.1349298837778778,-0.07276497175677328,-0.1761069331481943,0.3641130581304287,-1.7868609675630667,-1.0060181084889308,-1.0140993866100703,2
0.9706724567565038,1.016267636601896,1.698100798893549,0.9829463743659811,1.0806711631577455,0.9578859753157553,-0.9396578346935226,-0.006069151494834045,1.038433603503658,1.0840459408623657,1.4982354667935194,1.2011003179944546,1.5679194859075918,-0.14404669689767105,-0.07276497175677328,0.2831028012669145,-0.36814045243855786,0.5596406313378746,-1.0060181084889308,-1.0140993866100703,2
0.591504069090472,1.016267636601896,-1.012488478830186,-1.02762575501898,-0.3017032060878515,0.9578859753157553,-1.3255203192419436,-1.3933037788854497,0.840642108727309,1.0840459408623657,-0.9758694489220956,-0.6719140343572259,-0.4061999536946069,1.1376962354303843,-1.259795506125017,-0.6353166675633032,1.4624933239839086,0.5596406313378746,-1.0060181084889308,-1.0140993866100703,3
-0.5893998852669885,1.016267636601896,0.46601476356457855,0.9829463743659811,-0.9928903907106499,-1.0439655927422493,-1.6562595917120186,-1.3933037788854497,-0.12005943732924378,-0.6647678374999909,-0.4810484657789726,-1.28498251069857,-1.304158151309675,-0.539634983206114,1.5890777763587678,1.4311271373046865,1.4624933239839086,-1.7868609675630667,-1.0060181084889308,-1.0140993866100703,0
-0.006942422286036033,1.016267636601896,1.574892195360652,-1.02762575501898,0.38948397853494693,0.9578859753157553,-0.002563229361643179,-0.6996864651901419,0.07773205744710533,-0.22756439290940172,1.333295139079145,-0.3450944421899651,0.3505844035737624,-1.0901389620549264,0.8768594557378216,1.4311271373046865,0.5471764357726754,0.5596406313378746,0.9940178924830986,0.9860966422066364,0
0.991229778979361,-0.993932084149107,1.574892195360652,0.9829463743659811,0.6198797067425464,-1.0439655927422493,-1.2703971071635978,-1.3933037788854497,1.3209928817555854,-0.6647678374999909,0.013772517364150388,-1.3075217929170018,-1.1976991897367546,1.424474690073568,-0.7849832923777195,-1.094526401978412,-0.18507707479631122,0.5596406313378746,-1.0060181084889308,0.9860966422066364,3
-1.203835405039052,1.016267636601896,0.09638895296588762,-1.02762575501898,0.38948397853494693,0.9578859753157553,-1.2703971071635978,1.0343568190481278,0.8971539643776945,-1.10197128209058,0.6735338282216478,0.531683636107031,-0.040536563944140985,1.3719140086759427,0.16464113511687545,-0.1761069331481943,-1.2834573406497911,0.5596406313378746,-1.0060181084889308,-1.0140993866100703,3
-1.5304684136911157,1.016267636601896,-1.2589056858959802,0.9829463743659811,1.311066891365345,0.9578859753157553,-1.546013167555327,1.0343568190481278,0.840642108727309,-0.6647678374999909,1.4982354667935194,-0.6628983214698531,-0.21411095781303302,0.20912419740567084,-1.0223893992513682,0.2831028012669145,-0.18507707479631122,0.5596406313378746,0.9940178924830986,-1.0140993866100703,1
-1.4528074186269888,1.016267636601896,-1.012488478830186,0.9829463743659811,-0.9928903907106499,0.9578859753157553,1.761379557145424,-1.0464951220377958,0.44505911917461083,0.6468424962717766,-1.635630759779593,2.697708657298324,1.6581781707194156,-1.4018145815706693,-0.5475771855040708,-0.4057118003557487,-0.5512038300808045,0.5596406313378746,0.9940178924830986,0.9860966422066364,0
0.2123356814244402,-0.993932084149107,-0.8892798752972889,0.9829463743659811,-0.532098934295451,-1.0439655927422493,-1.160150683006906,-0.006069151494834045,1.3209928817555854,-1.10197128209058,-0.9758694489220956,0.2544504648203201,-0.20022500630352166,-0.7738527564516724,-1.7346077198723144,-1.3241312691859664,-0.36814045243855786,0.5596406313378746,0.9940178924830986,-1.0140993866100703,1
0.39735158143015453,-0.993932084149107,-2.7357805694826946e-16,-1.02762575501898,-0.9928903907106499,0.9578859753157553,-1.0499042588502143,-1.3933037788854497,-0.3461068599307856,-1.539174726681169,-1.635630759779593,1.5279199101617154,0.5311017731974101,-1.483883013928365,-1.7346077198723144,-1.3241312691859664,1.279429946341662,0.5596406313378746,0.9940178924830986,-1.0140993866100703,0
-0.3998156914339726,-0.993932084149107,1.698100798893549,0.9829463743659811,-0.7624946625030504,0.9578859753157553,0.10768319479504852,-1.0464951220377958,1.2362250982800074,0.6468424962717766,0.5085935005072734,1.1943385333289251,0.7347623953369101,-1.3557087206955594,0.8768594557378216,1.6607320045122411,-0.9173305853652978,0.5596406313378746,-1.0060181084889308,-1.0140993866100703,0
0.46816013575332915,-0.993932084149107,-1.135697082363083,-1.02762575501898,-0.532098934295451,-1.0439655927422493,0.8794081638918904,-0.006069151494834045,-1.6458795398896513,0.2096390516811874,1.1683548113647708,1.0072624909159413,0.7000475165631317,0.38340435151358626,1.1142655626114704,-0.8649215347708576,0.7302398134149221,0.5596406313378746,0.9940178924830986,0.9860966422066364,3
0.2899966764885672,1.016267636601896,0.2195975564987845,0.9829463743659811,0.15908825032734747,0.9578859753157553,1.1550242242836197,-1.0464951220377958,0.5863387583005745,0.2096390516811874,-0.15116781035022395,0.00426443219572741,1.4452602475735747,1.6088981335740076,1.1142655626114704,-0.1761069331481943,0.5471764357726754,0.5596406313378746,-1.0060181084889308,0.9860966422066364,3
-0.7607109037907981,-0.993932084149107,0.7124319706303729,0.9829463743659811,0.6198797067425464,-1.0439655927422493,-0.7742881984584851,-1.3933037788854497,-0.12005943732924378,-1.10197128209058,0.17871284507852472,1.0298017731343732,1.253171251692001,1.187490565175503,0.16464113511687545,0.5127076684744689,0.9133031910571687,0.5596406313378746,-1.0060181084889308,-1.0140993866100703,3
0.7194162962549165,-0.993932084149107,1.4516835918277553,0.9829463743659811,-0.3017032060878515,0.9578859753157553,0.8242849518135446,0.6875481622004737,1.2644810261052,0.2096390516811874,0.34365317279289903,-0.7350240245688348,0.2672686945166942,-1.4894157172333782,-0.07276497175677328,-0.6353166675633032,1.4624933239839086,0.5596406313378746,-1.0060181084889308,-1.0140993866100703,0
-0.11886562105492494,-0.993932084149107,0.9588491776961667,-1.02762575501898,-0.9928903907106499,0.9578859753157553,-0.6089185622234475,-1.0464951220377958,-0.515642426881942,0.6468424962717766,-0.6459887934933469,-0.9694325596405252,-0.29279801636693076,0.38985917203610165,-0.5475771855040708,-0.6353166675633032,-1.1003939630075446,0.5596406313378746,0.9940178924830986,-1.0140993866100703,2
-0.18967417537809955,1.016267636601896,1.4516835918277553,0.9829463743659811,-0.7624946625030504,0.9578859753157553,-0.11280965351833487,1.3811654758957816,0.9254098922028873,-0.6647678374999909,1.0034144836503964,0.6759350423049942,1.5308902818822283,0.563217208926515,0.8768594557378216,2.1199417389273503,0.3641130581304287,0.5596406313378746,-1.0060181084889308,0.9860966422066364,2
1.5508457728238056,-0.993932084149107,1.574892195360652,-1.02762575501898,-0.7624946625030504,-1.0439655927422493,-0.5537953501451016,-0.6996864651901419,-0.03529165385366558,-1.539174726681169,-0.8109291212077213,-0.5952804748145578,-0.11228064674328303,-0.6963949101814877,-0.7849832923777195,0.053497934059360104,-0.9173305853652978,-1.7868609675630667,0.9940178924830986,0.9860966422066364,1
-0.9091804531780997,1.016267636601896,-1.2589056858959802,0.9829463743659811,0.8502754349501459,-1.0439655927422493,0.38329925518677777,-1.3933037788854497,1.6600640156578983,0.6468424962717766,0.5085935005072734,-0.2233823182104335,-0.9801526160877432,0.7540954729494699,-0.310171078630422,-0.1761069331481943,0.9133031910571687,-1.7868609675630667,0.9940178924830986,0.9860966422066364,2
-1.1627207605933378,1.016267636601896,-0.2732368576328036,0.9829463743659811,0.38948397853494693,-1.0439655927422493,-1.4357667433986352,1.3811654758957816,0.7558743252517308,1.0840459408623657,0.013772517364150388,1.016278203803314,-0.22336825881937394,0.6342202346741842,-0.5475771855040708,-1.094526401978412,1.0963665686994153,-1.7868609675630667,-1.0060181084889308,-1.0140993866100703,2
-0.8246670173730203,1.016267636601896,-0.2732368576328036,-1.02762575501898,2.0022540759881435,0.9578859753157553,-0.05768644143998903,-0.006069151494834045,0.36029133569903266,-0.22756439290940172,1.333295139079145,-0.15801839977698137,-1.4661609189206408,1.26587052866319,-0.7849832923777195,0.2831028012669145,-0.002013697154064573,0.5596406313378746,0.9940178924830986,-1.0140993866100703,2
-0.4112364260022266,-0.993932084149107,-1.2589056858959802,0.9829463743659811,-0.9928903907106499,-1.0439655927422493,0.9896545880485821,0.6875481622004737,1.1797132426296217,1.5212493854529547,-1.4706904320652185,-0.2842383802001993,0.6792185892988647,-1.3879828233081364,-1.7346077198723144,-0.6353166675633032,1.279429946341662,-1.7868609675630667,0.9940178924830986,0.9860966422066364,0
0.7742358221825355,-0.993932084149107,1.698100798893549,-1.02762575501898,0.8502754349501459,-1.0439655927422493,-1.6011363796336728,1.3811654758957816,1.688319943483091,-1.539174726681169,1.6631757945078938,-0.6831836754664417,-1.3458160058382092,1.252960887618159,1.1142655626114704,-0.4057118003557487,0.9133031910571687,0.5596406313378746,-1.0060181084889308,-1.0140993866100703,3
1.3475566975088848,-0.993932084149107,0.2195975564987845,-1.02762575501898,-0.9928903907106499,-1.0439655927422493,0.2179296189517402,1.0343568190481278,-0.7982017051338693,0.2096390516811874,-1.4706904320652185,-0.7981340147804438,-1.5934488077578284,-0.5986504851262547,-0.310171078630422,-0.4057118003557487,-0.7342672077230512,-1.7868609675630667,-1.0060181084889308,-1.0140993866100703,1
-0.24449370130571862,-0.993932084149107,-0.6428626682314948,-1.02762575501898,-0.9928903907106499,-1.0439655927422493,-1.3255203192419436,-1.3933037788854497,0.47331504699980353,-1.539174726681169,-0.9758694489220956,1.005008562694098,0.09600862589938741,-0.16064480681271062,-0.310171078630422,-0.8649215347708576,-0.9173305853652978,-1.7868609675630667,0.9940178924830986,0.9860966422066364,1
0.9432626937926943,-0.993932084149107,-1.135697082363083,0.9829463743659811,-0.07130747788025202,0.9578859753157553,0.4384224672651236,1.7279741327434355,1.6318080878327055,1.0840459408623657,-0.6459887934933469,-0.6606443932480099,-0.3876853516819251,1.3534716643258988,-1.259795506125017,0.053497934059360104,-0.9173305853652978,0.5596406313378746,-1.0060181084889308,-1.0140993866100703,3
-0.7470060223088933,-0.993932084149107,-1.2589056858959802,0.9829463743659811,-0.9928903907106499,-1.0439655927422493,1.430640284675349,-0.6996864651901419,-0.939481344259833,0.2096390516811874,-1.4706904320652185,-1.082128970732684,1.0911684840810352,1.335951437193357,1.1142655626114704,-0.6353166675633032,1.6455567016261552,0.5596406313378746,0.9940178924830986,-1.0140993866100703,3
-0.1325705025368297,-0.993932084149107,0.9588491776961667,-1.02762575501898,1.7718583477805439,0.9578859753157553,1.5960099209103864,0.34073950535281977,-0.6851779938330984,-1.10197128209058,1.0034144836503964,-0.586264761927185,-0.9732096403329875,-0.09609660158755676,-1.4972016129986656,-1.3241312691859664,1.279429946341662,0.5596406313378746,0.9940178924830986,-1.0140993866100703,1
0.5892199221768213,1.016267636601896,-1.012488478830186,-1.02762575501898,0.15908825032734747,-1.0439655927422493,-0.002563229361643179,0.6875481622004737,-1.3633202616377238,-0.6647678374999909,-0.15116781035022395,2.8735150586020923,1.5771767869139328,-0.7332795988815757,-1.4972016129986656,-1.094526401978412,-0.7342672077230512,0.5596406313378746,0.9940178924830986,-1.0140993866100703,2
1.258474967876504,1.016267636601896,0.9588491776961667,0.9829463743659811,-0.3017032060878515,0.9578859753157553,0.9345313759702363,-0.006069151494834045,-1.1372728390361821,-0.6647678374999909,0.17871284507852472,-0.5614715514869101,1.6859500737384385,1.331340851105846,-1.4972016129986656,-0.8649215347708576,1.279429946341662,0.5596406313378746,-1.0060181084889308,0.9860966422066364,3
1.1488359160212658,1.016267636601896,0.09638895296588762,-1.02762575501898,-0.3017032060878515,-1.0439655927422493,0.9345313759702363,1.0343568190481278,-1.1372728390361821,-1.539174726681169,-0.15116781035022395,1.1019274762333549,0.5033298701783874,-0.16341115846521723,-1.7346077198723144,-0.4057118003557487,-0.9173305853652978,0.5596406313378746,-1.0060181084889308,0.9860966422066364,2
0.7079955616866626,1.016267636601896,-1.2589056858959802,-1.02762575501898,-0.07130747788025202,-1.0439655927422493,-1.3255203192419436,-0.3528778083424879,0.5015709748249962,0.2096390516811874,-0.4810484657789726,0.17105512061212252,0.6074745064997226,-0.11638318037260512,-0.07276497175677328,0.2831028012669145,0.7302398134149221,0.5596406313378746,0.9940178924830986,-1.0140993866100703,2
0.303701557970472,1.016267636601896,1.4516835918277553,-1.02762575501898,0.6198797067425464,-1.0439655927422493,0.10768319479504852,-0.3528778083424879,1.4905284487067418,-0.22756439290940172,1.1683548113647708,0.0944215610694545,-0.7278911636649534,-1.2902383982529033,-0.310171078630422,-0.6353166675633032,1.6455567016261552,0.5596406313378746,-1.0060181084889308,-1.0140993866100703,0
-0.2901766395787345,-0.993932084149107,-1.2589056858959802,-1.02762575501898,-0.9928903907106499,0.9578859753157553,-1.1050274709285601,1.3811654758957816,1.4057606652311636,-0.22756439290940172,-0.6459887934933469,0.2972751010353405,-0.3066839678764421,1.0860576712502612,-0.310171078630422,-1.3241312691859664,1.6455567016261552,0.5596406313378746,0.9940178924830986,0.9860966422066364,3
-0.5345803593393694,-0.993932084149107,-1.2589056858959802,-1.02762575501898,-0.9928903907106499,-1.0439655927422493,0.7691617397351987,-0.3528778083424879,-0.20482722080482196,1.5212493854529547,1.1683548113647708,-1.0573357602924092,0.7046761670663022,1.6227298918365405,1.1142655626114704,-1.3241312691859664,1.6455567016261552,-1.7868609675630667,0.9940178924830986,0.9860966422066364,3
-1.0416609741698457,1.016267636601896,0.2195975564987845,0.9829463743659811,1.0806711631577455,0.9578859753157553,-0.2781792897533724,-0.6996864651901419,0.2755235522234544,0.6468424962717766,0.17871284507852472,-0.4217280017326331,0.0265788683518306,-0.8660644782018923,0.6394533488641729,-0.4057118003557487,-0.9173305853652978,0.5596406313378746,0.9940178924830986,0.9860966422066364,0
1.0483334518206309,-0.993932084149107,1.205266384761961,-1.02762575501898,1.311066891365345,0.9578859753157553,-0.3333025018317183,-0.3528778083424879,-0.9959931999102184,-1.10197128209058,1.333295139079145,-0.3608719397428673,1.3133437082332169,-0.4317472687583569,-1.7346077198723144,-0.6353166675633032,1.0963665686994153,0.5596406313378746,-1.0060181084889308,0.9860966422066364,2
-0.7766999321863537,1.016267636601896,1.4516835918277553,-1.02762575501898,-0.3017032060878515,0.9578859753157553,1.1550242242836197,-0.6996864651901419,1.462272520881549,-0.22756439290940172,0.17871284507852472,-0.009259137135331654,0.8944508376962907,0.6877030332893117,1.5890777763587678,2.3495466061349046,-0.18507707479631122,0.5596406313378746,-1.0060181084889308,0.9860966422066364,2
-0.4043839852612742,-0.993932084149107,-0.026819650567009547,-1.02762575501898,-0.3017032060878515,-1.0439655927422493,0.7140385276568528,-1.0464951220377958,0.3037794800486472,-0.6647678374999909,-0.9758694489220956,0.3446075936940472,0.4246428116244897,-1.1187245957974945,0.40204724199052416,-0.8649215347708576,-0.36814045243855786,-1.7868609675630667,-1.0060181084889308,-1.0140993866100703,0
-0.5711267099577821,1.016267636601896,0.5892233670974757,-1.02762575501898,-0.07130747788025202,-1.0439655927422493,-0.8294114105368309,-1.0464951220377958,0.7276183974265381,-0.6647678374999909,1.4982354667935194,-0.8770215025449549,0.32975547630949537,1.6301068295765582,1.351671669485119,0.2831028012669145,1.4624933239839086,0.5596406313378746,0.9940178924830986,-1.0140993866100703,3
1.6993153222111073,1.016267636601896,-0.3964454611657008,0.9829463743659811,0.38948397853494693,0.9578859753157553,-0.2781792897533724,0.34073950535281977,-0.4308746434063638,-1.539174726681169,0.17871284507852472,-0.6200736852548328,-0.1261665982527944,1.6347174156640691,-0.07276497175677328,0.9719174028895778,-0.18507707479631122,0.5596406313378746,0.9940178924830986,0.9860966422066364,3
1.281316437013012,1.016267636601896,1.8213094024264462,-1.02762575501898,0.15908825032734747,-1.0439655927422493,1.1550242242836197,-0.6996864651901419,-1.5045999007636874,-1.539174726681169,0.34365317279289903,-1.0235268369647614,-0.3321415456438796,-1.3538644862605551,0.40204724199052416,0.9719174028895778,1.279429946341662,-1.7868609675630667,-1.0060181084889308,0.9860966422066364,0
0.03417222215967826,0.0,0.2195975564987845,-1.02762575501898,-0.9928903907106499,0.9578859753157553,0.7140385276568528,-0.3528778083424879,0.16249984092268352,-0.6647678374999909,-1.14080977663647,2.0868941091788233,1.630406267700393,-1.3999703471356648,-1.259795506125017,-0.8649215347708576,-1.6495840959342845,0.5596406313378746,0.9940178924830986,0.9860966422066364,1
-0.8475084865095283,-0.993932084149107,0.2195975564987845,-1.02762575501898,-0.9928903907106499,-1.0439655927422493,-0.11280965351833487,1.0343568190481278,-1.6176236120644585,-0.22756439290940172,-1.635630759779593,-0.8319429381080914,-0.5219162162738682,-0.43451362041086344,-0.310171078630422,0.2831028012669145,1.0963665686994153,0.5596406313378746,-1.0060181084889308,-1.0140993866100703,1
-0.07775097660921065,-0.993932084149107,-1.2589056858959802,0.9829463743659811,-0.3017032060878515,-1.0439655927422493,-1.1050274709285601,0.34073950535281977,0.9819217478532727,-0.22756439290940172,-0.6459887934933469,-0.16252625622066771,-1.4754182199269819,-1.1657525738901067,0.40204724199052416,-1.094526401978412,0.5471764357726754,0.5596406313378746,-1.0060181084889308,0.9860966422066364,0
0.10269662956920209,1.016267636601896,1.574892195360652,0.9829463743659811,-0.9928903907106499,-1.0439655927422493,-1.2152738950852517,1.3811654758957816,0.4168031913494181,-1.10197128209058,0.6735338282216478,-1.0933986118419,-1.702222094582334,0.06711814591033231,0.8768594557378216,-0.8649215347708576,-0.36814045243855786,-1.7868609675630667,0.9940178924830986,0.9860966422066364,1
-1.4002720396130204,-0.993932084149107,-1.012488478830186,0.9829463743659811,-0.532098934295451,0.9578859753157553,-0.4986721380667558,-0.006069151494834045,1.3209928817555854,-1.10197128209058,-0.15116781035022395,-1.2511735873709224,0.19089596121438174,1.2299079571806042,-1.259795506125017,-0.1761069331481943,-0.002013697154064573,0.5596406313378746,-1.0060181084889308,0.9860966422066364,2
1.1968030012079325,-0.993932084149107,1.698100798893549,0.9829463743659811,-0.7624946625030504,0.9578859753157553,1.1550242242836197,-1.0464951220377958,-1.1090169112109893,-0.22756439290940172,1.6631757945078938,-1.1429850327224498,-1.0310677716226182,-0.05367920958245564,-0.07276497175677328,0.7423125356820234,1.0963665686994153,0.5596406313378746,0.9940178924830986,0.9860966422066364,1
-1.2449500494847665,1.016267636601896,0.3428061600316817,0.9829463743659811,2.4630455324033425,-1.0439655927422493,0.2179296189517402,-0.3528778083424879,1.4905284487067418,-0.22756439290940172,1.6631757945078938,0.761584314735035,-0.049793864950481895,1.4309295105960833,-0.07276497175677328,0.5127076684744689,-1.1003939630075446,0.5596406313378746,-1.0060181084889308,0.9860966422066364,3
0.059297838209836994,-0.993932084149107,-1.135697082363083,0.9829463743659811,-0.07130747788025202,0.9578859753157553,0.9345313759702363,-0.006069151494834045,-1.4198321172881094,-1.539174726681169,-0.8109291212077213,-0.8341968663299346,-1.3064724765612603,-0.5589994447736603,0.8768594557378216,1.2015222700971322,-0.5512038300808045,0.5596406313378746,-1.0060181084889308,0.9860966422066364,1
-0.9662841260193695,1.016267636601896,-1.2589056858959802,-1.02762575501898,-0.07130747788025202,-1.0439655927422493,-0.9947810467718684,1.3811654758957816,1.6318080878327055,-0.6647678374999909,0.5085935005072734,-1.118191822282175,-1.6050204340157546,-1.0200580535247592,1.1142655626114704,0.9719174028895778,0.7302398134149221,0.5596406313378746,-1.0060181084889308,-1.0140993866100703,0
-0.7652791976180997,-0.993932084149107,0.3428061600316817,-1.02762575501898,-0.3017032060878515,0.9578859753157553,0.16280640687339437,-0.3528778083424879,0.7841302530769236,-0.6647678374999909,-0.9758694489220956,-1.3593621420193949,-1.723051021846601,-0.7046939651390075,0.6394533488641729,1.4311271373046865,-0.002013697154064573,0.5596406313378746,-1.0060181084889308,-1.0140993866100703,0
-0.5939681790942901,-0.993932084149107,-1.2589056858959802,0.9829463743659811,-0.9928903907106499,0.9578859753157553,-1.490889955476981,-0.006069151494834045,0.6711065417761527,1.0840459408623657,-1.3057501043508444,0.3333379525848313,0.968509245747018,1.2216089022230845,-1.7346077198723144,-0.8649215347708576,0.5471764357726754,0.5596406313378746,-1.0060181084889308,-1.0140993866100703,3
0.6668809172409482,-0.993932084149107,0.5892233670974757,-1.02762575501898,-0.9928903907106499,0.9578859753157553,1.5408867088320406,-0.3528778083424879,0.6145946861257672,0.6468424962717766,-1.4706904320652185,-0.04532198868482249,-1.1259551069376126,0.3686504760335511,0.16464113511687545,1.2015222700971322,-0.7342672077230512,0.5596406313378746,-1.0060181084889308,-1.0140993866100703,2
-0.6967547902085759,-0.993932084149107,0.5892233670974757,0.9829463743659811,-0.532098934295451,-1.0439655927422493,-0.11280965351833487,0.6875481622004737,1.1797132426296217,1.5212493854529547,0.838474155936022,-0.2797305237565129,-0.14236687501389098,-1.3105249770379517,-0.5475771855040708,0.5127076684744689,-0.7342672077230512,-1.7868609675630667,-1.0060181084889308,0.9860966422066364,0
0.879306580210472,1.016267636601896,1.328474988294858,0.9829463743659811,-0.9928903907106499,-1.0439655927422493,1.430640284675349,1.7279741327434355,1.688319943483091,-0.6647678374999909,0.17871284507852472,1.994483052083253,1.1397693143643248,-0.8052047418467472,0.16464113511687545,-0.4057118003557487,1.279429946341662,-1.7868609675630667,0.9940178924830986,0.9860966422066364,1
-0.8338036050276235,-0.993932084149107,-0.2732368576328036,0.0,0.15908825032734747,-1.0439655927422493,-1.3255203192419436,-0.006069151494834045,1.2644810261052,-1.539174726681169,1.6631757945078938,-0.45779085328212393,-0.008136010421947807,-1.4221011603557177,-1.4972016129986656,-0.4057118003557487,0.7302398134149221,-1.7868609675630667,-1.0060181084889308,-1.0140993866100703,0
-0.484329127239052,1.016267636601896,0.8356405741632701,-1.02762575501898,-0.9928903907106499,-1.0439655927422493,1.706256345067078,1.0343568190481278,-1.0807609833857965,0.2096390516811874,-0.9758694489220956,-1.1114300376166455,-1.243985694768459,-0.3616663602281898,-1.0223893992513682,-0.1761069331481943,0.3641130581304287,-1.7868609675630667,0.9940178924830986,0.9860966422066364,1
1.6604848246790436,0.0,-0.8892798752972889,0.9829463743659811,2.4630455324033425,0.9578859753157553,0.8794081638918904,-1.0464951220377958,0.10598798527229807,-1.539174726681169,1.0034144836503964,1.345351724192418,1.6697497969773418,-0.8042826246292449,-1.4972016129986656,-0.4057118003557487,1.4624933239839086,0.5596406313378746,0.9940178924830986,0.9860966422066364,2
-0.4363620420523853,1.016267636601896,-0.026819650567009547,-1.02762575501898,-0.532098934295451,0.9578859753157553,-0.16793286559668072,1.7279741327434355,1.1797132426296217,-1.539174726681169,-0.9758694489220956,-1.3886632089033561,0.968509245747018,0.020090167817720214,-0.310171078630422,0.9719174028895778,-1.6495840959342845,0.5596406313378746,-1.0060181084889308,-1.0140993866100703,1
0.5869357752631704,1.016267636601896,0.46601476356457855,0.9829463743659811,2.0022540759881435,-1.0439655927422493,0.3281760431084319,-1.3933037788854497,-0.40261871558117107,-0.22756439290940172,0.6735338282216478,-0.3248090881933765,-1.7253653470981865,-0.1818535028152612,1.1142655626114704,-0.4057118003557487,-0.9173305853652978,-1.7868609675630667,-1.0060181084889308,0.9860966422066364,1
-0.639651117367306,1.016267636601896,0.2195975564987845,-1.02762575501898,2.4630455324033425,-1.0439655927422493,-1.0499042588502143,-0.3528778083424879,0.4168031913494181,-0.22756439290940172,1.0034144836503964,-1.257935372036452,-1.193070539233584,1.1100327189053185,-0.5475771855040708,0.7423125356820234,-0.18507707479631122,0.5596406313378746,0.9940178924830986,0.9860966422066364,2
0.2511661789565037,1.016267636601896,0.8356405741632701,0.9829463743659811,0.15908825032734747,-1.0439655927422493,1.2652706484403113,-1.3933037788854497,-0.9959931999102184,1.0840459408623657,-0.4810484657789726,0.0065183604175705874,-0.5381164930349648,0.3114792085484148,0.6394533488641729,0.2831028012669145,1.0963665686994153,0.5596406313378746,-1.0060181084889308,0.9860966422066364,2
1.0277761295977736,1.016267636601896,1.082057781229064,0.9829463743659811,-0.9928903907106499,0.9578859753157553,-1.0499042588502143,1.3811654758957816,0.7841302530769236,-1.10197128209058,-0.15116781035022395,-0.2797305237565129,-1.3365587048318681,-0.8780520020294208,-0.07276497175677328,1.2015222700971322,1.0963665686994153,0.5596406313378746,0.9940178924830986,0.9860966422066364,0
0.7285528839095197,1.016267636601896,1.082057781229064,-1.02762575501898,-0.9928903907106499,0.9578859753157553,-0.2781792897533724,-1.3933037788854497,0.16249984092268352,-1.539174726681169,-1.4706904320652185,-1.183555740715627,0.36447035508327374,1.3590043676309118,-0.7849832923777195,-0.8649215347708576,0.18104968048818207,0.5596406313378746,-1.0060181084889308,0.9860966422066364,3
-1.5007745038136553,-0.993932084149107,-1.2589056858959802,0.9829463743659811,-0.3017032060878515,-1.0439655927422493,-0.2781792897533724,-1.0464951220377958,0.7841302530769236,-0.6647678374999909,0.013772517364150388,0.7660921711787213,0.38992793285071126,0.28842627811085986,1.5890777763587678,-0.8649215347708576,-1.6495840959342845,0.5596406313378746,0.9940178924830986,0.9860966422066364,2
0.5618101592130117,-0.993932084149107,1.574892195360652,-1.02762575501898,-0.3017032060878515,0.9578859753157553,0.658915315578507,-1.3933037788854497,-0.06354758167885831,-0.22756439290940172,0.6735338282216478,-0.6854376036882849,-1.1051261796733456,1.0574720375076931,0.40204724199052416,1.4311271373046865,-0.5512038300808045,0.5596406313378746,0.9940178924830986,-1.0140993866100703,3
1.7175884975203135,1.016267636601896,0.3428061600316817,-1.02762575501898,1.5414626195729444,-1.0439655927422493,-1.2703971071635978,0.6875481622004737,-1.3068084059873384,-0.6647678374999909,0.34365317279289903,0.23867296726741785,0.29041194703254647,-0.5654542652961756,1.1142655626114704,0.5127076684744689,-0.36814045243855786,-1.7868609675630667,-1.0060181084889308,-1.0140993866100703,1
-1.5670147643095285,-0.993932084149107,-1.2589056858959802,0.9829463743659811,-0.532098934295451,0.9578859753157553,-0.4986721380667558,-0.006069151494834045,-0.6004102103575202,-0.6647678374999909,-1.14080977663647,0.7841235969534668,0.6144174822544783,0.7900580444320556,-1.259795506125017,-0.6353166675633032,0.5471764357726754,0.5596406313378746,-1.0060181084889308,-1.0140993866100703,2
-0.018363156854290005,-0.993932084149107,-1.012488478830186,0.9829463743659811,-0.532098934295451,-1.0439655927422493,-1.3806435313202894,1.3811654758957816,-0.7699457773086765,-1.539174726681169,-0.4810484657789726,-1.3571082137975516,0.9523089689859214,0.917310220447359,-0.7849832923777195,-0.4057118003557487,0.7302398134149221,0.5596406313378746,0.9940178924830986,-1.0140993866100703,3
-0.9914097420695283,-0.993932084149107,-0.8892798752972889,-1.02762575501898,-0.7624946625030504,-1.0439655927422493,0.10768319479504852,0.34073950535281977,-1.4763439729384948,0.6468424962717766,-1.3057501043508444,1.3904302886292814,0.6630183125377681,1.4041881112885197,1.351671669485119,1.2015222700971322,-0.36814045243855786,0.5596406313378746,-1.0060181084889308,0.9860966422066364,3
-1.085059765529211,1.016267636601896,-0.3964454611657008,0.9829463743659811,-0.7624946625030504,-1.0439655927422493,-1.0499042588502143,1.7279741327434355,0.3320354078738399,1.5212493854529547,-1.3057501043508444,-0.6403590392514213,-1.7137937208402603,0.9440516197549228,1.351671669485119,0.2831028012669145,-0.9173305853652978,0.5596406313378746,0.9940178924830986,-1.0140993866100703,2
-0.7881206667546076,-0.993932084149107,-0.7660712717643918,-1.02762575501898,0.15908825032734747,0.9578859753157553,1.2101474363619655,-1.0464951220377958,-0.28959500428040014,-0.6647678374999909,0.838474155936022,-1.219618592265118,-1.6443639632927034,0.6498962273717216,-0.310171078630422,-0.1761069331481943,0.3641130581304287,0.5596406313378746,-1.0060181084889308,0.9860966422066364,2
0.7993614382326943,-0.993932084149107,1.328474988294858,-1.02762575501898,1.0806711631577455,-1.0439655927422493,0.7691617397351987,-0.3528778083424879,-1.5893676842392657,-0.6647678374999909,1.0034144836503964,-0.06109948623772473,-0.7209481879101978,0.2294107761907192,-0.310171078630422,0.7423125356820234,1.6455567016261552,0.5596406313378746,0.9940178924830986,-1.0140993866100703,2
0.4955698987171387,-0.993932084149107,0.09638895296588762,0.9829463743659811,1.0806711631577455,0.9578859753157553,0.38329925518677777,-1.3933037788854497,-1.7023913955400367,1.5212493854529547,0.013772517364150388,0.3829243734653812,0.9592519447406771,1.7278512546317912,-1.4972016129986656,-0.6353166675633032,0.3641130581304287,0.5596406313378746,0.9940178924830986,-1.0140993866100703,3
-1.1330268507158776,-0.993932084149107,-1.2589056858959802,0.9829463743659811,-0.9928903907106499,0.9578859753157553,0.05255998271670267,-0.6996864651901419,-1.2785524781621458,-1.10197128209058,-1.4706904320652185,2.122956960728314,0.9430516679795805,-1.6673843402113024,1.5890777763587678,0.9719174028895778,-1.2834573406497911,0.5596406313378746,-1.0060181084889308,-1.0140993866100703,0
-0.406668132174925,1.016267636601896,0.7124319706303729,-1.02762575501898,-0.3017032060878515,0.9578859753157553,1.0999010122052737,-1.3933037788854497,-0.8829694886094475,1.0840459408623657,-0.9758694489220956,-1.1429850327224498,0.18163866020804081,-1.037578280657301,0.8768594557378216,1.4311271373046865,-0.36814045243855786,0.5596406313378746,0.9940178924830986,-1.0140993866100703,0
0.43161378513491644,1.016267636601896,0.09638895296588762,-1.02762575501898,-0.9928903907106499,-1.0439655927422493,-1.3806435313202894,-1.3933037788854497,0.36029133569903266,-0.22756439290940172,-1.3057501043508444,-0.13773304578039278,-0.621432202092033,-0.29158545169802275,-0.07276497175677328,0.5127076684744689,0.3641130581304287,-1.7868609675630667,0.9940178924830986,-1.0140993866100703,1
-5.193548790090959e-16,1.016267636601896,1.574892195360652,0.9829463743659811,-0.9928903907106499,0.9578859753157553,-1.3255203192419436,-1.0464951220377958,-1.3350643338125312,-0.6647678374999909,-1.635630759779593,0.23641903904557468,-1.1097548301765159,-1.4156463398332022,1.351671669485119,0.053497934059360104,-1.2834573406497911,0.5596406313378746,0.9940178924830986,-1.0140993866100703,0
-0.9297377754009568,-0.993932084149107,-0.5196540646985977,-1.02762575501898,-0.9928903907106499,0.9578859753157553,0.7691617397351987,-0.6996864651901419,-1.3350643338125312,0.6468424962717766,-1.635630759779593,0.3941940145745971,0.264954369265109,1.0998894295127943,-1.0223893992513682,-1.3241312691859664,1.4624933239839086,0.5596406313378746,0.9940178924830986,-1.0140993866100703,3
0.8815907271241229,1.016267636601896,-1.2589056858959802,0.9829463743659811,-0.532098934295451,0.9578859753157553,0.9896545880485821,-1.3933037788854497,-0.939481344259833,1.5212493854529547,1.1683548113647708,-1.435995701562063,-0.07525144271791939,-1.3409548452155242,0.8768594557378216,-0.6353166675633032,-0.5512038300808045,0.5596406313378746,-1.0060181084889308,-1.0140993866100703,0
-0.7584267568771473,-0.993932084149107,-0.15002825409990672,0.9829463743659811,-0.3017032060878515,-1.0439655927422493,0.5486688914218153,-1.0464951220377958,0.3037794800486472,-1.539174726681169,1.0034144836503964,-1.068605401401625,-1.723051021846601,-1.4202569259207132,-0.310171078630422,0.7423125356820234,-0.9173305853652978,0.5596406313378746,-1.0060181084889308,-1.0140993866100703,0
0.8952956086060276,-0.993932084149107,-1.2589056858959802,-1.02762575501898,-0.532098934295451,0.9578859753157553,-1.0499042588502143,-0.006069151494834045,0.7276183974265381,-1.10197128209058,1.0034144836503964,0.709743965632642,1.1189403871000578,0.04498733269027956,-0.07276497175677328,-0.6353166675633032,-0.5512038300808045,0.5596406313378746,0.9940178924830986,-1.0140993866100703,2
0.7879407036644404,1.016267636601896,-0.2732368576328036,-1.02762575501898,0.38948397853494693,-1.0439655927422493,0.49354567934346943,0.34073950535281977,-0.1483153651544365,-0.22756439290940172,0.838474155936022,-1.0933986118419,0.09137997539621696,-0.5193484044210657,-0.5475771855040708,-0.1761069331481943,1.0963665686994153,-1.7868609675630667,-1.0060181084889308,0.9860966422066364,1
0.3265430271069799,1.016267636601896,-1.2589056858959802,-1.02762575501898,0.6198797067425464,0.9578859753157553,-1.0499042588502143,-0.6996864651901419,1.6600640156578983,-1.10197128209058,1.333295139079145,-0.07462305556878379,-1.232414068510533,-0.04722438905994025,0.8768594557378216,0.2831028012669145,-0.36814045243855786,0.5596406313378746,-1.0060181084889308,0.9860966422066364,1
-1.3842830112174649,1.016267636601896,-0.15002825409990672,-1.02762575501898,-0.9928903907106499,0.9578859753157553,0.7691617397351987,0.6875481622004737,-1.0807609833857965,0.6468424962717766,0.013772517364150388,0.14400798195000442,1.5355189323853986,-0.6668871592214174,1.5890777763587678,1.8903368717197957,-0.002013697154064573,0.5596406313378746,0.9940178924830986,-1.0140993866100703,1
0.46816013575332915,1.016267636601896,0.7124319706303729,-1.02762575501898,1.0806711631577455,-1.0439655927422493,0.3281760431084319,-0.3528778083424879,-1.024249127735411,1.0840459408623657,1.0034144836503964,-0.04757591690666567,-0.774177668696658,1.5120758257362767,0.40204724199052416,0.7423125356820234,-0.18507707479631122,-1.7868609675630667,-1.0060181084889308,-1.0140993866100703,3
-0.884054837127941,1.016267636601896,0.09638895296588762,0.9829463743659811,0.38948397853494693,0.9578859753157553,1.2101474363619655,-0.3528778083424879,0.19075576874787625,0.2096390516811874,-0.4810484657789726,-0.24141374398517892,-1.2069564907430954,-0.7830739286266943,0.16464113511687545,0.2831028012669145,0.18104968048818207,0.5596406313378746,-1.0060181084889308,0.9860966422066364,0
-0.7241645531723854,1.016267636601896,-1.012488478830186,-1.02762575501898,-0.9928903907106499,0.9578859753157553,0.8242849518135446,1.7279741327434355,0.47331504699980353,1.5212493854529547,0.6735338282216478,1.4648099199501063,1.2878861304657794,-0.6087937745187789,1.1142655626114704,-0.4057118003557487,0.18104968048818207,0.5596406313378746,-1.0060181084889308,0.9860966422066364,1
1.1556883567622183,-0.993932084149107,-0.026819650567009547,0.9829463743659811,-0.07130747788025202,0.9578859753157553,1.375517072597003,-1.3933037788854497,0.5298269026501891,-0.6647678374999909,1.0034144836503964,1.16954532288865,1.5193186556243021,0.7015347915518446,0.16464113511687545,1.2015222700971322,-1.1003939630075446,0.5596406313378746,0.9940178924830986,0.9860966422066364,3
-0.861213367991433,-0.993932084149107,0.9588491776961667,-1.02762575501898,1.0806711631577455,0.9578859753157553,-1.4357667433986352,-1.3933037788854497,-0.939481344259833,1.5212493854529547,0.6735338282216478,0.41447936857118567,1.6790070979836829,1.2299079571806042,-0.7849832923777195,-0.4057118003557487,-0.36814045243855786,0.5596406313378746,0.9940178924830986,0.9860966422066364,3
1.1762456789850753,1.016267636601896,0.7124319706303729,0.9829463743659811,-0.7624946625030504,0.9578859753157553,1.0999010122052737,1.7279741327434355,-1.1090169112109893,-0.22756439290940172,-1.14080977663647,-1.005495411190016,0.46398634090143853,0.8250984986971391,-0.310171078630422,0.053497934059360104,1.4624933239839086,0.5596406313378746,-1.0060181084889308,0.9860966422066364,3
-0.5277279185984171,-0.993932084149107,1.205266384761961,-1.02762575501898,-0.3017032060878515,-1.0439655927422493,0.2179296189517402,1.7279741327434355,-0.8829694886094475,-1.539174726681169,0.6735338282216478,0.405463655683813,1.6674354717257567,-0.9601204343871164,-1.4972016129986656,-0.4057118003557487,-0.9173305853652978,-1.7868609675630667,-1.0060181084889308,-1.0140993866100703,1
0.7536784999596784,-0.993932084149107,-1.2589056858959802,0.9829463743659811,-0.3017032060878515,-1.0439655927422493,0.05255998271670267,-1.0464951220377958,0.19075576874787625,-1.539174726681169,0.5085935005072734,-0.2842383802001993,-0.74409144042605,1.30367733458078,1.351671669485119,-1.094526401978412,0.7302398134149221,0.5596406313378746,-1.0060181084889308,0.9860966422066364,3
0.8153504666282498,-0.993932084149107,1.698100798893549,0.9829463743659811,0.6198797067425464,-1.0439655927422493,-1.3806435313202894,0.6875481622004737,0.24726762439826172,-1.10197128209058,-0.15116781035022395,-1.0731132578453113,-0.14236687501389098,0.340064842290983,0.40204724199052416,1.4311271373046865,0.3641130581304287,0.5596406313378746,0.9940178924830986,0.9860966422066364,2
1.2973054654085674,1.016267636601896,-1.2589056858959802,0.9829463743659811,-0.532098934295451,0.9578859753157553,1.5960099209103864,-1.3933037788854497,-0.17657129297962923,0.6468424962717766,-0.6459887934933469,2.454284409339261,1.6581781707194156,1.4770353714711932,-1.0223893992513682,-0.1761069331481943,0.7302398134149221,0.5596406313378746,-1.0060181084889308,-1.0140993866100703,3
0.9615358691019007,-0.993932084149107,1.574892195360652,0.9829463743659811,-0.07130747788025202,-1.0439655927422493,-1.3806435313202894,1.0343568190481278,1.2362250982800074,-1.539174726681169,-0.6459887934933469,-1.282728582476727,-0.20022500630352166,-0.5470119209461316,-0.07276497175677328,-1.3241312691859664,-0.7342672077230512,-1.7868609675630667,-1.0060181084889308,-1.0140993866100703,1
1.4206493987457103,1.016267636601896,-0.7660712717643918,-1.02762575501898,-0.07130747788025202,0.9578859753157553,1.2652706484403113,-0.006069151494834045,0.219011696573069,1.0840459408623657,-0.31610813806459825,2.3731429933529067,1.44757457282516,-1.404580933223176,-1.259795506125017,-0.1761069331481943,-1.2834573406497911,0.5596406313378746,-1.0060181084889308,-1.0140993866100703,1
-1.350020807512703,-0.993932084149107,0.46601476356457855,0.9829463743659811,-0.07130747788025202,-1.0439655927422493,-1.3255203192419436,1.7279741327434355,-1.3915761894629166,0.2096390516811874,1.4982354667935194,0.3919400863527539,1.7252936030153874,0.7992792166070777,-1.0223893992513682,0.2831028012669145,-1.2834573406497911,-1.7868609675630667,-1.0060181084889308,0.9860966422066364,2
0.31969058636602754,-0.993932084149107,-1.2589056858959802,0.9829463743659811,-0.7624946625030504,-1.0439655927422493,-0.7191649863801393,-0.6996864651901419,-0.17657129297962923,1.5212493854529547,1.1683548113647708,-0.5817569054834987,-1.3435016805866238,1.648549173926602,-0.310171078630422,-0.8649215347708576,1.4624933239839086,-1.7868609675630667,0.9940178924830986,0.9860966422066364,3
1.5325725975145992,1.016267636601896,0.2195975564987845,-1.02762575501898,-0.9928903907106499,-1.0439655927422493,0.10768319479504852,0.34073950535281977,-0.7134339216582911,-1.10197128209058,-1.635630759779593,0.7660921711787213,0.07517969863512038,-1.6738391607338177,-1.0223893992513682,-0.4057118003557487,-0.18507707479631122,-1.7868609675630667,-1.0060181084889308,0.9860966422066364,0
1.2973054654085674,-0.993932084149107,0.5892233670974757,0.9829463743659811,-0.9928903907106499,0.9578859753157553,-1.0499042588502143,-0.006069151494834045,0.4168031913494181,1.5212493854529547,-1.635630759779593,0.7322832478510737,-0.6422611293563001,-1.660929519688787,-0.7849832923777195,-0.6353166675633032,-1.4665207182920377,0.5596406313378746,0.9940178924830986,0.9860966422066364,0
1.5622665073920596,-0.993932084149107,-1.2589056858959802,0.9829463743659811,0.6198797067425464,-1.0439655927422493,0.7691617397351987,-0.006069151494834045,1.4340165930563564,-1.539174726681169,0.013772517364150388,0.2747358188169087,1.1744841931381034,-0.585740844081224,-0.5475771855040708,0.7423125356820234,-1.4665207182920377,0.5596406313378746,0.9940178924830986,0.9860966422066364,1
0.24202959130190052,1.016267636601896,1.8213094024264462,-1.02762575501898,0.6198797067425464,0.9578859753157553,0.3281760431084319,-1.3933037788854497,0.6145946861257672,-0.6647678374999909,0.17871284507852472,-0.3000158777531015,0.4940725691720465,-0.739734419404091,-0.7849832923777195,-0.8649215347708576,0.7302398134149221,0.5596406313378746,-1.0060181084889308,-1.0140993866100703,1
-0.7652791976180997,-0.993932084149107,0.09638895296588762,0.9829463743659811,0.15908825032734747,0.9578859753157553,-0.9947810467718684,-1.0464951220377958,-1.0807609833857965,1.5212493854529547,-0.15116781035022395,-1.3278071469135904,-1.1375267331955388,-0.25654499743293924,-1.259795506125017,-1.3241312691859664,-1.4665207182920377,0.5596406313378746,-1.0060181084889308,0.9860966422066364,1
-8.998154508365062e-05,-0.993932084149107,-0.3964454611657008,0.9829463743659811,0.15908825032734747,0.9578859753157553,1.0999010122052737,1.3811654758957816,-0.515642426881942,-1.10197128209058,0.013772517364150388,-0.1242094764493337,-1.3666449331024761,-1.5742505012435803,-1.0223893992513682,-1.3241312691859664,-0.9173305853652978,0.5596406313378746,-1.0060181084889308,0.9860966422066364,0
0.20776738759713861,-0.993932084149107,-0.7660712717643918,-1.02762575501898,0.38948397853494693,0.9578859753157553,1.0999010122052737,1.0343568190481278,-1.5893676842392657,-0.22756439290940172,0.34365317279289903,-0.4127122888452604,0.12146620366682491,1.0556278030726887,1.5890777763587678,0.053497934059360104,-0.5512038300808045,0.5596406313378746,0.9940178924830986,-1.0140993866100703,3
-1.6515282001146079,1.016267636601896,-1.012488478830186,0.9829463743659811,-0.7624946625030504,-1.0439655927422493,-0.11280965351833487,1.3811654758957816,-0.06354758167885831,-1.539174726681169,0.34365317279289903,-1.170032171384568,-1.2810148987938228,1.4816459575587042,1.1142655626114704,1.6607320045122411,0.7302398134149221,-1.7868609675630667,-1.0060181084889308,-1.0140993866100703,2
-1.295201281585084,1.016267636601896,-1.2589056858959802,0.9829463743659811,-0.9928903907106499,-1.0439655927422493,1.2101474363619655,1.3811654758957816,-1.2785524781621458,-0.22756439290940172,0.17871284507852472,-0.15125661511145183,-0.25114016183839666,-1.343721196868031,1.1142655626114704,0.5127076684744689,0.5471764357726754,-1.7868609675630667,-1.0060181084889308,-1.0140993866100703,0
-0.7926889605819092,1.016267636601896,-1.2589056858959802,-1.02762575501898,-0.9928903907106499,0.9578859753157553,0.8242849518135446,-0.3528778083424879,-1.3068084059873384,-1.539174726681169,1.333295139079145,0.02229585797047283,1.2277136739245635,-0.8144259140217691,-0.07276497175677328,-0.6353166675633032,-0.36814045243855786,0.5596406313378746,-1.0060181084889308,0.9860966422066364,1
1.2310652049126944,-0.993932084149107,-1.2589056858959802,-1.02762575501898,-0.9928903907106499,0.9578859753157553,-0.4986721380667558,-0.006069151494834045,-1.1090169112109893,0.6468424962717766,0.17871284507852472,0.8630110847179779,0.44778606414034194,1.6752905732341659,1.5890777763587678,0.053497934059360104,0.3641130581304287,0.5596406313378746,-1.0060181084889308,-1.0140993866100703,3
-0.24906199513302021,1.016267636601896,1.205266384761961,-1.02762575501898,-0.07130747788025202,0.9578859753157553,1.430640284675349,-1.3933037788854497,-0.2330831486300147,0.2096390516811874,0.6735338282216478,-1.2556814438146087,0.021950217848660147,-1.0200580535247592,1.1142655626114704,-1.094526401978412,0.9133031910571687,0.5596406313378746,-1.0060181084889308,-1.0140993866100703,0
0.27400764809301165,-0.993932084149107,-1.135697082363083,-1.02762575501898,-0.07130747788025202,-1.0439655927422493,1.4857634967536948,-0.6996864651901419,-1.5328558285888803,-1.10197128209058,-0.6459887934933469,2.3596194240218478,1.5054327041147908,0.9385189164499096,1.5890777763587678,-0.6353166675633032,1.0963665686994153,-1.7868609675630667,0.9940178924830986,0.9860966422066364,3
1.4320701333139643,1.016267636601896,1.205266384761961,0.9829463743659811,-0.3017032060878515,0.9578859753157553,0.8242849518135446,1.0343568190481278,-1.448088045113302,0.2096390516811874,-0.15116781035022395,-0.6471208239169508,1.2277136739245635,-0.6272361188688229,-1.259795506125017,-0.4057118003557487,1.6455567016261552,0.5596406313378746,-1.0060181084889308,-1.0140993866100703,1
0.8176346135419007,-0.993932084149107,0.9588491776961667,-1.02762575501898,1.5414626195729444,-1.0439655927422493,0.10768319479504852,-0.3528778083424879,-1.448088045113302,-1.539174726681169,0.6735338282216478,-1.309775721138845,0.9615662699922624,-1.097515899794944,0.8768594557378216,0.9719174028895778,-0.36814045243855786,-1.7868609675630667,0.9940178924830986,-1.0140993866100703,0
-0.44093033587968694,1.016267636601896,1.574892195360652,0.9829463743659811,-0.9928903907106499,0.9578859753157553,1.430640284675349,-1.0464951220377958,-1.1372728390361821,1.5212493854529547,-1.635630759779593,-0.8702597178794254,-0.4895156627516751,1.6033654302689944,1.1142655626114704,1.4311271373046865,-0.36814045243855786,0.5596406313378746,0.9940178924830986,0.9860966422066364,3
-0.46605595192984567,-0.993932084149107,-1.135697082363083,0.9829463743659811,-0.532098934295451,0.9578859753157553,0.658915315578507,-0.006069151494834045,-1.1655287668613747,-0.6647678374999909,-1.14080977663647,-0.9221000669818185,1.639663568706734,1.2741695836207096,0.40204724199052416,-0.1761069331481943,0.18104968048818207,0.5596406313378746,0.9940178924830986,-1.0140993866100703,3
-0.14627538401873447,1.016267636601896,-0.2732368576328036,-1.02762575501898,-0.532098934295451,-1.0439655927422493,-0.7191649863801393,-0.6996864651901419,0.6711065417761527,1.0840459408623657,-0.15116781035022395,0.5136522103322855,0.32975547630949537,-0.1661775101177238,-0.7849832923777195,-0.4057118003557487,-0.36814045243855786,0.5596406313378746,0.9940178924830986,-1.0140993866100703,1
0.05016125055523382,1.016267636601896,-2.7357805694826946e-16,0.9829463743659811,-0.9928903907106499,0.9578859753157553,-1.160150683006906,-1.0464951220377958,-1.4198321172881094,-0.22756439290940172,-1.635630759779593,0.47984328700463785,0.7856775508717851,-1.6378765892512321,0.40204724199052416,0.7423125356820234,0.5471764357726754,0.5596406313378746,-1.0060181084889308,0.9860966422066364,0
-0.39067910377936943,-0.993932084149107,-1.012488478830186,0.9829463743659811,1.0806711631577455,-1.0439655927422493,1.044777800126928,-0.006069151494834045,-0.45913057123155654,-0.22756439290940172,0.838474155936022,1.712742024352856,1.5239473061274726,-1.451608911315788,-0.07276497175677328,0.5127076684744689,-0.9173305853652978,0.5596406313378746,0.9940178924830986,-1.0140993866100703,0
1.0825956555253928,-0.993932084149107,1.8213094024264462,0.9829463743659811,0.15908825032734747,0.9578859753157553,-0.6640417743017933,1.3811654758957816,-1.024249127735411,1.0840459408623657,1.1683548113647708,-0.9198461387599753,-0.8366644504894591,-1.0633975627473626,-0.310171078630422,0.9719174028895778,-0.18507707479631122,0.5596406313378746,-1.0060181084889308,-1.0140993866100703,0
1.025491982684123,-0.993932084149107,1.205266384761961,-1.02762575501898,-0.9928903907106499,0.9578859753157553,-0.6089185622234475,-1.0464951220377958,0.840642108727309,1.0840459408623657,-1.635630759779593,0.011026216861256943,-0.8968369070306751,1.7149416135867603,1.1142655626114704,1.8903368717197957,-0.5512038300808045,0.5596406313378746,0.9940178924830986,0.9860966422066364,3
0.39735158143015453,1.016267636601896,-1.2589056858959802,0.9829463743659811,-0.07130747788025202,0.9578859753157553,0.7140385276568528,-0.3528778083424879,-1.024249127735411,0.2096390516811874,-0.6459887934933469,2.9388789770355443,1.7183506272606317,0.782681106692038,1.1142655626114704,0.5127076684744689,0.7302398134149221,0.5596406313378746,-1.0060181084889308,0.9860966422066364,3
-1.5533098828276237,1.016267636601896,-1.2589056858959802,-1.02762575501898,1.311066891365345,-1.0439655927422493,-1.160150683006906,-0.3528778083424879,-1.6458795398896513,0.2096390516811874,0.6735338282216478,-0.23465195931964938,-0.9917242423456694,-0.09701871880505895,-0.5475771855040708,-0.4057118003557487,0.9133031910571687,0.5596406313378746,0.9940178924830986,0.9860966422066364,1
0.5572418653857101,1.016267636601896,1.328474988294858,0.9829463743659811,2.0022540759881435,-1.0439655927422493,-0.7191649863801393,0.34073950535281977,0.16249984092268352,1.0840459408623657,1.4982354667935194,-0.6403590392514213,0.6954188660599613,-0.4953733567660085,-0.7849832923777195,-0.4057118003557487,1.4624933239839086,-1.7868609675630667,-1.0060181084889308,-1.0140993866100703,1
-0.8657816618187346,1.016267636601896,0.09638895296588762,0.9829463743659811,2.0022540759881435,-1.0439655927422493,0.8794081638918904,-0.006069151494834045,1.3209928817555854,1.0840459408623657,1.333295139079145,-0.6989611730193439,0.48944391866887604,-0.23441418421288648,1.1142655626114704,-0.8649215347708576,1.279429946341662,0.5596406313378746,-1.0060181084889308,-1.0140993866100703,1
-5.193548790090959e-16,-0.993932084149107,-0.2732368576328036,0.9829463743659811,0.15908825032734747,-1.0439655927422493,-0.2781792897533724,-1.3933037788854497,-1.3915761894629166,-0.22756439290940172,1.0034144836503964,2.237907300042316,1.5239473061274726,-0.7120709028790251,-1.7346077198723144,-1.094526401978412,-0.002013697154064573,-1.7868609675630667,0.9940178924830986,-1.0140993866100703,1
-1.2632232247939728,1.016267636601896,-1.2589056858959802,-1.02762575501898,1.5414626195729444,-1.0439655927422493,-1.6011363796336728,-0.6996864651901419,-1.3915761894629166,0.6468424962717766,0.838474155936022,1.0455792706872753,0.3251268258063249,-1.433166566965744,-1.259795506125017,0.053497934059360104,1.4624933239839086,-1.7868609675630667,0.9940178924830986,-1.0140993866100703,0
-0.961715832192068,-0.993932084149107,-0.2732368576328036,-1.02762575501898,2.2326498041957428,-1.0439655927422493,0.6037921035001611,1.3811654758957816,1.038433603503658,0.6468424962717766,0.838474155936022,-1.2038410947122156,-1.7161080460918454,-1.455297380185797,-0.07276497175677328,0.053497934059360104,-0.7342672077230512,0.5596406313378746,0.9940178924830986,0.9860966422066364,0
0.4955698987171387,-0.993932084149107,0.09638895296588762,0.9829463743659811,0.15908825032734747,-1.0439655927422493,0.9345313759702363,-1.0464951220377958,1.4905284487067418,-0.6647678374999909,1.6631757945078938,1.4422706377316745,0.40612820961180784,1.3829794152859691,-0.07276497175677328,1.2015222700971322,0.9133031910571687,0.5596406313378746,0.9940178924830986,-1.0140993866100703,3
-1.062218296392703,-0.993932084149107,-1.2589056858959802,0.9829463743659811,-0.532098934295451,0.9578859753157553,-1.2152738950852517,-0.006069151494834045,1.3492488095807782,-1.10197128209058,-0.15116781035022395,1.8817866409910942,1.109683086093717,0.7559397073844744,-1.0223893992513682,0.053497934059360104,-1.6495840959342845,0.5596406313378746,0.9940178924830986,0.9860966422066364,2
-0.39067910377936943,-0.993932084149107,-1.2589056858959802,0.9829463743659811,-0.9928903907106499,0.9578859753157553,-0.7191649863801393,1.3811654758957816,1.6035521600075127,1.5212493854529547,-0.15116781035022395,-0.7282622399033052,-0.8713793292632376,-0.8439336649818394,1.5890777763587678,1.4311271373046865,0.18104968048818207,0.5596406313378746,0.9940178924830986,-1.0140993866100703,0
0.30598570488412274,1.016267636601896,0.46601476356457855,0.9829463743659811,-0.7624946625030504,0.9578859753157553,-0.16793286559668072,1.3811654758957816,0.021220201796719875,0.6468424962717766,0.34365317279289903,1.2957653033118681,0.2232965147365749,0.5788932016240523,0.6394533488641729,-0.8649215347708576,-0.7342672077230512,0.5596406313378746,0.9940178924830986,0.9860966422066364,3
1.2287810579990437,1.016267636601896,1.8213094024264462,-1.02762575501898,-0.3017032060878515,-1.0439655927422493,-0.6640417743017933,0.34073950535281977,1.3492488095807782,0.6468424962717766,-0.8109291212077213,-0.30226980597494474,-1.4707895694238113,1.6079760163565053,-1.7346077198723144,-1.094526401978412,-0.7342672077230512,-1.7868609675630667,0.9940178924830986,0.9860966422066364,3
-1.4733647408498458,-0.993932084149107,-0.8892798752972889,-1.02762575501898,-0.532098934295451,0.9578859753157553,-0.22305607767502658,-1.3933037788854497,-0.2330831486300147,0.2096390516811874,-1.14080977663647,0.824694304946644,0.0265788683518306,0.8878024694872887,0.8768594557378216,-0.4057118003557487,-1.2834573406497911,0.5596406313378746,0.9940178924830986,0.9860966422066364,2
0.6508918888453927,-0.993932084149107,1.328474988294858,0.9829463743659811,0.15908825032734747,-1.0439655927422493,1.375517072597003,-0.006069151494834045,-0.45913057123155654,-1.10197128209058,0.34365317279289903,-0.03630627579744978,-1.426817389643692,-1.0855283759674152,-0.310171078630422,-0.4057118003557487,0.9133031910571687,-1.7868609675630667,0.9940178924830986,0.9860966422066364,0
-1.6629489346828619,1.016267636601896,-1.135697082363083,0.9829463743659811,1.7718583477805439,-1.0439655927422493,0.9896545880485821,-1.3933037788854497,0.9819217478532727,-0.6647678374999909,1.0034144836503964,-1.1384771762787635,-1.4569036179143,-0.5903514301687349,-0.7849832923777195,0.2831028012669145,-0.5512038300808045,0.5596406313378746,-1.0060181084889308,-1.0140993866100703,0
0.3722259653799958,1.016267636601896,-1.135697082363083,0.9829463743659811,-0.3017032060878515,-1.0439655927422493,0.7691617397351987,-0.6996864651901419,-1.5045999007636874,1.0840459408623657,0.34365317279289903,0.9824692804756664,1.192998795150785,-1.6387987064687342,1.1142655626114704,-1.3241312691859664,0.18104968048818207,0.5596406313378746,-1.0060181084889308,0.9860966422066364,0
-0.6259462358854012,1.016267636601896,-1.2589056858959802,-1.02762575501898,2.4630455324033425,-1.0439655927422493,1.1550242242836197,1.7279741327434355,-0.26133907645520743,1.5212493854529547,1.4982354667935194,-0.7846104454493846,-1.385159535115158,1.0168988799375964,-0.07276497175677328,0.053497934059360104,-0.5512038300808045,0.5596406313378746,-1.0060181084889308,-1.0140993866100703,2
0.07071857277809097,1.016267636601896,0.9588491776961667,-1.02762575501898,-0.9928903907106499,-1.0439655927422493,1.430640284675349,-0.006069151494834045,-1.024249127735411,0.2096390516811874,-1.4706904320652185,1.9539123440900759,1.0749682073199385,1.0832913195977547,0.16464113511687545,-0.4057118003557487,0.9133031910571687,-1.7868609675630667,-1.0060181084889308,0.9860966422066364,3
-0.7310169939133377,-0.993932084149107,-1.2589056858959802,0.9829463743659811,1.5414626195729444,-1.0439655927422493,-1.0499042588502143,-0.6996864651901419,0.5298269026501891,-1.539174726681169,0.838474155936022,-0.8341968663299346,-1.577248530996732,-1.0108368813497373,-1.0223893992513682,-0.4057118003557487,1.0963665686994153,0.5596406313378746,-1.0060181084889308,-1.0140993866100703,0
1.6536323839380913,1.016267636601896,-0.6428626682314948,-1.02762575501898,2.6934412606109417,0.9578859753157553,0.10768319479504852,-1.3933037788854497,0.47331504699980353,-1.10197128209058,1.1683548113647708,1.106435332677041,1.2994577567237056,-1.3003816876454275,1.351671669485119,-0.8649215347708576,-1.6495840959342845,0.5596406313378746,-1.0060181084889308,0.9860966422066364,1
1.6856104407292025,-0.993932084149107,-0.2732368576328036,0.9829463743659811,-0.532098934295451,-1.0439655927422493,-0.05768644143998903,-0.3528778083424879,0.9254098922028873,1.5212493854529547,-0.6459887934933469,1.1267206866736297,0.24181111674925673,0.4765381904813083,-1.0223893992513682,-0.8649215347708576,-0.7342672077230512,-1.7868609675630667,-1.0060181084889308,-1.0140993866100703,3
1.4663323370187262,-0.993932084149107,0.8356405741632701,-1.02762575501898,-0.07130747788025202,-1.0439655927422493,1.044777800126928,-0.6996864651901419,0.5015709748249962,0.2096390516811874,-0.4810484657789726,-0.3789033655176127,0.6977331913115464,-0.8254913206317955,-0.07276497175677328,-1.3241312691859664,0.5471764357726754,0.5596406313378746,-1.0060181084889308,-1.0140993866100703,1
-1.2700756655349252,-0.993932084149107,-1.012488478830186,-1.02762575501898,0.15908825032734747,-1.0439655927422493,-0.7191649863801393,1.3811654758957816,0.9254098922028873,-0.22756439290940172,1.1683548113647708,0.6962203963015828,1.6975216999963647,0.45901796334876654,0.8768594557378216,-0.6353166675633032,-1.1003939630075446,-1.7868609675630667,-1.0060181084889308,0.9860966422066364,2
-1.0667865902200044,-0.993932084149107,1.328474988294858,0.9829463743659811,0.6198797067425464,-1.0439655927422493,-1.4357667433986352,-1.3933037788854497,-1.1372728390361821,-1.10197128209058,0.013772517364150388,0.21613368504898609,0.5079585206815579,-1.1021264858824549,0.16464113511687545,0.053497934059360104,1.279429946341662,-1.7868609675630667,0.9940178924830986,0.9860966422066364,0
-1.605845261841592,0.0,-0.15002825409990672,-1.02762575501898,-0.9928903907106499,0.9578859753157553,1.1550242242836197,0.6875481622004737,-0.1483153651544365,-0.6647678374999909,-1.635630759779593,-0.22112838998859033,-1.264814622032726,-0.842089430546835,0.6394533488641729,0.9719174028895778,-0.7342672077230512,0.5596406313378746,-1.0060181084889308,0.9860966422066364,0
1.0391968641660276,-0.993932084149107,0.3428061600316817,-1.02762575501898,-0.9928903907106499,-1.0439655927422493,1.1550242242836197,1.7279741327434355,1.2927369539303928,0.6468424962717766,-1.635630759779593,1.2371631695439453,-0.10070902048535689,-0.43451362041086344,-1.259795506125017,-0.1761069331481943,-0.9173305853652978,0.5596406313378746,-1.0060181084889308,-1.0140993866100703,2
0.8998639024333293,-0.993932084149107,0.2195975564987845,0.9829463743659811,-0.3017032060878515,0.9578859753157553,0.05255998271670267,1.3811654758957816,-0.826457632959062,-1.10197128209058,1.4982354667935194,-1.1249536069477044,-0.7996352464640955,-1.4875714827983737,-0.7849832923777195,-1.3241312691859664,-0.7342672077230512,0.5596406313378746,0.9940178924830986,-1.0140993866100703,0
0.3014174110568212,-0.993932084149107,-1.2589056858959802,-1.02762575501898,-0.07130747788025202,-1.0439655927422493,1.0999010122052737,-0.006069151494834045,0.7558743252517308,-0.22756439290940172,1.4982354667935194,-0.3924269348486718,-1.3620162825993056,0.8389302569596722,0.16464113511687545,0.053497934059360104,-0.5512038300808045,-1.7868609675630667,-1.0060181084889308,-1.0140993866100703,2
-1.57158305813683,1.016267636601896,1.574892195360652,-1.02762575501898,-0.9928903907106499,0.9578859753157553,1.2101474363619655,-1.3933037788854497,0.8971539643776945,1.0840459408623657,0.838474155936022,-1.0731132578453113,1.537833257636984,-0.6548996353938888,-1.4972016129986656,-1.094526401978412,1.4624933239839086,0.5596406313378746,-1.0060181084889308,0.9860966422066364,0
-0.041204625990797945,-0.993932084149107,-1.2589056858959802,-1.02762575501898,-0.7624946625030504,0.9578859753157553,-0.22305607767502658,-0.006069151494834045,-0.03529165385366558,-1.539174726681169,-0.4810484657789726,2.8171668530560128,1.6766927727320975,0.2893483953283621,0.16464113511687545,1.2015222700971322,-0.18507707479631122,0.5596406313378746,0.9940178924830986,0.9860966422066364,3
-0.5460010939076234,1.016267636601896,-1.2589056858959802,-1.02762575501898,1.7718583477805439,-1.0439655927422493,1.706256345067078,0.6875481622004737,1.0949454591540435,1.5212493854529547,1.333295139079145,2.0102605496361554,1.1791128436412737,1.4936334813862329,-0.310171078630422,-1.094526401978412,-0.7342672077230512,-1.7868609675630667,-1.0060181084889308,0.9860966422066364,3
1.7061677629520595,-0.993932084149107,1.4516835918277553,0.9829463743659811,-0.3017032060878515,0.9578859753157553,1.761379557145424,-1.0464951220377958,0.6145946861257672,-0.22756439290940172,1.6631757945078938,-0.9221000669818185,0.621360458009234,-0.6890179724414701,-1.7346077198723144,-0.6353166675633032,0.7302398134149221,0.5596406313378746,0.9940178924830986,0.9860966422066364,1
-0.27418761118317897,-0.993932084149107,-1.2589056858959802,0.9829463743659811,-0.9928903907106499,0.9578859753157553,-0.4986721380667558,-0.3528778083424879,0.6711065417761527,-0.22756439290940172,-1.4706904320652185,0.39644794279644024,-0.7788063191998285,1.2870792246657405,-1.259795506125017,-0.4057118003557487,-0.7342672077230512,0.5596406313378746,-1.0060181084889308,-1.0140993866100703,3
1.0506175987342816,-0.993932084149107,-1.2589056858959802,0.9829463743659811,-0.7624946625030504,-1.0439655927422493,1.4857634967536948,-0.006069151494834045,-1.2220406225117602,-0.22756439290940172,-1.14080977663647,-0.4036965759578877,1.1953131204023704,1.541583576696347,1.1142655626114704,0.9719174028895778,0.18104968048818207,-1.7868609675630667,0.9940178924830986,0.9860966422066364,3
-0.3198705494561948,-0.993932084149107,-1.2589056858959802,-1.02762575501898,2.0022540759881435,0.9578859753157553,1.5960099209103864,-0.6996864651901419,0.16249984092268352,-0.6647678374999909,1.6631757945078938,-0.5682333361524396,-0.3599134486629023,-0.39209622840576236,1.1142655626114704,0.9719174028895778,-1.4665207182920377,0.5596406313378746,0.9940178924830986,0.9860966422066364,1
0.769667528355234,-0.993932084149107,1.328474988294858,-1.02762575501898,0.6198797067425464,-1.0439655927422493,1.430640284675349,-1.0464951220377958,-1.4198321172881094,-0.6647678374999909,1.0034144836503964,-0.5524558385995374,-1.436074690650033,-1.6489419958612583,0.40204724199052416,0.5127076684744689,0.3641130581304287,0.5596406313378746,0.9940178924830986,0.9860966422066364,0
-0.6602084395901632,1.016267636601896,-1.2589056858959802,-1.02762575501898,1.0806711631577455,-1.0439655927422493,1.2652706484403113,-1.3933037788854497,0.44505911917461083,0.2096390516811874,0.013772517364150388,0.2905133163698109,-0.9454377373139649,-0.94905502777709,0.40204724199052416,1.4311271373046865,0.3641130581304287,-1.7868609675630667,0.9940178924830986,-1.0140993866100703,0
-0.36098519390190914,1.016267636601896,1.205266384761961,0.9829463743659811,2.0022540759881435,-1.0439655927422493,0.9345313759702363,1.7279741327434355,-1.1655287668613747,-0.6647678374999909,1.1683548113647708,-0.813911512333346,-1.6952791188275784,-1.6590852852537825,-0.7849832923777195,-1.094526401978412,-0.9173305853652978,-1.7868609675630667,-1.0060181084889308,0.9860966422066364,0
-1.4459549778860363,-0.993932084149107,1.205266384761961,-1.02762575501898,-0.7624946625030504,0.9578859753157553,1.1550242242836197,-1.0464951220377958,0.16249984092268352,-0.22756439290940172,-1.3057501043508444,-0.4059505041797309,-0.2303112345741296,-0.8310240239368086,1.5890777763587678,1.4311271373046865,-0.7342672077230512,0.5596406313378746,-1.0060181084889308,-1.0140993866100703,0
-1.6835062569057189,-0.993932084149107,-0.026819650567009547,0.9829463743659811,0.6198797067425464,-1.0439655927422493,0.27305283103008604,-1.0464951220377958,1.6600640156578983,-1.10197128209058,0.34365317279289903,0.1349922690626317,1.29251478096895,-0.4382020892808723,-1.4972016129986656,-1.094526401978412,0.5471764357726754,-1.7868609675630667,0.9940178924830986,-1.0140993866100703,1
-0.6442194111946076,1.016267636601896,-1.012488478830186,-1.02762575501898,-0.9928903907106499,0.9578859753157553,-1.546013167555327,-1.3933037788854497,0.5580828304753818,-1.10197128209058,-1.635630759779593,-1.3683778549067676,0.9962811487660408,-0.20859490212282492,-0.07276497175677328,-0.4057118003557487,-1.4665207182920377,0.5596406313378746,0.9940178924830986,-1.0140993866100703,1
0.9569675752745991,1.016267636601896,-0.15002825409990672,0.9829463743659811,-0.9928903907106499,0.9578859753157553,0.3281760431084319,-0.6996864651901419,0.5298269026501891,0.2096390516811874,-1.635630759779593,-1.3390767880228063,-1.1861275634788284,0.44703043952123794,-0.07276497175677328,1.2015222700971322,1.4624933239839086,0.5596406313378746,-1.0060181084889308,-1.0140993866100703,2
1.0095029542885674,1.016267636601896,1.205266384761961,0.9829463743659811,0.38948397853494693,-1.0439655927422493,-0.7742881984584851,-0.6996864651901419,0.7558743252517308,-1.539174726681169,-0.4810484657789726,0.46181186122989243,-0.570517046557158,0.1298221167004818,-1.7346077198723144,-0.6353166675633032,1.6455567016261552,0.5596406313378746,0.9940178924830986,0.9860966422066364,2
1.6993153222111073,1.016267636601896,-1.2589056858959802,0.9829463743659811,-0.3017032060878515,-1.0439655927422493,0.6037921035001611,1.7279741327434355,-1.5045999007636874,0.6468424962717766,0.013772517364150388,-0.6674061779135394,-1.3319300543286978,0.6001018976266028,-0.7849832923777195,-0.4057118003557487,-1.4665207182920377,-1.7868609675630667,0.9940178924830986,0.9860966422066364,2
1.1739615320714245,-0.993932084149107,-0.3964454611657008,-1.02762575501898,0.8502754349501459,0.9578859753157553,-1.1050274709285601,1.3811654758957816,-0.7699457773086765,1.0840459408623657,1.1683548113647708,-0.5817569054834987,0.7949348518781261,-0.6263140016513207,1.1142655626114704,2.3495466061349046,0.18104968048818207,0.5596406313378746,0.9940178924830986,0.9860966422066364,1
0.8975797555196784,1.016267636601896,-0.15002825409990672,-1.02762575501898,-0.9928903907106499,-1.0439655927422493,0.49354567934346943,-1.3933037788854497,-0.2330831486300147,-0.22756439290940172,-1.4706904320652185,0.13724619728447487,0.8597359589225124,0.4516410256087489,-1.7346077198723144,-0.4057118003557487,0.7302398134149221,0.5596406313378746,-1.0060181084889308,-1.0140993866100703,2
1.62165432714698,1.016267636601896,-0.15002825409990672,-1.02762575501898,0.6198797067425464,-1.0439655927422493,1.375517072597003,-0.6996864651901419,0.13424391309749079,1.0840459408623657,0.17871284507852472,0.6894586116360534,-0.17013877803291372,-1.6304996515112145,-1.7346077198723144,-0.6353166675633032,1.4624933239839086,-1.7868609675630667,-1.0060181084889308,-1.0140993866100703,0
1.0437651579933294,-0.993932084149107,0.2195975564987845,-1.02762575501898,-0.7624946625030504,-1.0439655927422493,-1.0499042588502143,1.3811654758957816,-1.2220406225117602,-0.6647678374999909,-1.3057501043508444,-1.0505739756268795,-1.1097548301765159,-1.4765060761883473,-1.7346077198723144,-1.3241312691859664,-1.2834573406497911,-1.7868609675630667,0.9940178924830986,0.9860966422066364,0
-1.2586549309666712,-0.993932084149107,1.205266384761961,0.9829463743659811,-0.9928903907106499,-1.0439655927422493,1.375517072597003,1.0343568190481278,-0.26133907645520743,1.0840459408623657,-1.14080977663647,-0.4938537048316148,1.6489208697130748,1.494555598603735,1.1142655626114704,-1.094526401978412,-1.2834573406497911,-1.7868609675630667,0.9940178924830986,-1.0140993866100703,3
-0.3084498148879409,-0.993932084149107,-2.7357805694826946e-16,-1.02762575501898,-0.7624946625030504,0.9578859753157553,1.5408867088320406,-0.3528778083424879,1.6600640156578983,-1.10197128209058,0.5085935005072734,0.017788001526786473,0.37372765608961467,-0.8254913206317955,-1.4972016129986656,-1.3241312691859664,-1.4665207182920377,0.5596406313378746,0.9940178924830986,0.9860966422066364,0
-0.26733517044222654,-0.993932084149107,1.574892195360652,-1.02762575501898,-0.9928903907106499,-1.0439655927422493,-0.22305607767502658,0.34073950535281977,1.2362250982800074,-0.6647678374999909,-0.9758694489220956,2.1026716067317257,1.6466065444614897,-0.6659650420039152,0.40204724199052416,0.9719174028895778,-1.4665207182920377,-1.7868609675630667,0.9940178924830986,-1.0140993866100703,1
-1.6789379630784174,1.016267636601896,-1.2589056858959802,0.9829463743659811,-0.532098934295451,0.9578859753157553,0.7691617397351987,1.3811654758957816,0.8971539643776945,0.2096390516811874,0.6735338282216478,-0.8229272252207187,1.2577999021951713,-0.036158982449913876,0.16464113511687545,-0.1761069331481943,-0.5512038300808045,0.5596406313378746,-1.0060181084889308,-1.0140993866100703,1
-0.19424246920540114,-0.993932084149107,-1.2589056858959802,-1.02762575501898,1.7718583477805439,0.9578859753157553,-0.9947810467718684,0.6875481622004737,0.44505911917461083,1.0840459408623657,0.6735338282216478,-0.8882911436541708,1.271685853704683,-1.4174905742682067,-1.0223893992513682,-0.6353166675633032,-1.2834573406497911,0.5596406313378746,0.9940178924830986,0.9860966422066364,0
1.1145737123165038,-0.993932084149107,0.7124319706303729,-1.02762575501898,-0.532098934295451,0.9578859753157553,1.706256345067078,0.34073950535281977,-1.561111756414073,1.0840459408623657,-0.31610813806459825,1.8434698612197602,1.7137219767574612,0.30686862246090385,1.5890777763587678,1.6607320045122411,-0.7342672077230512,0.5596406313378746,-1.0060181084889308,0.9860966422066364,3
0.9935139258930118,-0.993932084149107,1.574892195360652,0.9829463743659811,-0.9928903907106499,0.9578859753157553,1.0999010122052737,-1.0464951220377958,-1.448088045113302,-0.6647678374999909,-0.4810484657789726,1.7735980863426217,0.9199084154637283,-0.08687542941253477,-1.259795506125017,-1.3241312691859664,-0.9173305853652978,0.5596406313378746,-1.0060181084889308,-1.0140993866100703,2
1.6193701802333293,-0.993932084149107,1.574892195360652,0.9829463743659811,0.15908825032734747,0.9578859753157553,-0.7742881984584851,-1.0464951220377958,-0.1483153651544365,-1.10197128209058,0.6735338282216478,-0.3789033655176127,-1.5749342057451465,-1.2063257314602034,0.8768594557378216,-0.8649215347708576,-1.4665207182920377,0.5596406313378746,-1.0060181084889308,-1.0140993866100703,0
-0.04805706673175033,1.016267636601896,1.574892195360652,0.9829463743659811,-0.3017032060878515,-1.0439655927422493,0.38329925518677777,1.0343568190481278,0.2755235522234544,1.0840459408623657,0.6735338282216478,1.0748803375712366,1.1443979648674953,-0.4216039793658327,-0.5475771855040708,-1.3241312691859664,0.18104968048818207,-1.7868609675630667,-1.0060181084889308,-1.0140993866100703,1
-1.617265996409846,-0.993932084149107,-0.5196540646985977,-1.02762575501898,1.311066891365345,-1.0439655927422493,1.706256345067078,0.6875481622004737,1.377504737405971,1.0840459408623657,0.6735338282216478,-1.1272075351695476,1.507747029366376,0.7688493484295051,1.1142655626114704,-1.094526401978412,1.4624933239839086,-1.7868609675630667,0.9940178924830986,-1.0140993866100703,2
-0.41580471982952816,-0.993932084149107,0.7124319706303729,-1.02762575501898,-0.07130747788025202,-1.0439655927422493,-1.490889955476981,-0.006069151494834045,0.38854726352422536,0.2096390516811874,0.5085935005072734,-0.5163929870500465,-0.45480078397789664,1.4576709099036471,-1.4972016129986656,-0.4057118003557487,0.3641130581304287,0.5596406313378746,-1.0060181084889308,-1.0140993866100703,3
-1.5144793852955603,-0.993932084149107,-0.3964454611657008,-1.02762575501898,-0.7624946625030504,-1.0439655927422493,-0.11280965351833487,1.0343568190481278,0.6145946861257672,1.5212493854529547,-0.8109291212077213,0.45505007656436286,-0.8297214747347035,0.6231548280641578,-0.310171078630422,0.053497934059360104,0.9133031910571687,-1.7868609675630667,0.9940178924830986,0.9860966422066364,2
1.6467799431971388,1.016267636601896,0.7124319706303729,-1.02762575501898,-0.7624946625030504,-1.0439655927422493,-1.3806435313202894,-1.0464951220377958,0.6993624696013454,1.0840459408623657,-0.15116781035022395,0.5023825692230696,-0.8667506787600671,1.5203748806937967,-0.310171078630422,0.7423125356820234,-0.9173305853652978,-1.7868609675630667,0.9940178924830986,0.9860966422066364,3
-5.193548790090959e-16,1.016267636601896,0.2195975564987845,0.9829463743659811,-0.3017032060878515,0.9578859753157553,-0.5537953501451016,-1.3933037788854497,-1.4763439729384948,-1.539174726681169,-0.8109291212077213,-0.115193763561961,-0.37842805067558416,-0.06843308506249081,-1.259795506125017,-0.8649215347708576,1.0963665686994153,0.5596406313378746,0.9940178924830986,-1.0140993866100703,1
-1.1901305235571473,-0.993932084149107,-1.012488478830186,0.9829463743659811,-0.9928903907106499,0.9578859753157553,-0.6089185622234475,1.0343568190481278,-1.4763439729384948,-1.539174726681169,-0.4810484657789726,-0.2864923084220425,-0.9755239655845728,-0.34137978144314146,1.1142655626114704,1.2015222700971322,-0.36814045243855786,0.5596406313378746,-1.0060181084889308,0.9860966422066364,1
-0.8566450741641315,-0.993932084149107,0.2195975564987845,-1.02762575501898,-0.3017032060878515,0.9578859753157553,0.16280640687339437,-0.6996864651901419,-1.052505055560604,-0.6647678374999909,-0.4810484657789726,0.04032728374521825,1.2809431547110237,-0.20306219881781173,-0.07276497175677328,0.5127076684744689,0.3641130581304287,0.5596406313378746,0.9940178924830986,0.9860966422066364,1
-1.5807196457914332,-0.993932084149107,0.46601476356457855,0.9829463743659811,-0.7624946625030504,-1.0439655927422493,0.27305283103008604,-0.3528778083424879,0.38854726352422536,0.2096390516811874,-0.9758694489220956,-0.6178197570329895,-1.6443639632927034,0.535553692401449,1.1142655626114704,-0.6353166675633032,-0.18507707479631122,0.5596406313378746,0.9940178924830986,-1.0140993866100703,1
-1.4071244803539729,1.016267636601896,-0.7660712717643918,-1.02762575501898,-0.7624946625030504,0.9578859753157553,-1.6011363796336728,-1.3933037788854497,-1.0807609833857965,1.5212493854529547,-0.4810484657789726,2.488093332666909,1.2253993486729782,1.302755217363278,0.8768594557378216,1.6607320045122411,-1.4665207182920377,0.5596406313378746,-1.0060181084889308,0.9860966422066364,3
1.2653274086174562,-0.993932084149107,-1.012488478830186,0.9829463743659811,1.5414626195729444,-1.0439655927422493,-0.2781792897533724,-0.3528778083424879,0.38854726352422536,0.2096390516811874,0.5085935005072734,-0.1332251893367064,-1.2254710927557773,-0.6954727929639856,0.8768594557378216,-0.6353166675633032,1.4624933239839086,0.5596406313378746,-1.0060181084889308,0.9860966422066364,1
1.0985846839209483,1.016267636601896,-1.012488478830186,0.9829463743659811,-0.9928903907106499,-1.0439655927422493,-0.7191649863801393,-1.3933037788854497,-0.09180350950405104,-1.10197128209058,-1.14080977663647,-0.5321704846029488,-1.4013598118762545,-0.8319461411543109,0.16464113511687545,-0.8649215347708576,-0.7342672077230512,-1.7868609675630667,-1.0060181084889308,-1.0140993866100703,1
-0.9754207136739728,-0.993932084149107,-1.2589056858959802,0.9829463743659811,-0.7624946625030504,-1.0439655927422493,1.761379557145424,1.7279741327434355,-0.9677372720850257,-0.22756439290940172,-0.4810484657789726,-1.3751396395722972,0.13303782992475105,0.9016342277498216,-1.4972016129986656,-1.3241312691859664,-1.6495840959342845,-1.7868609675630667,-1.0060181084889308,-1.0140993866100703,2
-0.5916840321806394,1.016267636601896,-1.2589056858959802,-1.02762575501898,-0.9928903907106499,0.9578859753157553,0.05255998271670267,1.3811654758957816,0.5580828304753818,0.6468424962717766,-1.635630759779593,0.8179325202811144,1.172169867886518,0.13258846835298838,-1.259795506125017,-0.1761069331481943,-1.2834573406497911,0.5596406313378746,0.9940178924830986,-1.0140993866100703,2
-1.361441542080957,-0.993932084149107,-0.6428626682314948,-1.02762575501898,1.0806711631577455,0.9578859753157553,-0.7742881984584851,-1.0464951220377958,1.3209928817555854,1.5212493854529547,0.34365317279289903,-0.45779085328212393,-0.3992569779398512,0.4829930110038237,-1.259795506125017,-0.1761069331481943,1.279429946341662,0.5596406313378746,0.9940178924830986,0.9860966422066364,1
1.5668348012193611,-0.993932084149107,1.8213094024264462,0.9829463743659811,-0.9928903907106499,0.9578859753157553,-0.8845346226151768,1.0343568190481278,0.9819217478532727,1.5212493854529547,0.17871284507852472,0.761584314735035,-0.38074237592716936,0.04498733269027956,-1.259795506125017,-0.6353166675633032,1.4624933239839086,0.5596406313378746,0.9940178924830986,-1.0140993866100703,2
0.38593084686190054,1.016267636601896,1.205266384761961,-1.02762575501898,-0.3017032060878515,-1.0439655927422493,-0.002563229361643179,-1.3933037788854497,0.3037794800486472,-0.22756439290940172,-0.6459887934933469,0.5181600667759718,-0.6237465273436182,0.9569612607999535,1.5890777763587678,2.8087563405500133,-1.4665207182920377,0.5596406313378746,-1.0060181084889308,-1.0140993866100703,3
0.6463235950180911,1.016267636601896,-1.012488478830186,0.9829463743659811,-0.07130747788025202,-1.0439655927422493,-0.22305607767502658,-1.0464951220377958,-0.45913057123155654,-1.539174726681169,-0.8109291212077213,0.6917125398578965,-0.14005254976230574,-0.6973170273989899,0.40204724199052416,-0.1761069331481943,1.0963665686994153,0.5596406313378746,-1.0060181084889308,0.9860966422066364,1
-1.4893537692454015,1.016267636601896,1.205266384761961,-1.02762575501898,2.6934412606109417,0.9578859753157553,1.044777800126928,0.34073950535281977,-0.826457632959062,-1.539174726681169,1.1683548113647708,-0.9040686412070731,0.2533827430071829,0.5733604983190391,-0.5475771855040708,-0.4057118003557487,-0.7342672077230512,0.5596406313378746,-1.0060181084889308,0.9860966422066364,2
1.644495796283488,-0.993932084149107,-1.2589056858959802,0.9829463743659811,0.15908825032734747,-1.0439655927422493,-0.7742881984584851,0.6875481622004737,1.4340165930563564,0.6468424962717766,1.6631757945078938,-1.3075217929170018,-0.45480078397789664,-1.3879828233081364,-1.259795506125017,-0.4057118003557487,-0.5512038300808045,0.5596406313378746,0.9940178924830986,0.9860966422066364,0
1.445775014795869,-0.993932084149107,-1.2589056858959802,0.9829463743659811,-0.3017032060878515,-1.0439655927422493,-0.8294114105368309,0.6875481622004737,-1.448088045113302,0.6468424962717766,-0.6459887934933469,2.488093332666909,1.192998795150785,-1.2911605154704056,1.1142655626114704,-0.6353166675633032,-0.36814045243855786,0.5596406313378746,-1.0060181084889308,0.9860966422066364,1
-0.4477827766206393,1.016267636601896,-1.2589056858959802,-1.02762575501898,0.6198797067425464,-1.0439655927422493,0.5486688914218153,-1.3933037788854497,-0.826457632959062,-0.6647678374999909,-0.31610813806459825,0.15978547950290664,0.8666789346772681,-1.1178024785799923,0.8768594557378216,0.7423125356820234,-0.9173305853652978,-1.7868609675630667,0.9940178924830986,-1.0140993866100703,0
1.301873759235869,-0.993932084149107,-1.2589056858959802,-1.02762575501898,0.38948397853494693,-1.0439655927422493,-0.4986721380667558,0.6875481622004737,-0.48738649905674925,0.6468424962717766,1.4982354667935194,-0.47807620727871253,0.947680318482751,0.6084009525841226,-0.07276497175677328,0.053497934059360104,1.6455567016261552,0.5596406313378746,0.9940178924830986,0.9860966422066364,3
1.0597541863888849,1.016267636601896,-1.2589056858959802,-1.02762575501898,0.15908825032734747,0.9578859753157553,-0.4986721380667558,-1.0464951220377958,-1.3633202616377238,0.6468424962717766,-0.4810484657789726,-1.1520007456098227,-1.690650468324408,-1.2275344274627538,-1.259795506125017,-0.6353166675633032,1.0963665686994153,0.5596406313378746,0.9940178924830986,-1.0140993866100703,0
-0.329007137110798,1.016267636601896,-1.2589056858959802,-1.02762575501898,-0.07130747788025202,-1.0439655927422493,0.7140385276568528,-0.006069151494834045,1.6035521600075127,-1.539174726681169,-0.8109291212077213,-1.0505739756268795,-0.010450335673533035,-1.442387739140766,-0.7849832923777195,-1.094526401978412,-0.18507707479631122,0.5596406313378746,0.9940178924830986,-1.0140993866100703,0
0.39963572834380534,-0.993932084149107,1.328474988294858,-1.02762575501898,-0.7624946625030504,-1.0439655927422493,-0.2781792897533724,0.34073950535281977,-0.09180350950405104,-0.22756439290940172,1.6631757945078938,0.3581311630251063,0.7231907690789839,-1.6710728090813112,-1.7346077198723144,-0.8649215347708576,-0.5512038300808045,-1.7868609675630667,-1.0060181084889308,0.9860966422066364,0
0.9592517221882498,1.016267636601896,1.205266384761961,-1.02762575501898,-0.532098934295451,-1.0439655927422493,0.49354567934346943,-1.3933037788854497,-1.4763439729384948,1.0840459408623657,1.333295139079145,0.31981438325377226,0.6097888317513078,-1.456219497403299,-0.07276497175677328,-1.3241312691859664,-0.36814045243855786,-1.7868609675630667,0.9940178924830986,0.9860966422066364,0
0.6874382394638053,-0.993932084149107,-1.012488478830186,0.9829463743659811,-0.7624946625030504,-1.0439655927422493,1.5408867088320406,1.0343568190481278,1.6035521600075127,1.0840459408623657,0.34365317279289903,0.13273834084078853,-0.9940385675972546,-0.49168488789599973,1.5890777763587678,-1.3241312691859664,-1.6495840959342845,0.5596406313378746,-1.0060181084889308,0.9860966422066364,1
0.23517715056094815,-0.993932084149107,-0.6428626682314948,-1.02762575501898,-0.9928903907106499,0.9578859753157553,-0.05768644143998903,0.34073950535281977,-1.5328558285888803,1.0840459408623657,-1.4706904320652185,0.7796157405097804,0.8944508376962907,0.5733604983190391,0.6394533488641729,-0.1761069331481943,-0.18507707479631122,0.5596406313378746,0.9940178924830986,-1.0140993866100703,3
-0.11429732722762335,1.016267636601896,0.9588491776961667,-1.02762575501898,2.0022540759881435,-1.0439655927422493,-1.3255203192419436,-0.006069151494834045,1.6318080878327055,-0.6647678374999909,0.6735338282216478,-0.5997883312582442,-0.7394627899228796,-1.1353227057125341,-0.7849832923777195,0.053497934059360104,0.3641130581304287,0.5596406313378746,0.9940178924830986,-1.0140993866100703,0
-1.6469599062873062,1.016267636601896,1.082057781229064,-1.02762575501898,-0.9928903907106499,0.9578859753157553,1.6511331329887322,0.34073950535281977,-0.3461068599307856,0.6468424962717766,-1.635630759779593,-0.3518562268554946,-1.2532429957748,0.3594293038585291,0.8768594557378216,1.4311271373046865,-0.7342672077230512,0.5596406313378746,0.9940178924830986,0.9860966422066364,1
0.47958087032158314,-0.993932084149107,-0.8892798752972889,0.9829463743659811,-0.3017032060878515,0.9578859753157553,-1.2152738950852517,-1.0464951220377958,0.10598798527229807,-1.539174726681169,0.34365317279289903,1.967435913421135,1.4614605243346714,-1.0071484124797285,-0.5475771855040708,-1.3241312691859664,-0.5512038300808045,0.5596406313378746,0.9940178924830986,0.9860966422066364,1
-1.6515282001146079,-0.993932084149107,-0.5196540646985977,0.9829463743659811,-0.9928903907106499,0.9578859753157553,0.38329925518677777,-0.3528778083424879,-1.3915761894629166,0.2096390516811874,-0.4810484657789726,0.4730815023391083,0.34595575307059195,-1.2035593798076967,-1.0223893992513682,-1.3241312691859664,-0.18507707479631122,0.5596406313378746,0.9940178924830986,0.9860966422066364,0
0.7536784999596784,-0.993932084149107,-0.8892798752972889,0.9829463743659811,0.8502754349501459,-1.0439655927422493,1.4857634967536948,1.3811654758957816,-0.826457632959062,-0.6647678374999909,1.0034144836503964,1.3881763604074384,0.30429789854205785,1.4272410417260746,0.6394533488641729,-0.8649215347708576,0.7302398134149221,0.5596406313378746,-1.0060181084889308,0.9860966422066364,3
0.1666527431514243,1.016267636601896,-0.8892798752972889,0.9829463743659811,-0.9928903907106499,-1.0439655927422493,-0.44354892598840995,1.3811654758957816,0.44505911917461083,0.6468424962717766,-1.635630759779593,-1.1948253818248429,1.2485426011888305,1.5757019137439285,0.40204724199052416,1.6607320045122411,1.0963665686994153,-1.7868609675630667,0.9940178924830986,-1.0140993866100703,3
1.4937420999825357,1.016267636601896,-1.2589056858959802,0.9829463743659811,-0.7624946625030504,-1.0439655927422493,-0.4986721380667558,-1.3933037788854497,1.0949454591540435,1.5212493854529547,-1.14080977663647,1.257448523540534,0.41769983586973397,-0.5921956646037394,0.6394533488641729,0.2831028012669145,1.0963665686994153,-1.7868609675630667,0.9940178924830986,-1.0140993866100703,2
-0.3724059284701631,-0.993932084149107,1.205266384761961,-1.02762575501898,-0.3017032060878515,-1.0439655927422493,-0.9947810467718684,-1.0464951220377958,-0.9959931999102184,0.2096390516811874,-0.9758694489220956,-0.22563624643227667,0.112208902660484,-0.0748879055850062,-1.259795506125017,-0.1761069331481943,0.5471764357726754,-1.7868609675630667,-1.0060181084889308,-1.0140993866100703,1
-1.6195501433234967,1.016267636601896,1.328474988294858,-1.02762575501898,-0.7624946625030504,-1.0439655927422493,0.4384224672651236,1.3811654758957816,-0.6286661381827129,0.6468424962717766,-1.3057501043508444,0.38968615813091073,-0.3737994001724137,-0.8254913206317955,0.8768594557378216,1.2015222700971322,-1.6495840959342845,-1.7868609675630667,0.9940178924830986,-1.0140993866100703,0
-0.4454986297069885,1.016267636601896,1.574892195360652,0.9829463743659811,0.6198797067425464,-1.0439655927422493,0.05255998271670267,0.34073950535281977,-0.3178509321055929,-0.22756439290940172,0.5085935005072734,-1.3593621420193949,0.024264543100245374,-0.28420851395800517,1.1142655626114704,2.3495466061349046,0.7302398134149221,0.5596406313378746,-1.0060181084889308,0.9860966422066364,1
0.20776738759713861,-0.993932084149107,-0.5196540646985977,-1.02762575501898,1.5414626195729444,-1.0439655927422493,0.27305283103008604,0.6875481622004737,-0.40261871558117107,1.0840459408623657,1.6631757945078938,1.0320557013562164,0.8921365124447056,0.038532512167764175,-0.5475771855040708,-1.094526401978412,-1.2834573406497911,0.5596406313378746,-1.0060181084889308,-1.0140993866100703,2
1.3635457259044403,-0.993932084149107,-0.5196540646985977,0.9829463743659811,-0.9928903907106499,-1.0439655927422493,-0.9947810467718684,0.6875481622004737,-1.024249127735411,0.2096390516811874,-1.4706904320652185,-1.0753671860671545,-0.4247145557072887,0.3179340290709302,1.351671669485119,0.053497934059360104,-0.7342672077230512,0.5596406313378746,0.9940178924830986,0.9860966422066364,2
1.146551769107615,1.016267636601896,-1.2589056858959802,-1.02762575501898,-0.7624946625030504,0.9578859753157553,1.2652706484403113,-1.3933037788854497,-0.007035726028472855,0.2096390516811874,-1.14080977663647,0.16654726416843618,-1.1490983594534647,0.4156784541261632,0.16464113511687545,0.9719174028895778,-0.7342672077230512,0.5596406313378746,0.9940178924830986,0.9860966422066364,2
1.4389225740549167,-0.993932084149107,1.328474988294858,-1.02762575501898,-0.9928903907106499,0.9578859753157553,-0.11280965351833487,-0.3528778083424879,0.3320354078738399,-1.539174726681169,0.5085935005072734,-1.0866368271763704,-0.8736936545148227,-0.6908622068764746,0.6394533488641729,-0.6353166675633032,1.4624933239839086,0.5596406313378746,-1.0060181084889308,-1.0140993866100703,1
0.21005153451078942,-0.993932084149107,-1.2589056858959802,-1.02762575501898,0.8502754349501459,-1.0439655927422493,1.2652706484403113,1.3811654758957816,0.16249984092268352,-0.6647678374999909,0.838474155936022,1.1650374664449636,0.6468180357766715,-0.3616663602281898,-1.4972016129986656,-0.8649215347708576,-0.002013697154064573,0.5596406313378746,-1.0060181084889308,0.9860966422066364,1
0.9501151345336467,1.016267636601896,-1.2589056858959802,0.9829463743659811,0.38948397853494693,0.9578859753157553,-1.546013167555327,-1.3933037788854497,-0.9959931999102184,-0.6647678374999909,0.34365317279289903,-0.04306806046297931,0.2232965147365749,-1.3381884935630177,-0.5475771855040708,-0.6353166675633032,0.18104968048818207,0.5596406313378746,-1.0060181084889308,-1.0140993866100703,0
-1.448239124799687,0.0,-0.026819650567009547,-1.02762575501898,1.0806711631577455,0.9578859753157553,-0.7742881984584851,1.3811654758957816,0.6145946861257672,-1.10197128209058,0.6735338282216478,-0.712484742350403,-1.3782165593604023,0.16301833653056091,0.6394533488641729,0.7423125356820234,-0.5512038300808045,0.5596406313378746,-1.0060181084889308,-1.0140993866100703,1
0.013614899936821113,1.016267636601896,-1.135697082363083,-1.02762575501898,-0.532098934295451,-1.0439655927422493,-0.11280965351833487,0.6875481622004737,-0.9959931999102184,0.2096390516811874,-1.14080977663647,-0.7102308141285598,0.42232848637290443,0.5088122930938852,1.1142655626114704,0.5127076684744689,-0.7342672077230512,0.5596406313378746,-1.0060181084889308,-1.0140993866100703,2
1.0734590678707896,1.016267636601896,-0.8892798752972889,-1.02762575501898,0.8502754349501459,0.9578859753157553,1.430640284675349,1.0343568190481278,-0.12005943732924378,-1.10197128209058,0.013772517364150388,0.7007282527452692,0.09369430064780218,-0.31648261657058213,1.351671669485119,-0.6353166675633032,1.0963665686994153,0.5596406313378746,-1.0060181084889308,-1.0140993866100703,2
-0.8977597186098457,1.016267636601896,1.328474988294858,-1.02762575501898,-0.9928903907106499,0.9578859753157553,1.430640284675349,-1.3933037788854497,-0.48738649905674925,-0.22756439290940172,0.838474155936022,1.1154510455644138,1.6928930494931942,0.11414612400294442,0.8768594557378216,0.5127076684744689,0.3641130581304287,0.5596406313378746,-1.0060181084889308,-1.0140993866100703,2
0.3745101122936466,1.016267636601896,1.205266384761961,0.9829463743659811,-0.3017032060878515,-1.0439655927422493,1.6511331329887322,1.3811654758957816,-1.4198321172881094,-0.22756439290940172,0.5085935005072734,-0.9649247031968389,0.8597359589225124,-1.1095034236224726,0.40204724199052416,1.6607320045122411,1.279429946341662,0.5596406313378746,-1.0060181084889308,-1.0140993866100703,0
-1.2586549309666712,1.016267636601896,-0.026819650567009547,-1.02762575501898,-0.9928903907106499,-1.0439655927422493,-1.6562595917120186,1.7279741327434355,-1.448088045113302,-0.6647678374999909,-1.3057501043508444,-0.8432125792173073,-0.8852652807727489,-1.5982255488986374,-1.7346077198723144,-0.8649215347708576,-0.5512038300808045,0.5596406313378746,0.9940178924830986,0.9860966422066364,0
-1.0599341494790522,1.016267636601896,1.205266384761961,0.9829463743659811,-0.7624946625030504,0.9578859753157553,-1.2152738950852517,-1.3933037788854497,1.2644810261052,1.0840459408623657,0.6735338282216478,-0.4532829968384376,0.702361841814717,-0.37365388405571837,1.5890777763587678,-0.6353166675633032,1.279429946341662,0.5596406313378746,0.9940178924830986,0.9860966422066364,1
-0.19424246920540114,-0.993932084149107,0.5892233670974757,-1.02762575501898,0.38948397853494693,0.9578859753157553,0.16280640687339437,1.0343568190481278,0.5298269026501891,0.2096390516811874,1.0034144836503964,0.8066628791718986,1.3318583102458987,1.0491729825501734,0.8768594557378216,2.1199417389273503,0.9133031910571687,0.5596406313378746,-1.0060181084889308,-1.0140993866100703,3
-5.193548790090959e-16,-0.993932084149107,-1.2589056858959802,0.9829463743659811,-0.532098934295451,0.9578859753157553,0.16280640687339437,-1.3933037788854497,1.5187843765319347,-1.10197128209058,-1.14080977663647,-0.942385420978407,-1.1097548301765159,-0.16341115846521723,0.6394533488641729,1.6607320045122411,0.7302398134149221,0.5596406313378746,0.9940178924830986,0.9860966422066364,1
1.3429884036815833,1.016267636601896,-0.8892798752972889,-1.02762575501898,-0.07130747788025202,-1.0439655927422493,1.5960099209103864,1.3811654758957816,-0.28959500428040014,1.0840459408623657,-0.15116781035022395,-0.8837832872104845,1.1860558193960293,0.5244882857914226,-1.0223893992513682,-0.6353166675633032,-0.7342672077230512,-1.7868609675630667,0.9940178924830986,0.9860966422066364,3
1.0460493049069801,-0.993932084149107,-1.2589056858959802,-1.02762575501898,-0.9928903907106499,0.9578859753157553,1.5408867088320406,-1.3933037788854497,-1.4198321172881094,-0.22756439290940172,-1.635630759779593,-1.2556814438146087,-0.4756297112421637,-1.5521196880235275,0.6394533488641729,-1.094526401978412,-0.002013697154064573,0.5596406313378746,0.9940178924830986,-1.0140993866100703,0
-1.1375951445431791,-0.993932084149107,-0.026819650567009547,-1.02762575501898,-0.7624946625030504,-1.0439655927422493,-0.9947810467718684,-0.6996864651901419,1.066689531328851,0.2096390516811874,0.5085935005072734,-0.7012151012411871,-1.5217047249586864,-0.2196603087328513,1.5890777763587678,1.2015222700971322,-0.36814045243855786,0.5596406313378746,0.9940178924830986,0.9860966422066364,0
0.9889456320657102,1.016267636601896,-1.2589056858959802,0.9829463743659811,2.0022540759881435,0.9578859753157553,-0.002563229361643179,0.6875481622004737,0.95366582002808,-1.539174726681169,1.6631757945078938,1.4332549248443018,1.4915467526052795,-0.7904508663667119,1.1142655626114704,-0.4057118003557487,1.6455567016261552,0.5596406313378746,0.9940178924830986,-1.0140993866100703,1
-1.6560964939419094,1.016267636601896,-1.012488478830186,-1.02762575501898,-0.07130747788025202,-1.0439655927422493,1.375517072597003,-1.3933037788854497,1.2927369539303928,-0.6647678374999909,-0.4810484657789726,-1.0753671860671545,0.15849540769218856,-1.3252788525179868,-1.4972016129986656,-1.3241312691859664,1.6455567016261552,0.5596406313378746,0.9940178924830986,0.9860966422066364,0
0.31055399871142436,1.016267636601896,-0.2732368576328036,0.9829463743659811,-0.532098934295451,-1.0439655927422493,-1.1050274709285601,-1.3933037788854497,-0.9959931999102184,-1.539174726681169,0.5085935005072734,0.5700004158783649,1.007852775023967,0.7061453776393556,1.1142655626114704,-1.094526401978412,0.18104968048818207,-1.7868609675630667,-1.0060181084889308,-1.0140993866100703,3
-0.5711267099577821,1.016267636601896,0.3428061600316817,0.9829463743659811,-0.07130747788025202,0.9578859753157553,1.2652706484403113,0.6875481622004737,-0.45913057123155654,-1.539174726681169,0.34365317279289903,-1.3503464291320222,-0.42240023045570346,-0.35705577414067885,-1.0223893992513682,-0.1761069331481943,-0.18507707479631122,0.5596406313378746,-1.0060181084889308,0.9860966422066364,1
0.6189138320542815,1.016267636601896,1.205266384761961,0.9829463743659811,1.5414626195729444,-1.0439655927422493,0.8242849518135446,0.6875481622004737,-0.06354758167885831,-1.10197128209058,0.5085935005072734,-1.1880635971593134,-0.18865338004559554,-1.1408554090175473,1.351671669485119,0.053497934059360104,-1.1003939630075446,-1.7868609675630667,-1.0060181084889308,-1.0140993866100703,0
0.06158198512348779,-0.993932084149107,1.328474988294858,-1.02762575501898,-0.7624946625030504,-1.0439655927422493,-0.7742881984584851,-0.3528778083424879,-1.5328558285888803,1.0840459408623657,-1.3057501043508444,1.2213856719910432,0.7949348518781261,-1.5917707283761222,0.8768594557378216,0.5127076684744689,-1.4665207182920377,0.5596406313378746,0.9940178924830986,0.9860966422066364,0
0.358521083898091,-0.993932084149107,1.082057781229064,0.9829463743659811,-0.9928903907106499,-1.0439655927422493,0.7691617397351987,-1.3933037788854497,-0.06354758167885831,1.0840459408623657,-1.4706904320652185,1.2304013848784159,0.22098218948498968,0.24416465167075435,-1.259795506125017,-0.6353166675633032,0.7302398134149221,-1.7868609675630667,-1.0060181084889308,0.9860966422066364,2
-0.9845573013285759,-0.993932084149107,0.9588491776961667,-1.02762575501898,-0.3017032060878515,-1.0439655927422493,0.7140385276568528,1.0343568190481278,0.5863387583005745,-1.539174726681169,-0.15116781035022395,-0.26846088264729706,0.16775270869852946,1.2050107923080449,0.6394533488641729,0.053497934059360104,0.3641130581304287,-1.7868609675630667,0.9940178924830986,0.9860966422066364,3
0.692006533291107,-0.993932084149107,0.9588491776961667,-1.02762575501898,-0.7624946625030504,-1.0439655927422493,0.6037921035001611,1.0343568190481278,1.1797132426296217,-1.10197128209058,0.17871284507852472,-0.674167962579069,-0.6607757313689818,1.3617707192834185,0.40204724199052416,-0.4057118003557487,0.9133031910571687,-1.7868609675630667,-1.0060181084889308,-1.0140993866100703,3
-1.1284585568885759,1.016267636601896,-1.135697082363083,0.9829463743659811,0.15908825032734747,-1.0439655927422493,0.16280640687339437,1.0343568190481278,-1.0807609833857965,1.5212493854529547,0.013772517364150388,-1.2534275155927657,0.6630183125377681,0.3087128568959082,0.40204724199052416,-1.094526401978412,0.9133031910571687,0.5596406313378746,0.9940178924830986,-1.0140993866100703,1
1.1328468876257103,1.016267636601896,0.46601476356457855,0.9829463743659811,-0.9928903907106499,0.9578859753157553,1.4857634967536948,0.6875481622004737,0.219011696573069,0.6468424962717766,-1.635630759779593,-1.145238960944293,-0.9384947615592091,1.019665231590103,-1.4972016129986656,-1.094526401978412,-0.36814045243855786,0.5596406313378746,0.9940178924830986,-1.0140993866100703,3
-1.4916379161590523,-0.993932084149107,-1.2589056858959802,0.9829463743659811,-0.7624946625030504,-1.0439655927422493,1.375517072597003,-0.6996864651901419,1.3492488095807782,-1.10197128209058,-0.8109291212077213,1.309288872642927,0.31818385005156924,1.4032659940710175,0.6394533488641729,-0.4057118003557487,-0.002013697154064573,0.5596406313378746,0.9940178924830986,0.9860966422066364,3
0.23289300364729734,1.016267636601896,0.7124319706303729,0.9829463743659811,-0.9928903907106499,-1.0439655927422493,0.2179296189517402,-0.3528778083424879,-0.939481344259833,1.5212493854529547,-1.4706904320652185,-0.38791907840498546,-1.5679912299903909,0.06988449756283892,1.351671669485119,1.8903368717197957,0.7302398134149221,-1.7868609675630667,0.9940178924830986,-1.0140993866100703,1
-1.0462292679971474,1.016267636601896,-0.2732368576328036,0.0,-0.7624946625030504,-1.0439655927422493,1.761379557145424,-1.0464951220377958,-1.4763439729384948,-1.10197128209058,-0.4810484657789726,-0.6245815416985191,-1.4916184966880783,1.6024433130514921,1.1142655626114704,0.9719174028895778,-0.36814045243855786,-1.7868609675630667,-1.0060181084889308,-1.0140993866100703,3
-1.6857904038193696,1.016267636601896,-1.2589056858959802,0.9829463743659811,2.2326498041957428,-1.0439655927422493,-0.5537953501451016,-0.006069151494834045,0.95366582002808,0.6468424962717766,1.6631757945078938,-0.915338282316289,0.8898221871931203,0.8785812973122666,1.1142655626114704,-0.6353166675633032,1.0963665686994153,-1.7868609675630667,-1.0060181084889308,-1.0140993866100703,2
-0.03435218524984556,1.016267636601896,0.3428061600316817,0.9829463743659811,-0.532098934295451,0.9578859753157553,0.658915315578507,-1.0464951220377958,-0.03529165385366558,-1.10197128209058,-0.15116781035022395,-0.052083773350352025,-1.2555573210263853,-1.386138588873132,-0.310171078630422,-0.4057118003557487,0.5471764357726754,0.5596406313378746,0.9940178924830986,0.9860966422066364,0
1.6696214123336468,-0.993932084149107,0.09638895296588762,0.9829463743659811,1.5414626195729444,0.9578859753157553,1.430640284675349,-0.6996864651901419,-1.7023913955400367,1.5212493854529547,1.4982354667935194,0.02004192974862965,-0.855179052502141,0.228488658973217,0.40204724199052416,1.4311271373046865,-1.6495840959342845,0.5596406313378746,0.9940178924830986,-1.0140993866100703,2
-1.4185452149222268,1.016267636601896,0.8356405741632701,0.9829463743659811,-0.9928903907106499,0.9578859753157553,1.706256345067078,1.3811654758957816,-0.06354758167885831,-1.10197128209058,-1.4706904320652185,0.46857364589542194,1.2253993486729782,0.41475633690866104,0.40204724199052416,-0.6353166675633032,-1.1003939630075446,0.5596406313378746,0.9940178924830986,-1.0140993866100703,2
0.680585798722853,-0.993932084149107,1.698100798893549,-1.02762575501898,1.5414626195729444,0.9578859753157553,0.7691617397351987,1.0343568190481278,0.5015709748249962,-0.22756439290940172,1.1683548113647708,0.09216763284761133,0.12378052891841014,0.675715509461783,1.1142655626114704,1.8903368717197957,-1.6495840959342845,0.5596406313378746,0.9940178924830986,0.9860966422066364,3
-0.5048864494619092,-0.993932084149107,0.8356405741632701,-1.02762575501898,0.8502754349501459,-1.0439655927422493,-0.8845346226151768,0.34073950535281977,0.36029133569903266,1.5212493854529547,0.013772517364150388,0.7818696687316236,0.42001416112131923,0.9394410336674117,1.1142655626114704,1.4311271373046865,1.6455567016261552,-1.7868609675630667,0.9940178924830986,-1.0140993866100703,3
0.6988589740320593,-0.993932084149107,-0.2732368576328036,0.9829463743659811,2.4630455324033425,0.9578859753157553,0.16280640687339437,-1.3933037788854497,0.9254098922028873,0.2096390516811874,1.6631757945078938,-1.1948253818248429,0.2325538157429158,0.9892353634125305,0.40204724199052416,0.7423125356820234,-0.9173305853652978,0.5596406313378746,-1.0060181084889308,0.9860966422066364,3
1.4434908678822183,-0.993932084149107,0.7124319706303729,-1.02762575501898,-0.07130747788025202,0.9578859753157553,0.49354567934346943,-0.3528778083424879,0.10598798527229807,1.5212493854529547,-0.8109291212077213,-0.8341968663299346,1.6535495202162453,0.5558402711864974,0.6394533488641729,0.5127076684744689,-0.002013697154064573,0.5596406313378746,-1.0060181084889308,-1.0140993866100703,3
1.1191420061438055,1.016267636601896,0.7124319706303729,0.9829463743659811,-0.7624946625030504,-1.0439655927422493,-1.1050274709285601,1.3811654758957816,1.2927369539303928,-1.539174726681169,-0.6459887934933469,-0.41496621706710357,-0.17013877803291372,-0.558077327556158,-0.7849832923777195,-0.4057118003557487,-1.1003939630075446,0.5596406313378746,-1.0060181084889308,0.9860966422066364,1
-1.2769281062758775,1.016267636601896,0.7124319706303729,0.9829463743659811,1.0806711631577455,0.9578859753157553,-1.2703971071635978,-1.3933037788854497,-0.26133907645520743,-0.6647678374999909,0.17871284507852472,1.7645823734552488,0.5750739529775294,0.2893483953283621,0.40204724199052416,-0.8649215347708576,1.0963665686994153,0.5596406313378746,-1.0060181084889308,-1.0140993866100703,2
-0.30388152106063926,1.016267636601896,0.46601476356457855,-1.02762575501898,-0.07130747788025202,-1.0439655927422493,1.2101474363619655,0.6875481622004737,-0.939481344259833,-0.6647678374999909,-0.15116781035022395,-0.07011519912509745,-0.09145171947901598,0.5069680586588808,-0.7849832923777195,-0.6353166675633032,-0.36814045243855786,0.5596406313378746,-1.0060181084889308,0.9860966422066364,2
-1.3797147173901634,1.016267636601896,-1.135697082363083,0.9829463743659811,-0.7624946625030504,0.9578859753157553,0.9896545880485821,-0.6996864651901419,-1.2220406225117602,0.2096390516811874,0.5085935005072734,-1.0190189805210752,-0.6075462505825217,-0.015872403664865514,0.16464113511687545,1.4311271373046865,0.18104968048818207,0.5596406313378746,-1.0060181084889308,-1.0140993866100703,1
-1.4185452149222268,-0.993932084149107,-1.135697082363083,-1.02762575501898,0.8502754349501459,-1.0439655927422493,-0.8845346226151768,-1.0464951220377958,0.07773205744710533,-1.539174726681169,0.6735338282216478,1.0365635577999026,0.8111351286392227,0.1270557650479752,0.8768594557378216,2.1199417389273503,-1.2834573406497911,-1.7868609675630667,0.9940178924830986,-1.0140993866100703,2
0.9866614851520594,-0.993932084149107,-1.2589056858959802,0.9829463743659811,2.0022540759881435,-1.0439655927422493,-1.490889955476981,1.3811654758957816,1.0949454591540435,1.5212493854529547,1.333295139079145,-0.5569636950432237,0.0265788683518306,-1.2072478486777054,0.8768594557378216,0.053497934059360104,-0.18507707479631122,0.5596406313378746,0.9940178924830986,0.9860966422066364,0
0.7376894715641229,1.016267636601896,-0.3964454611657008,0.9829463743659811,-0.9928903907106499,0.9578859753157553,1.0999010122052737,-1.3933037788854497,-0.9959931999102184,1.0840459408623657,-0.15116781035022395,-0.3721415808520832,-1.211585141246266,0.6498962273717216,0.16464113511687545,0.9719174028895778,-1.4665207182920377,0.5596406313378746,0.9940178924830986,0.9860966422066364,2
1.6810421469019008,1.016267636601896,0.46601476356457855,0.9829463743659811,-0.532098934295451,-1.0439655927422493,-0.05768644143998903,1.3811654758957816,0.3037794800486472,-1.539174726681169,1.1683548113647708,0.2927672445916541,0.8227067548971487,0.8278648503496457,0.16464113511687545,-0.1761069331481943,1.4624933239839086,-1.7868609675630667,-1.0060181084889308,0.9860966422066364,3
-0.9320219223146077,1.016267636601896,-1.012488478830186,-1.02762575501898,-0.532098934295451,0.9578859753157553,1.6511331329887322,0.6875481622004737,-0.17657129297962923,1.5212493854529547,-0.15116781035022395,1.8862944974347806,0.5519307004616771,0.4138342196911588,0.8768594557378216,1.4311271373046865,1.279429946341662,0.5596406313378746,-1.0060181084889308,0.9860966422066364,2
0.6508918888453927,1.016267636601896,0.3428061600316817,0.9829463743659811,-0.9928903907106499,-1.0439655927422493,-1.2152738950852517,0.34073950535281977,0.95366582002808,-0.22756439290940172,-1.4706904320652185,-1.106922181172959,-1.6235350360284364,0.5106565275288896,0.8768594557378216,-0.1761069331481943,0.3641130581304287,0.5596406313378746,-1.0060181084889308,0.9860966422066364,2
0.6600284764999959,1.016267636601896,0.3428061600316817,0.9829463743659811,-0.3017032060878515,0.9578859753157553,1.2652706484403113,1.0343568190481278,-0.3178509321055929,0.2096390516811874,-0.6459887934933469,-0.4307437146200058,1.181427168892859,-0.776619108104179,-0.310171078630422,0.7423125356820234,-0.002013697154064573,0.5596406313378746,0.9940178924830986,0.9860966422066364,1
0.4750125764942815,1.016267636601896,1.205266384761961,0.9829463743659811,-0.532098934295451,-1.0439655927422493,-1.2703971071635978,-1.0464951220377958,0.4168031913494181,1.5212493854529547,1.0034144836503964,0.20711797216161337,0.4709293166561942,-1.4350108014007485,-0.07276497175677328,1.2015222700971322,-0.5512038300808045,-1.7868609675630667,-1.0060181084889308,-1.0140993866100703,0
0.23974544438824974,-0.993932084149107,-0.026819650567009547,-1.02762575501898,-0.7624946625030504,-1.0439655927422493,-0.9947810467718684,-0.006069151494834045,1.4057606652311636,-1.539174726681169,-1.14080977663647,-0.509631202384517,-1.609649084518925,-0.046302271842438056,-1.0223893992513682,-1.094526401978412,-1.1003939630075446,0.5596406313378746,0.9940178924830986,-1.0140993866100703,1
-1.5418891482593697,-0.993932084149107,1.8213094024264462,0.9829463743659811,-0.7624946625030504,-1.0439655927422493,-1.3255203192419436,0.6875481622004737,-0.28959500428040014,-1.10197128209058,-1.14080977663647,0.46857364589542194,1.1235690376032283,0.09478166243539826,-0.7849832923777195,-0.8649215347708576,0.5471764357726754,0.5596406313378746,-1.0060181084889308,0.9860966422066364,1
-0.7264487000860362,-0.993932084149107,-1.135697082363083,0.9829463743659811,-0.7624946625030504,-1.0439655927422493,1.5408867088320406,-1.3933037788854497,-1.6176236120644585,-1.10197128209058,-1.14080977663647,1.2754799493152795,-0.052108190202067126,-0.962886786039623,-0.5475771855040708,-1.3241312691859664,-0.9173305853652978,-1.7868609675630667,-1.0060181084889308,0.9860966422066364,0
0.39735158143015453,1.016267636601896,0.2195975564987845,-1.02762575501898,-0.532098934295451,-1.0439655927422493,-1.2152738950852517,-1.0464951220377958,1.688319943483091,0.6468424962717766,-0.6459887934933469,-0.7462936656780507,0.8203924296455635,0.6849366816368051,-1.7346077198723144,-0.4057118003557487,0.7302398134149221,-1.7868609675630667,0.9940178924830986,-1.0140993866100703,2
-0.9320219223146077,-0.993932084149107,1.082057781229064,-1.02762575501898,1.311066891365345,-1.0439655927422493,1.2652706484403113,-0.006069151494834045,-1.5328558285888803,0.6468424962717766,0.34365317279289903,-1.0663514731797819,-0.028964937686214852,-0.9674973721271339,-0.07276497175677328,1.2015222700971322,-1.4665207182920377,0.5596406313378746,0.9940178924830986,-1.0140993866100703,0
-0.9982621828104807,-0.993932084149107,-1.2589056858959802,0.9829463743659811,-0.3017032060878515,-1.0439655927422493,0.6037921035001611,0.34073950535281977,0.36029133569903266,0.2096390516811874,-0.6459887934933469,-0.2662069544254539,-1.1976991897367546,0.8656716562672359,1.1142655626114704,1.6607320045122411,-1.2834573406497911,-1.7868609675630667,0.9940178924830986,-1.0140993866100703,2
1.5622665073920596,-0.993932084149107,-0.2732368576328036,-1.02762575501898,-0.3017032060878515,-1.0439655927422493,-0.44354892598840995,1.7279741327434355,-1.5328558285888803,-0.22756439290940172,-0.9758694489220956,0.5159061385541287,0.02889319360341583,0.3271552012459522,-0.7849832923777195,-0.8649215347708576,0.7302398134149221,0.5596406313378746,0.9940178924830986,-1.0140993866100703,2
-0.10516073957302018,1.016267636601896,1.8213094024264462,-1.02762575501898,1.311066891365345,-1.0439655927422493,1.3203938605186571,-0.3528778083424879,1.57529623218232,-0.6647678374999909,1.1683548113647708,0.0651204941854932,-0.8968369070306751,0.24877523775826535,1.5890777763587678,1.2015222700971322,0.5471764357726754,0.5596406313378746,0.9940178924830986,-1.0140993866100703,2
-0.7652791976180997,1.016267636601896,-0.3964454611657008,0.9829463743659811,1.311066891365345,0.9578859753157553,-0.05768644143998903,1.0343568190481278,-0.7982017051338693,-0.6647678374999909,0.17871284507852472,0.026803714414159185,-0.549688119292891,0.6360644691091886,0.16464113511687545,-0.6353166675633032,1.4624933239839086,0.5596406313378746,-1.0060181084889308,-1.0140993866100703,2
0.10498077648285288,-0.993932084149107,1.082057781229064,-1.02762575501898,-0.7624946625030504,0.9578859753157553,1.044777800126928,1.7279741327434355,-0.007035726028472855,1.0840459408623657,-1.3057501043508444,-0.3834112219612991,-1.7392512986076978,-0.02785992749239409,-1.0223893992513682,-1.3241312691859664,-0.18507707479631122,0.5596406313378746,-1.0060181084889308,-1.0140993866100703,1
0.9044321962606309,-0.993932084149107,1.328474988294858,0.9829463743659811,-0.9928903907106499,0.9578859753157553,-1.6562595917120186,0.34073950535281977,1.1797132426296217,-0.22756439290940172,-1.635630759779593,1.270972092871593,0.3690990055864442,0.1759279775755917,-0.5475771855040708,-1.094526401978412,-1.6495840959342845,0.5596406313378746,0.9940178924830986,-1.0140993866100703,2
1.5622665073920596,-0.993932084149107,-0.6428626682314948,0.9829463743659811,0.15908825032734747,0.9578859753157553,-0.9947810467718684,1.3811654758957816,0.38854726352422536,-0.22756439290940172,-0.6459887934933469,-1.4202182040091607,-1.681393167318067,0.36403988994604014,0.16464113511687545,-1.3241312691859664,0.9133031910571687,0.5596406313378746,-1.0060181084889308,0.9860966422066364,2
1.3978079296092023,1.016267636601896,0.46601476356457855,0.9829463743659811,-0.3017032060878515,0.9578859753157553,-1.1050274709285601,1.3811654758957816,1.6318080878327055,0.6468424962717766,0.17871284507852472,-0.7936261583367574,1.6558638454678305,-1.2810172260778814,-1.259795506125017,0.053497934059360104,0.5471764357726754,0.5596406313378746,-1.0060181084889308,0.9860966422066364,0
-1.1695732013342903,1.016267636601896,-0.026819650567009547,-1.02762575501898,-0.9928903907106499,0.9578859753157553,-0.002563229361643179,1.7279741327434355,-0.26133907645520743,1.0840459408623657,-1.4706904320652185,0.3784165170216949,0.29041194703254647,-0.2150497226453403,1.5890777763587678,1.6607320045122411,-0.7342672077230512,0.5596406313378746,-1.0060181084889308,0.9860966422066364,1
0.358521083898091,-0.993932084149107,-0.026819650567009547,0.9829463743659811,-0.9928903907106499,0.9578859753157553,0.658915315578507,-1.3933037788854497,-0.6286661381827129,0.6468424962717766,-1.4706904320652185,-1.0640975449579386,1.3688875142712624,-0.6807189174839504,-1.259795506125017,-1.094526401978412,-0.5512038300808045,0.5596406313378746,0.9940178924830986,0.9860966422066364,1
-0.8269511642866711,-0.993932084149107,-0.2732368576328036,0.9829463743659811,1.0806711631577455,0.9578859753157553,0.7691617397351987,1.0343568190481278,-0.1483153651544365,-1.539174726681169,0.6735338282216478,-0.4239819299544763,-1.3874738603667431,1.047328748115169,0.40204724199052416,1.4311271373046865,-0.9173305853652978,0.5596406313378746,-1.0060181084889308,-1.0140993866100703,2
-1.2403817556574648,1.016267636601896,1.082057781229064,-1.02762575501898,1.5414626195729444,0.9578859753157553,0.16280640687339437,-1.0464951220377958,-1.052505055560604,-0.6647678374999909,0.5085935005072734,-0.2526833850943948,-1.0518966988868852,-0.09425236715255235,0.40204724199052416,1.2015222700971322,-1.2834573406497911,0.5596406313378746,-1.0060181084889308,0.9860966422066364,1
-0.5254437716847663,1.016267636601896,-0.6428626682314948,0.9829463743659811,-0.532098934295451,-1.0439655927422493,-1.6562595917120186,0.34073950535281977,-1.0807609833857965,1.5212493854529547,0.6735338282216478,0.6015554109841694,-0.48257268699691935,-0.37642023570822497,-1.259795506125017,-0.1761069331481943,0.7302398134149221,-1.7868609675630667,-1.0060181084889308,-1.0140993866100703,1
0.6554601826726942,-0.993932084149107,-0.5196540646985977,0.9829463743659811,-0.532098934295451,0.9578859753157553,0.3281760431084319,-0.6996864651901419,-0.6851779938330984,0.2096390516811874,-0.6459887934933469,0.3446075936940472,0.3852992823475408,1.0998894295127943,-1.259795506125017,-1.094526401978412,-0.5512038300808045,0.5596406313378746,0.9940178924830986,0.9860966422066364,3
-0.5756950037850838,-0.993932084149107,0.5892233670974757,0.9829463743659811,-0.7624946625030504,-1.0439655927422493,-0.6640417743017933,1.0343568190481278,1.462272520881549,1.0840459408623657,-1.14080977663647,-0.5254086999374192,-1.5888201572546579,-0.6180149466938009,-0.310171078630422,-0.6353166675633032,-0.5512038300808045,0.5596406313378746,0.9940178924830986,-1.0140993866100703,0
0.39963572834380534,1.016267636601896,0.8356405741632701,0.9829463743659811,-0.9928903907106499,0.9578859753157553,0.9345313759702363,-0.006069151494834045,-1.1090169112109893,-0.22756439290940172,-1.4706904320652185,-1.1610164584971954,-0.8436074262442148,0.15287504713803673,0.16464113511687545,-1.3241312691859664,0.18104968048818207,0.5596406313378746,0.9940178924830986,-1.0140993866100703,1
1.1259944468847578,-0.993932084149107,-0.8892798752972889,-1.02762575501898,-0.532098934295451,-1.0439655927422493,1.5960099209103864,-0.6996864651901419,0.8971539643776945,0.2096390516811874,-1.14080977663647,-1.0009875547463296,-1.3782165593604023,1.6743684560166636,1.1142655626114704,1.2015222700971322,1.6455567016261552,-1.7868609675630667,0.9940178924830986,0.9860966422066364,3
0.7947931444053927,1.016267636601896,-1.2589056858959802,-1.02762575501898,-0.9928903907106499,-1.0439655927422493,0.9896545880485821,1.3811654758957816,0.219011696573069,1.5212493854529547,0.838474155936022,-0.7801025890056983,-0.8736936545148227,-1.5336773436734836,1.1142655626114704,-0.4057118003557487,-1.2834573406497911,0.5596406313378746,-1.0060181084889308,0.9860966422066364,0
-0.3244388432834964,-0.993932084149107,-0.8892798752972889,-1.02762575501898,1.311066891365345,0.9578859753157553,-0.6089185622234475,-1.3933037788854497,0.5580828304753818,1.0840459408623657,0.838474155936022,1.4242392119569292,0.2325538157429158,0.08740472469538067,0.6394533488641729,0.053497934059360104,0.18104968048818207,0.5596406313378746,-1.0060181084889308,0.9860966422066364,2
-1.6789379630784174,-0.993932084149107,1.574892195360652,0.9829463743659811,-0.9928903907106499,-1.0439655927422493,0.4384224672651236,-0.006069151494834045,1.066689531328851,-0.6647678374999909,-1.635630759779593,-0.04306806046297931,-0.13079524875596485,-1.525378288715964,-1.4972016129986656,-1.3241312691859664,0.9133031910571687,0.5596406313378746,-1.0060181084889308,-1.0140993866100703,0
-0.18282173463714718,0.0,1.4516835918277553,-1.02762575501898,2.0022540759881435,0.9578859753157553,-0.22305607767502658,-1.0464951220377958,-1.7023913955400367,1.5212493854529547,1.333295139079145,-0.6020422594800873,-1.1583556604598058,0.34190907672598736,-0.5475771855040708,-1.3241312691859664,-0.36814045243855786,0.5596406313378746,0.9940178924830986,0.9860966422066364,2
1.5325725975145992,-0.993932084149107,-0.15002825409990672,-1.02762575501898,-0.9928903907106499,-1.0439655927422493,-0.16793286559668072,0.34073950535281977,0.16249984092268352,1.0840459408623657,-1.3057501043508444,-0.7034690294630302,-1.4175600886373512,0.7559397073844744,-1.0223893992513682,0.2831028012669145,-1.6495840959342845,0.5596406313378746,0.9940178924830986,0.9860966422066364,2
-0.8543609272504806,-0.993932084149107,-0.3964454611657008,0.9829463743659811,0.8502754349501459,-1.0439655927422493,1.4857634967536948,-1.3933037788854497,0.5298269026501891,-0.6647678374999909,-0.15116781035022395,0.36038509124694945,1.2786288294594386,0.2183453695806928,0.8768594557378216,1.2015222700971322,1.4624933239839086,0.5596406313378746,-1.0060181084889308,0.9860966422066364,2
1.5782555357876151,1.016267636601896,0.5892233670974757,-1.02762575501898,1.5414626195729444,-1.0439655927422493,-0.8845346226151768,1.0343568190481278,1.2927369539303928,1.5212493854529547,0.34365317279289903,2.8306904223870717,1.5470905586433248,-0.3146383821355777,1.1142655626114704,-0.6353166675633032,0.3641130581304287,-1.7868609675630667,-1.0060181084889308,0.9860966422066364,2
-0.8657816618187346,1.016267636601896,-0.2732368576328036,0.9829463743659811,0.8502754349501459,0.9578859753157553,0.4384224672651236,0.6875481622004737,0.840642108727309,-0.6647678374999909,0.5085935005072734,2.09140196562251,0.7625342983559328,0.6526625790242281,0.16464113511687545,0.2831028012669145,1.6455567016261552,0.5596406313378746,0.9940178924830986,0.9860966422066364,2
0.06615027895078938,1.016267636601896,1.698100798893549,-1.02762575501898,1.0806711631577455,0.9578859753157553,0.5486688914218153,1.3811654758957816,1.1797132426296217,0.6468424962717766,1.1683548113647708,-0.6426129674732645,-0.7857492949545841,-1.1002822514474506,-0.310171078630422,-0.1761069331481943,1.6455567016261552,0.5596406313378746,0.9940178924830986,-1.0140993866100703,0
-0.5482852408212743,1.016267636601896,-2.7357805694826946e-16,0.9829463743659811,-0.9928903907106499,0.9578859753157553,-0.2781792897533724,-1.3933037788854497,0.7558743252517308,-0.22756439290940172,-1.4706904320652185,-1.4089485628999447,-1.172241611969317,-0.7194478406190427,1.1142655626114704,0.9719174028895778,-1.1003939630075446,0.5596406313378746,-1.0060181084889308,-1.0140993866100703,0
-1.4094086272676236,-0.993932084149107,-1.012488478830186,-1.02762575501898,-0.9928903907106499,0.9578859753157553,-1.2703971071635978,-0.6996864651901419,-0.37436278775597837,-1.10197128209058,-1.635630759779593,-1.233142161596177,-1.7137937208402603,1.652237642796611,0.16464113511687545,-1.094526401978412,-1.1003939630075446,0.5596406313378746,-1.0060181084889308,0.9860966422066364,2
0.025035634505075084,1.016267636601896,-0.15002825409990672,-1.02762575501898,0.8502754349501459,-1.0439655927422493,0.658915315578507,-1.0464951220377958,1.1797132426296217,1.0840459408623657,1.6631757945078938,0.13048441261894533,-0.5566310950476466,-0.2233487776028601,0.40204724199052416,-1.094526401978412,0.5471764357726754,-1.7868609675630667,-1.0060181084889308,-1.0140993866100703,1
-1.0873439124428617,1.016267636601896,-1.2589056858959802,-1.02762575501898,1.0806711631577455,0.9578859753157553,1.044777800126928,-0.6996864651901419,-1.024249127735411,0.2096390516811874,0.34365317279289903,-0.838704722773621,0.061293747125609005,0.6830924472018006,-0.310171078630422,0.053497934059360104,-0.36814045243855786,0.5596406313378746,0.9940178924830986,0.9860966422066364,2
-0.31758640254254406,1.016267636601896,0.09638895296588762,-1.02762575501898,1.7718583477805439,-1.0439655927422493,-0.9396578346935226,-1.3933037788854497,-0.7982017051338693,1.5212493854529547,0.6735338282216478,0.6173329085370717,0.214039213730234,-1.260730647292833,-0.07276497175677328,-0.8649215347708576,0.9133031910571687,0.5596406313378746,0.9940178924830986,0.9860966422066364,0
-0.9685682729330204,-0.993932084149107,0.5892233670974757,0.9829463743659811,-0.07130747788025202,-1.0439655927422493,1.044777800126928,-0.6996864651901419,-1.561111756414073,0.6468424962717766,0.34365317279289903,0.7593303865131918,0.09137997539621696,1.2400512465731284,-1.7346077198723144,-0.4057118003557487,-0.9173305853652978,0.5596406313378746,-1.0060181084889308,0.9860966422066364,3
-1.4185452149222268,1.016267636601896,-1.2589056858959802,0.9829463743659811,-0.532098934295451,0.9578859753157553,1.375517072597003,-1.0464951220377958,-1.4763439729384948,-0.6647678374999909,-0.4810484657789726,0.5271757796633446,-0.8227784989799478,0.25338582384577635,1.351671669485119,2.1199417389273503,1.0963665686994153,0.5596406313378746,0.9940178924830986,0.9860966422066364,1
-1.5670147643095285,1.016267636601896,0.8356405741632701,0.9829463743659811,-0.9928903907106499,0.9578859753157553,-0.7742881984584851,0.6875481622004737,-0.12005943732924378,-1.10197128209058,-1.4706904320652185,1.446778494175361,1.4822894515989384,1.084213436815257,-0.07276497175677328,0.9719174028895778,1.6455567016261552,0.5596406313378746,-1.0060181084889308,-1.0140993866100703,3
-1.2929171346714332,1.016267636601896,0.8356405741632701,0.9829463743659811,-0.532098934295451,-1.0439655927422493,-1.6011363796336728,-0.3528778083424879,-1.5893676842392657,-1.10197128209058,-0.15116781035022395,1.0455792706872753,-0.010450335673533035,0.5484633334464798,1.5890777763587678,-0.8649215347708576,-0.36814045243855786,0.5596406313378746,0.9940178924830986,0.9860966422066364,2
-1.5441732951730205,-0.993932084149107,0.5892233670974757,0.9829463743659811,-0.3017032060878515,-1.0439655927422493,0.8242849518135446,-0.6996864651901419,-0.7134339216582911,1.0840459408623657,0.34365317279289903,-0.9784482725278979,-1.313415452316016,0.8186436781746238,0.40204724199052416,-0.4057118003557487,0.7302398134149221,0.5596406313378746,-1.0060181084889308,-1.0140993866100703,2
0.8016455851463451,-0.993932084149107,-0.026819650567009547,0.9829463743659811,1.7718583477805439,0.9578859753157553,-0.9947810467718684,-0.006069151494834045,1.3209928817555854,-0.22756439290940172,0.838474155936022,0.9306289313732733,-0.3298272203922944,0.6563510478942369,-1.4972016129986656,-0.1761069331481943,-1.2834573406497911,0.5596406313378746,-1.0060181084889308,-1.0140993866100703,3
-0.47519253958444885,1.016267636601896,0.7124319706303729,0.9829463743659811,-0.532098934295451,0.9578859753157553,-1.160150683006906,-1.3933037788854497,-0.5438983547071348,-1.10197128209058,-0.15116781035022395,-0.254937313316238,-0.010450335673533035,0.24047618280074556,-0.310171078630422,0.2831028012669145,0.9133031910571687,0.5596406313378746,-1.0060181084889308,-1.0140993866100703,2
-0.7538584630498457,1.016267636601896,-1.2589056858959802,0.9829463743659811,1.0806711631577455,-1.0439655927422493,-0.11280965351833487,-0.3528778083424879,-1.2220406225117602,-0.6647678374999909,0.013772517364150388,-0.8003879430022869,-1.1074405049249307,-1.4110357537456912,-0.07276497175677328,-1.3241312691859664,-1.2834573406497911,0.5596406313378746,0.9940178924830986,0.9860966422066364,0
1.4640481901050755,-0.993932084149107,-1.2589056858959802,-1.02762575501898,-0.9928903907106499,0.9578859753157553,-1.3806435313202894,0.34073950535281977,-1.024249127735411,-0.22756439290940172,-1.4706904320652185,0.5519689901036196,-0.5381164930349648,0.7780705206045271,-0.7849832923777195,-1.3241312691859664,-1.4665207182920377,0.5596406313378746,0.9940178924830986,-1.0140993866100703,3
0.548105277731107,1.016267636601896,0.3428061600316817,0.9829463743659811,-0.9928903907106499,0.9578859753157553,-0.44354892598840995,-1.3933037788854497,0.16249984092268352,0.6468424962717766,-1.635630759779593,-0.7169925987940894,-1.4036741371278398,1.5102315913012725,-0.07276497175677328,0.9719174028895778,-1.1003939630075446,0.5596406313378746,-1.0060181084889308,-1.0140993866100703,3
0.07300271969174175,-0.993932084149107,-0.026819650567009547,0.9829463743659811,-0.9928903907106499,-1.0439655927422493,-1.6562595917120186,1.3811654758957816,0.5863387583005745,-1.539174726681169,-1.4706904320652185,1.3859224321855952,1.2415996254340749,-1.1362448229300361,0.6394533488641729,1.6607320045122411,1.6455567016261552,-1.7868609675630667,0.9940178924830986,-1.0140993866100703,1
-1.2106878457800045,-0.993932084149107,0.46601476356457855,-1.02762575501898,1.5414626195729444,0.9578859753157553,-1.0499042588502143,-1.3933037788854497,-1.674135467714844,1.5212493854529547,0.838474155936022,-0.16928804088619726,0.3945565833538817,-1.5281446403684704,1.1142655626114704,1.2015222700971322,-1.1003939630075446,0.5596406313378746,0.9940178924830986,0.9860966422066364,0
1.1534042098485673,-0.993932084149107,1.574892195360652,-1.02762575501898,-0.9928903907106499,0.9578859753157553,1.6511331329887322,0.6875481622004737,0.5015709748249962,-1.539174726681169,-1.635630759779593,-0.0543377015721952,0.7093048175694726,-1.6406429409037386,-0.5475771855040708,0.053497934059360104,0.5471764357726754,0.5596406313378746,-1.0060181084889308,-1.0140993866100703,0
0.1712210369787259,1.016267636601896,0.8356405741632701,-1.02762575501898,-0.9928903907106499,0.9578859753157553,0.4384224672651236,1.0343568190481278,-0.6851779938330984,1.0840459408623657,-1.4706904320652185,-0.7147386705722462,1.4036023930450408,0.8380081397421699,-0.7849832923777195,0.5127076684744689,1.0963665686994153,0.5596406313378746,0.9940178924830986,0.9860966422066364,3
-0.23535711365111545,-0.993932084149107,-1.2589056858959802,-1.02762575501898,-0.9928903907106499,0.9578859753157553,-1.2703971071635978,1.3811654758957816,0.2755235522234544,0.6468424962717766,-1.3057501043508444,1.4918570586122244,1.192998795150785,-0.01310605201235892,-0.7849832923777195,-0.1761069331481943,0.9133031910571687,0.5596406313378746,-1.0060181084889308,0.9860966422066364,2
-0.4569193642752425,1.016267636601896,1.4516835918277553,-1.02762575501898,1.5414626195729444,-1.0439655927422493,1.3203938605186571,-0.6996864651901419,-0.4308746434063638,1.5212493854529547,0.5085935005072734,-0.3338248010807492,-1.4661609189206408,0.9044005794023282,0.40204724199052416,0.5127076684744689,-1.1003939630075446,-1.7868609675630667,0.9940178924830986,0.9860966422066364,2
0.1392429801876148,1.016267636601896,-1.2589056858959802,-1.02762575501898,0.15908825032734747,-1.0439655927422493,1.6511331329887322,-1.3933037788854497,0.44505911917461083,0.6468424962717766,-0.4810484657789726,-0.9604168467531525,-0.49645863850643074,-1.1528429328450758,0.6394533488641729,-0.6353166675633032,-0.18507707479631122,0.5596406313378746,0.9940178924830986,-1.0140993866100703,0
-1.1581524667660363,1.016267636601896,0.9588491776961667,0.9829463743659811,0.6198797067425464,0.9578859753157553,0.38329925518677777,0.34073950535281977,1.3492488095807782,1.0840459408623657,0.17871284507852472,1.1672913946668069,0.7000475165631317,1.4355400966835943,1.5890777763587678,-0.6353166675633032,0.7302398134149221,0.5596406313378746,0.9940178924830986,0.9860966422066364,3
-1.6629489346828619,-0.993932084149107,-1.012488478830186,0.9829463743659811,-0.7624946625030504,0.9578859753157553,1.0999010122052737,0.6875481622004737,1.1232013869792363,-1.10197128209058,0.013772517364150388,-1.399932850012572,-1.139841058447124,1.6052096647039988,-1.0223893992513682,-0.6353166675633032,-0.7342672077230512,0.5596406313378746,-1.0060181084889308,0.9860966422066364,2
-0.3358595778517504,1.016267636601896,-1.2589056858959802,0.9829463743659811,1.311066891365345,-1.0439655927422493,-1.160150683006906,-0.006069151494834045,0.7558743252517308,-0.6647678374999909,0.6735338282216478,-0.3991887195142013,-1.5749342057451465,-1.279172991642877,0.40204724199052416,-0.4057118003557487,-0.002013697154064573,-1.7868609675630667,0.9940178924830986,-1.0140993866100703,0
-0.7264487000860362,1.016267636601896,0.8356405741632701,0.9829463743659811,1.7718583477805439,0.9578859753157553,-1.2152738950852517,-1.3933037788854497,0.840642108727309,1.0840459408623657,1.333295139079145,1.4129695708477132,0.5033298701783874,0.9486622058424338,-1.0223893992513682,-0.8649215347708576,-0.002013697154064573,0.5596406313378746,0.9940178924830986,-1.0140993866100703,3
-0.4774766864980996,1.016267636601896,-1.2589056858959802,-1.02762575501898,-0.07130747788025202,0.9578859753157553,0.27305283103008604,0.6875481622004737,0.19075576874787625,-1.539174726681169,-0.31610813806459825,-0.3203012317496901,-1.621220710776851,0.6231548280641578,-1.0223893992513682,0.053497934059360104,0.18104968048818207,0.5596406313378746,-1.0060181084889308,0.9860966422066364,2
-0.24906199513302021,-0.993932084149107,0.3428061600316817,0.9829463743659811,-0.9928903907106499,-1.0439655927422493,-0.2781792897533724,1.3811654758957816,-1.1090169112109893,-1.539174726681169,-0.31610813806459825,1.915595564318742,0.7579056478527624,-1.6683064574288047,0.40204724199052416,-0.1761069331481943,-0.002013697154064573,0.5596406313378746,0.9940178924830986,-1.0140993866100703,0
0.136958833273964,-0.993932084149107,1.574892195360652,0.9829463743659811,-0.532098934295451,-1.0439655927422493,1.5408867088320406,1.0343568190481278,1.3209928817555854,1.5212493854529547,-0.6459887934933469,1.5504591923801472,1.3573158880133362,-0.6567438698288932,0.16464113511687545,-1.094526401978412,1.6455567016261552,-1.7868609675630667,0.9940178924830986,0.9860966422066364,1
-0.5254437716847663,1.016267636601896,1.574892195360652,0.9829463743659811,0.6198797067425464,0.9578859753157553,-1.6562595917120186,0.34073950535281977,-0.7134339216582911,1.0840459408623657,0.838474155936022,-0.85222829210468,1.364258863768092,0.14918657826802795,1.5890777763587678,0.5127076684744689,0.3641130581304287,0.5596406313378746,-1.0060181084889308,-1.0140993866100703,2
1.1328468876257103,-0.993932084149107,0.3428061600316817,0.9829463743659811,2.6934412606109417,-1.0439655927422493,0.10768319479504852,-1.3933037788854497,-0.007035726028472855,-1.10197128209058,1.1683548113647708,-1.118191822282175,-0.8690650040116523,0.24693100332326096,1.1142655626114704,2.1199417389273503,1.4624933239839086,0.5596406313378746,-1.0060181084889308,0.9860966422066364,2
-0.251346142046671,1.016267636601896,1.574892195360652,0.9829463743659811,-0.9928903907106499,-1.0439655927422493,0.9345313759702363,-0.006069151494834045,1.2644810261052,-1.10197128209058,-1.3057501043508444,0.9576760700353915,-0.3992569779398512,-0.24640170804041506,-1.0223893992513682,-0.4057118003557487,-1.1003939630075446,0.5596406313378746,0.9940178924830986,0.9860966422066364,1
-1.2129719926936553,-0.993932084149107,0.46601476356457855,-1.02762575501898,-0.9928903907106499,-1.0439655927422493,-0.3333025018317183,-0.6996864651901419,-0.6851779938330984,1.0840459408623657,-1.4706904320652185,-0.9897179136371138,-1.4615322684174705,-0.6502890493063779,-0.5475771855040708,0.053497934059360104,0.9133031910571687,0.5596406313378746,0.9940178924830986,0.9860966422066364,0
-0.7881206667546076,-0.993932084149107,-1.012488478830186,-1.02762575501898,-0.532098934295451,0.9578859753157553,1.430640284675349,-1.3933037788854497,-0.48738649905674925,-1.10197128209058,-1.14080977663647,-1.0979064682855864,-1.1676129614661466,1.088824022902768,-0.07276497175677328,0.2831028012669145,-1.6495840959342845,0.5596406313378746,-1.0060181084889308,-1.0140993866100703,2
-1.6195501433234967,-0.993932084149107,1.082057781229064,-1.02762575501898,-0.7624946625030504,-1.0439655927422493,-0.002563229361643179,-0.6996864651901419,-1.4763439729384948,0.6468424962717766,1.6631757945078938,-1.3458385726883357,-0.5543167697960614,-1.074462969357389,1.1142655626114704,0.2831028012669145,-0.9173305853652978,-1.7868609675630667,0.9940178924830986,-1.0140993866100703,0
0.5526735715584086,1.016267636601896,0.5892233670974757,0.9829463743659811,-0.9928903907106499,-1.0439655927422493,0.16280640687339437,-0.006069151494834045,-0.9959931999102184,-0.6647678374999909,-1.635630759779593,-0.8927990000978572,-1.6883361430728228,0.4710054871762951,1.1142655626114704,2.3495466061349046,-1.2834573406497911,0.5596406313378746,-1.0060181084889308,0.9860966422066364,2
-0.39067910377936943,-0.993932084149107,1.4516835918277553,0.9829463743659811,-0.9928903907106499,0.9578859753157553,0.7140385276568528,0.34073950535281977,1.5187843765319347,0.2096390516811874,-1.4706904320652185,0.6533957600865625,0.5727596277259442,-0.34137978144314146,1.1142655626114704,0.2831028012669145,-0.36814045243855786,0.5596406313378746,-1.0060181084889308,0.9860966422066364,1
0.5663784530403133,-0.993932084149107,-1.2589056858959802,-1.02762575501898,0.38948397853494693,0.9578859753157553,1.375517072597003,0.6875481622004737,-1.5893676842392657,-0.6647678374999909,0.34365317279289903,-1.1384771762787635,-1.119012131182857,0.40461304751613686,1.351671669485119,-0.4057118003557487,0.5471764357726754,0.5596406313378746,-1.0060181084889308,-1.0140993866100703,2
0.6508918888453927,-0.993932084149107,1.205266384761961,0.9829463743659811,1.5414626195729444,0.9578859753157553,0.49354567934346943,1.7279741327434355,-1.250296550336953,-0.22756439290940172,1.6631757945078938,-1.0393043345176638,-1.1838132382272433,-0.1735544478577414,-1.259795506125017,-1.3241312691859664,-0.36814045243855786,0.5596406313378746,0.9940178924830986,0.9860966422066364,1
-0.3335754309380996,-0.993932084149107,0.46601476356457855,0.9829463743659811,-0.532098934295451,0.9578859753157553,-0.5537953501451016,-0.6996864651901419,1.57529623218232,1.5212493854529547,0.6735338282216478,-0.9175922105381321,-1.028753446371033,-0.23533630143038867,-1.0223893992513682,-0.1761069331481943,-1.2834573406497911,0.5596406313378746,0.9940178924830986,0.9860966422066364,1
1.3178627876314246,1.016267636601896,0.09638895296588762,0.0,-0.9928903907106499,-1.0439655927422493,0.9896545880485821,-1.3933037788854497,1.2927369539303928,0.2096390516811874,-1.3057501043508444,0.34911545013773354,-0.3761137254239989,1.3949669391134976,-0.310171078630422,0.2831028012669145,0.9133031910571687,-1.7868609675630667,-1.0060181084889308,0.9860966422066364,3
-1.3979878926993696,-0.993932084149107,0.3428061600316817,-1.02762575501898,-0.532098934295451,-1.0439655927422493,-0.6640417743017933,1.0343568190481278,0.049476129621912605,-0.6647678374999909,-0.31610813806459825,-0.9784482725278979,-1.723051021846601,-1.1325563540600274,1.1142655626114704,0.053497934059360104,0.5471764357726754,-1.7868609675630667,-1.0060181084889308,-1.0140993866100703,0
-0.5711267099577821,1.016267636601896,-1.012488478830186,-1.02762575501898,2.0022540759881435,0.9578859753157553,1.044777800126928,-0.3528778083424879,-0.2330831486300147,-0.6647678374999909,0.838474155936022,0.05610478129812049,-1.0356964221257887,0.20727996297066645,-0.5475771855040708,-1.094526401978412,1.6455567016261552,0.5596406313378746,-1.0060181084889308,0.9860966422066364,1
1.4983103938098372,-0.993932084149107,-1.2589056858959802,-1.02762575501898,-0.532098934295451,0.9578859753157553,-1.490889955476981,0.6875481622004737,-0.17657129297962923,-1.539174726681169,0.17871284507852472,0.18007083349949524,0.19321028646596697,-1.2450546545952956,0.6394533488641729,-0.4057118003557487,-0.9173305853652978,0.5596406313378746,0.9940178924830986,-1.0140993866100703,1
-0.9914097420695283,1.016267636601896,0.2195975564987845,0.9829463743659811,-0.9928903907106499,0.9578859753157553,1.430640284675349,1.3811654758957816,0.7841302530769236,-0.6647678374999909,0.013772517364150388,-1.271458941367511,0.6769042640472794,1.17365880691297,-1.259795506125017,0.053497934059360104,-1.6495840959342845,0.5596406313378746,-1.0060181084889308,-1.0140993866100703,2
-1.2015512581254013,1.016267636601896,0.09638895296588762,-1.02762575501898,0.6198797067425464,0.9578859753157553,-1.6562595917120186,-0.3528778083424879,1.1514573148044291,1.5212493854529547,-0.15116781035022395,1.2754799493152795,0.2927262722841317,-1.5115465304534308,-0.5475771855040708,0.053497934059360104,-1.2834573406497911,0.5596406313378746,0.9940178924830986,0.9860966422066364,0
-0.8566450741641315,-0.993932084149107,1.205266384761961,-1.02762575501898,1.311066891365345,0.9578859753157553,-0.44354892598840995,0.6875481622004737,0.219011696573069,-0.22756439290940172,0.838474155936022,1.6158231108135992,0.2927262722841317,1.6964992692367165,0.16464113511687545,0.5127076684744689,0.18104968048818207,0.5596406313378746,0.9940178924830986,-1.0140993866100703,3
-0.14170709019143288,-0.993932084149107,-0.7660712717643918,-1.02762575501898,-0.7624946625030504,-1.0439655927422493,-1.160150683006906,1.7279741327434355,1.1514573148044291,-0.22756439290940172,-0.4810484657789726,0.6759350423049942,1.5540335343980805,-0.2187381915153491,-1.0223893992513682,-0.1761069331481943,-0.002013697154064573,0.5596406313378746,0.9940178924830986,0.9860966422066364,1
-1.5007745038136553,-0.993932084149107,-1.2589056858959802,-1.02762575501898,0.8502754349501459,-1.0439655927422493,-0.002563229361643179,0.6875481622004737,-0.939481344259833,-0.6647678374999909,0.17871284507852472,0.8968200080456257,1.0425676537977453,0.7863695755620469,-1.4972016129986656,-1.094526401978412,1.6455567016261552,-1.7868609675630667,0.9940178924830986,0.9860966422066364,2
1.5051628345507897,-0.993932084149107,0.3428061600316817,0.9829463743659811,-0.3017032060878515,0.9578859753157553,1.3203938605186571,-1.0464951220377958,1.2644810261052,1.0840459408623657,-0.9758694489220956,-0.4532829968384376,-1.1861275634788284,-0.009417583142350127,-0.5475771855040708,-0.1761069331481943,1.4624933239839086,0.5596406313378746,0.9940178924830986,0.9860966422066364,2
-0.18510588155079796,-0.993932084149107,-1.012488478830186,0.9829463743659811,-0.7624946625030504,0.9578859753157553,-0.16793286559668072,0.6875481622004737,-0.48738649905674925,-1.10197128209058,1.6631757945078938,-0.7530554503435802,1.2601142274467567,-0.5368686315536074,1.1142655626114704,0.7423125356820234,0.7302398134149221,0.5596406313378746,-1.0060181084889308,0.9860966422066364,1
0.4841491641488847,1.016267636601896,-1.2589056858959802,-1.02762575501898,0.15908825032734747,0.9578859753157553,1.375517072597003,0.34073950535281977,1.1514573148044291,1.5212493854529547,0.34365317279289903,0.37616258879985165,0.47324364190777946,0.842618725829681,0.6394533488641729,0.2831028012669145,1.279429946341662,0.5596406313378746,-1.0060181084889308,0.9860966422066364,3
1.3269993752860276,1.016267636601896,-0.15002825409990672,-1.02762575501898,0.15908825032734747,-1.0439655927422493,1.044777800126928,1.3811654758957816,0.6428506139509599,1.0840459408623657,0.013772517364150388,-0.9987336265244865,1.4637748495862566,0.3289994356809566,-0.310171078630422,0.7423125356820234,-0.002013697154064573,-1.7868609675630667,-1.0060181084889308,-1.0140993866100703,2
-0.5825474445260361,-0.993932084149107,-1.2589056858959802,0.9829463743659811,-0.3017032060878515,0.9578859753157553,-1.2703971071635978,1.0343568190481278,-0.007035726028472855,-0.6647678374999909,1.6631757945078938,-0.25719124153808115,-1.2601859715295558,-1.1832728010226483,1.351671669485119,2.1199417389273503,0.9133031910571687,0.5596406313378746,-1.0060181084889308,-1.0140993866100703,0
-1.505342797640957,1.016267636601896,0.7124319706303729,0.9829463743659811,-0.9928903907106499,-1.0439655927422493,-0.44354892598840995,-0.3528778083424879,-0.1483153651544365,-0.22756439290940172,-0.8109291212077213,-0.5434401257121647,-0.8181498484767773,1.3285744994533393,-0.07276497175677328,1.2015222700971322,-0.5512038300808045,0.5596406313378746,-1.0060181084889308,0.9860966422066364,2
0.05472954438253541,1.016267636601896,0.5892233670974757,-1.02762575501898,-0.9928903907106499,-1.0439655927422493,-1.490889955476981,-0.3528778083424879,0.16249984092268352,0.6468424962717766,-1.14080977663647,0.6962203963015828,0.8273354054003192,-0.15326786907269305,-0.7849832923777195,0.053497934059360104,-1.2834573406497911,0.5596406313378746,0.9940178924830986,0.9860966422066364,2
-0.004658275372385239,-0.993932084149107,-1.2589056858959802,-1.02762575501898,-0.532098934295451,-1.0439655927422493,-0.2781792897533724,-1.3933037788854497,-1.5045999007636874,1.5212493854529547,-0.8109291212077213,-0.8364507945517777,-1.5008757976944194,0.30410227080839725,0.40204724199052416,-1.3241312691859664,-0.5512038300808045,0.5596406313378746,0.9940178924830986,0.9860966422066364,2
-1.6560964939419094,1.016267636601896,0.09638895296588762,-1.02762575501898,0.6198797067425464,0.9578859753157553,0.27305283103008604,-1.3933037788854497,0.8971539643776945,-1.539174726681169,-0.15116781035022395,0.7007282527452692,1.0911684840810352,1.1690482208254591,-0.07276497175677328,0.5127076684744689,-1.1003939630075446,0.5596406313378746,0.9940178924830986,0.9860966422066364,3
0.6303345666225355,-0.993932084149107,1.328474988294858,-1.02762575501898,-0.9928903907106499,0.9578859753157553,1.3203938605186571,1.3811654758957816,1.2362250982800074,-0.6647678374999909,-1.4706904320652185,1.7871216556736806,0.7903062013749556,-1.717178669956421,0.40204724199052416,-0.4057118003557487,1.6455567016261552,0.5596406313378746,0.9940178924830986,-1.0140993866100703,0
-1.183278082816195,-0.993932084149107,-1.2589056858959802,0.9829463743659811,0.38948397853494693,0.9578859753157553,-1.4357667433986352,-0.3528778083424879,1.5187843765319347,-0.22756439290940172,-0.15116781035022395,1.8051530814484262,1.7044646757511204,-1.470051255665832,-1.0223893992513682,-0.4057118003557487,-0.5512038300808045,0.5596406313378746,-1.0060181084889308,0.9860966422066364,0
-1.4528074186269888,1.016267636601896,1.205266384761961,0.9829463743659811,-0.3017032060878515,-1.0439655927422493,0.16280640687339437,0.6875481622004737,-0.40261871558117107,-0.6647678374999909,1.0034144836503964,0.1056912021786704,-0.4501721334747262,1.4558266754686426,0.16464113511687545,-1.094526401978412,-0.36814045243855786,-1.7868609675630667,-1.0060181084889308,0.9860966422066364,3
0.4270454913076149,1.016267636601896,1.205266384761961,-1.02762575501898,-0.532098934295451,0.9578859753157553,1.2652706484403113,-0.3528778083424879,-0.8829694886094475,-1.539174726681169,-0.4810484657789726,0.2972751010353405,-0.5080302647643569,0.4036909302986346,-1.7346077198723144,-1.094526401978412,-1.4665207182920377,0.5596406313378746,-1.0060181084889308,-1.0140993866100703,2
1.3269993752860276,1.016267636601896,0.2195975564987845,0.9829463743659811,-0.9928903907106499,0.9578859753157553,1.761379557145424,0.34073950535281977,0.5863387583005745,-1.539174726681169,-1.14080977663647,1.153767825335748,1.6188346414424668,-1.4294780980957353,-0.5475771855040708,-0.8649215347708576,1.279429946341662,0.5596406313378746,0.9940178924830986,-1.0140993866100703,1
-0.05490950747270271,-0.993932084149107,-0.6428626682314948,-1.02762575501898,-0.07130747788025202,-1.0439655927422493,-0.8845346226151768,-1.3933037788854497,-0.28959500428040014,-0.22756439290940172,-0.31610813806459825,-0.4307437146200058,0.5125871711847283,0.4682391355237885,-1.259795506125017,-1.094526401978412,0.7302398134149221,-1.7868609675630667,-1.0060181084889308,0.9860966422066364,2
-1.238097608743814,-0.993932084149107,1.4516835918277553,0.9829463743659811,0.15908825032734747,0.9578859753157553,-0.6640417743017933,-0.3528778083424879,0.9254098922028873,-1.10197128209058,-0.6459887934933469,-0.37664943729576955,0.5218444721910692,-1.7199450216089276,-0.07276497175677328,0.053497934059360104,-1.2834573406497911,0.5596406313378746,0.9940178924830986,0.9860966422066364,0
-1.192414670470798,1.016267636601896,-1.2589056858959802,0.9829463743659811,-0.07130747788025202,-1.0439655927422493,-1.2152738950852517,0.34073950535281977,1.6318080878327055,-1.539174726681169,-0.8109291212077213,-0.9649247031968389,-0.33677019614705006,-1.3243567353004846,-0.5475771855040708,0.2831028012669145,0.7302398134149221,-1.7868609675630667,0.9940178924830986,-1.0140993866100703,0
0.24888203204285292,1.016267636601896,0.5892233670974757,0.9829463743659811,0.15908825032734747,-1.0439655927422493,0.2179296189517402,-0.6996864651901419,0.13424391309749079,0.6468424962717766,-0.6459887934933469,-0.3991887195142013,-1.181498912975658,0.39631399255861705,1.5890777763587678,-1.094526401978412,0.18104968048818207,-1.7868609675630667,0.9940178924830986,-1.0140993866100703,2
-0.17140100006889322,1.016267636601896,1.328474988294858,0.9829463743659811,-0.9928903907106499,-1.0439655927422493,1.5960099209103864,-0.6996864651901419,-1.4763439729384948,-1.539174726681169,-0.6459887934933469,1.041071414243589,0.9361086922248248,1.5996769613989856,-0.310171078630422,0.9719174028895778,1.0963665686994153,-1.7868609675630667,0.9940178924830986,-1.0140993866100703,3
-1.5099110914682585,1.016267636601896,-1.2589056858959802,-1.02762575501898,1.0806711631577455,0.9578859753157553,1.6511331329887322,-0.6996864651901419,0.840642108727309,0.2096390516811874,0.5085935005072734,-0.04306806046297931,-0.2719690891026637,0.7863695755620469,0.6394533488641729,1.4311271373046865,-1.1003939630075446,0.5596406313378746,0.9940178924830986,0.9860966422066364,2
1.6719055592472976,1.016267636601896,-1.2589056858959802,0.9829463743659811,-0.9928903907106499,-1.0439655927422493,0.4384224672651236,-0.6996864651901419,1.2927369539303928,1.0840459408623657,1.4982354667935194,-0.3608719397428673,-0.7626060424387319,-1.4322444497482418,-1.0223893992513682,0.2831028012669145,1.0963665686994153,0.5596406313378746,0.9940178924830986,-1.0140993866100703,0
1.2676115555311072,1.016267636601896,-1.2589056858959802,0.9829463743659811,0.15908825032734747,0.9578859753157553,1.2652706484403113,-0.006069151494834045,-1.5328558285888803,1.0840459408623657,-0.4810484657789726,-1.3571082137975516,-1.4453319916563738,-1.5880822595061133,0.40204724199052416,0.2831028012669145,0.5471764357726754,0.5596406313378746,-1.0060181084889308,0.9860966422066364,0
0.7285528839095197,1.016267636601896,1.205266384761961,-1.02762575501898,-0.532098934295451,0.9578859753157553,-0.002563229361643179,-1.3933037788854497,-0.7416898494834838,0.2096390516811874,-1.14080977663647,-0.7282622399033052,0.3089265490452283,-1.149154463975067,0.8768594557378216,-0.1761069331481943,1.0963665686994153,0.5596406313378746,0.9940178924830986,0.9860966422066364,0
0.8176346135419007,1.016267636601896,-0.7660712717643918,-1.02762575501898,-0.07130747788025202,0.9578859753157553,-1.546013167555327,-0.006069151494834045,-1.561111756414073,-1.539174726681169,1.4982354667935194,0.5294297078851877,-0.2465115113352262,0.0053362923376850425,-1.0223893992513682,-0.6353166675633032,0.7302398134149221,0.5596406313378746,0.9940178924830986,-1.0140993866100703,2
0.0021941653685671435,-0.993932084149107,0.09638895296588762,-1.02762575501898,-0.9928903907106499,-1.0439655927422493,0.38329925518677777,-1.3933037788854497,0.16249984092268352,-1.10197128209058,-0.15116781035022395,1.9516584158682326,1.1675412173833475,1.047328748115169,0.16464113511687545,-1.094526401978412,1.0963665686994153,-1.7868609675630667,-1.0060181084889308,0.9860966422066364,3
1.724440938261266,1.016267636601896,-0.8892798752972889,0.9829463743659811,-0.532098934295451,0.9578859753157553,-1.3806435313202894,0.34073950535281977,-1.4763439729384948,1.5212493854529547,-0.9758694489220956,0.04934299663259096,-1.2509286705232148,-1.540132164195999,-0.310171078630422,0.5127076684744689,-0.9173305853652978,0.5596406313378746,0.9940178924830986,-1.0140993866100703,0
-0.041204625990797945,-0.993932084149107,0.9588491776961667,-1.02762575501898,0.6198797067425464,0.9578859753157553,0.16280640687339437,-0.3528778083424879,0.3320354078738399,1.0840459408623657,1.4982354667935194,0.27022796237322233,1.4984897283600351,0.4737718388288017,1.5890777763587678,2.3495466061349046,0.5471764357726754,0.5596406313378746,0.9940178924830986,0.9860966422066364,2
-0.5711267099577821,1.016267636601896,0.09638895296588762,0.9829463743659811,1.5414626195729444,0.9578859753157553,-0.44354892598840995,0.34073950535281977,0.44505911917461083,1.5212493854529547,1.1683548113647708,-0.07011519912509745,-1.3249870785739422,0.6406750551966995,0.8768594557378216,1.6607320045122411,-1.1003939630075446,0.5596406313378746,-1.0060181084889308,0.9860966422066364,2
-0.1348546494504805,1.016267636601896,-0.3964454611657008,-1.02762575501898,0.15908825032734747,0.9578859753157553,0.9896545880485821,1.7279741327434355,0.10598798527229807,-0.22756439290940172,1.6631757945078938,0.6308564778681307,0.0011212905843931014,-0.6087937745187789,-1.259795506125017,-0.6353166675633032,1.6455567016261552,0.5596406313378746,0.9940178924830986,0.9860966422066364,1
-1.1901305235571473,-0.993932084149107,1.574892195360652,-1.02762575501898,1.311066891365345,-1.0439655927422493,1.4857634967536948,1.0343568190481278,-0.7699457773086765,0.6468424962717766,0.5085935005072734,1.2168778155473567,0.3135551995483988,-0.2768315762179876,-0.310171078630422,0.7423125356820234,-1.4665207182920377,0.5596406313378746,0.9940178924830986,-1.0140993866100703,1
0.9843773382384087,1.016267636601896,0.09638895296588762,0.9829463743659811,-0.9928903907106499,-1.0439655927422493,0.8242849518135446,1.0343568190481278,-0.03529165385366558,1.5212493854529547,0.838474155936022,2.391174419127652,1.468403500089427,-1.1509986984100715,0.8768594557378216,-1.3241312691859664,-1.1003939630075446,0.5596406313378746,0.9940178924830986,-1.0140993866100703,1
-1.6104135556688934,1.016267636601896,1.205266384761961,-1.02762575501898,-0.7624946625030504,0.9578859753157553,-0.6089185622234475,-0.6996864651901419,0.6711065417761527,1.0840459408623657,-0.15116781035022395,-0.6719140343572259,0.5218444721910692,0.5364758096189511,-1.259795506125017,-0.1761069331481943,1.279429946341662,0.5596406313378746,0.9940178924830986,-1.0140993866100703,2
0.746826059218726,1.016267636601896,-1.2589056858959802,0.9829463743659811,-0.9928903907106499,-1.0439655927422493,-0.6640417743017933,-0.006069151494834045,-0.40261871558117107,-1.10197128209058,-1.635630759779593,2.159019812277805,1.5702338111591772,-1.3510981346080484,0.40204724199052416,0.7423125356820234,0.3641130581304287,0.5596406313378746,0.9940178924830986,0.9860966422066364,1
1.5896762703558691,-0.993932084149107,-1.2589056858959802,-1.02762575501898,-0.9928903907106499,0.9578859753157553,-0.16793286559668072,0.34073950535281977,-0.45913057123155654,0.2096390516811874,-0.15116781035022395,0.3626390194687926,-0.9060942080370159,-1.5392100469784968,-0.7849832923777195,-0.8649215347708576,-0.9173305853652978,0.5596406313378746,-1.0060181084889308,0.9860966422066364,0
-1.6789379630784174,1.016267636601896,1.574892195360652,0.9829463743659811,-0.532098934295451,-1.0439655927422493,1.2101474363619655,-0.3528778083424879,0.6428506139509599,-1.10197128209058,0.013772517364150388,1.2664642364279068,0.6653326377893533,0.23402136227823017,1.1142655626114704,1.2015222700971322,-1.6495840959342845,0.5596406313378746,-1.0060181084889308,-1.0140993866100703,2
-0.7447218753952425,-0.993932084149107,0.2195975564987845,0.9829463743659811,-0.7624946625030504,0.9578859753157553,0.49354567934346943,-0.6996864651901419,-1.052505055560604,-1.539174726681169,0.6735338282216478,-0.4825840637223989,-0.24882583658681143,0.14180964052801037,0.6394533488641729,-0.6353166675633032,1.279429946341662,0.5596406313378746,0.9940178924830986,-1.0140993866100703,1
0.1780734777196783,-0.993932084149107,0.3428061600316817,0.9829463743659811,-0.532098934295451,-1.0439655927422493,0.6037921035001611,-0.006069151494834045,-0.7699457773086765,0.2096390516811874,-1.14080977663647,-1.0505739756268795,-1.477732545178567,1.2096213783955558,0.8768594557378216,1.6607320045122411,-1.1003939630075446,-1.7868609675630667,0.9940178924830986,0.9860966422066364,3
-0.7355852877406394,1.016267636601896,-1.2589056858959802,-1.02762575501898,-0.7624946625030504,0.9578859753157553,-0.05768644143998903,-0.006069151494834045,-1.4763439729384948,0.6468424962717766,-1.3057501043508444,-0.5006154894971443,-0.7926922707093398,1.1985559717855294,1.5890777763587678,-0.8649215347708576,0.3641130581304287,0.5596406313378746,0.9940178924830986,-1.0140993866100703,3
-1.203835405039052,-0.993932084149107,1.205266384761961,0.9829463743659811,-0.7624946625030504,-1.0439655927422493,0.9345313759702363,0.34073950535281977,-1.1655287668613747,0.6468424962717766,-1.14080977663647,1.0951656915678252,1.1374549891127397,-1.5890043767236155,-1.7346077198723144,-1.3241312691859664,-0.18507707479631122,0.5596406313378746,-1.0060181084889308,0.9860966422066364,0
-0.3564169000746075,-0.993932084149107,-0.6428626682314948,-1.02762575501898,0.38948397853494693,-1.0439655927422493,1.0999010122052737,1.3811654758957816,-0.40261871558117107,-1.10197128209058,1.6631757945078938,0.6308564778681307,0.5033298701783874,-1.330811555823,1.5890777763587678,2.8087563405500133,1.4624933239839086,0.5596406313378746,0.9940178924830986,0.9860966422066364,0
-0.4569193642752425,-0.993932084149107,-1.135697082363083,-1.02762575501898,0.15908825032734747,0.9578859753157553,-1.4357667433986352,-1.3933037788854497,-0.12005943732924378,0.6468424962717766,-0.31610813806459825,-1.3142835775825314,-1.6374209875379477,1.0030671216750635,0.6394533488641729,0.2831028012669145,-0.7342672077230512,0.5596406313378746,-1.0060181084889308,0.9860966422066364,2
1.1602566505895198,-0.993932084149107,-1.2589056858959802,-1.02762575501898,-0.07130747788025202,-1.0439655927422493,-1.0499042588502143,0.6875481622004737,1.2644810261052,0.6468424962717766,0.34365317279289903,0.34911545013773354,-0.876007979766408,0.9044005794023282,-1.259795506125017,-1.094526401978412,-0.18507707479631122,0.5596406313378746,-1.0060181084889308,-1.0140993866100703,3
0.47958087032158314,1.016267636601896,-1.2589056858959802,0.9829463743659811,-0.9928903907106499,-1.0439655927422493,1.0999010122052737,0.34073950535281977,-0.9959931999102184,0.6468424962717766,-1.635630759779593,-0.9784482725278979,-0.7047479111491012,-0.08134272610752158,-1.7346077198723144,-1.094526401978412,-0.18507707479631122,-1.7868609675630667,0.9940178924830986,-1.0140993866100703,1
1.445775014795869,1.016267636601896,-1.2589056858959802,0.9829463743659811,2.2326498041957428,-1.0439655927422493,0.9345313759702363,-1.0464951220377958,-0.03529165385366558,1.0840459408623657,1.333295139079145,-1.271458941367511,0.31818385005156924,0.9486622058424338,0.8768594557378216,2.1199417389273503,-1.1003939630075446,0.5596406313378746,0.9940178924830986,-1.0140993866100703,3
1.2721798493584087,-0.993932084149107,-2.7357805694826946e-16,0.9829463743659811,0.15908825032734747,-1.0439655927422493,-1.3806435313202894,-1.3933037788854497,-1.1090169112109893,-0.22756439290940172,-0.6459887934933469,0.04934299663259096,-1.0495823736353,-0.4446569098033876,-0.7849832923777195,-0.4057118003557487,-1.4665207182920377,-1.7868609675630667,0.9940178924830986,0.9860966422066364,1
-0.3244388432834964,-0.993932084149107,-0.15002825409990672,-1.02762575501898,-0.9928903907106499,-1.0439655927422493,1.5408867088320406,1.0343568190481278,1.1514573148044291,-1.539174726681169,1.1683548113647708,-0.5411861974903215,-1.6952791188275784,-1.4894157172333782,0.6394533488641729,1.4311271373046865,0.18104968048818207,0.5596406313378746,-1.0060181084889308,-1.0140993866100703,0
0.7376894715641229,-0.993932084149107,-1.2589056858959802,0.9829463743659811,-0.7624946625030504,0.9578859753157553,-0.6640417743017933,1.0343568190481278,0.8971539643776945,1.5212493854529547,0.013772517364150388,0.0741362070728659,0.9823951972565295,1.2363627777031196,0.8768594557378216,1.2015222700971322,-0.9173305853652978,0.5596406313378746,0.9940178924830986,-1.0140993866100703,3
0.4430345197031704,1.016267636601896,0.9588491776961667,-1.02762575501898,0.8502754349501459,0.9578859753157553,-0.2781792897533724,1.3811654758957816,0.36029133569903266,1.0840459408623657,0.34365317279289903,2.195082663827296,0.9245370659668988,1.6374837673165759,1.351671669485119,2.3495466061349046,-1.6495840959342845,0.5596406313378746,-1.0060181084889308,0.9860966422066364,3
-1.1398792914568299,-0.993932084149107,0.3428061600316817,-1.02762575501898,-0.7624946625030504,-1.0439655927422493,-1.1050274709285601,-1.0464951220377958,-0.48738649905674925,-1.539174726681169,0.17871284507852472,0.6533957600865625,-0.24188286083205576,-0.939833855602068,-1.259795506125017,0.053497934059360104,1.4624933239839086,-1.7868609675630667,0.9940178924830986,0.9860966422066364,0
-1.2860646939304807,-0.993932084149107,0.8356405741632701,-1.02762575501898,-0.7624946625030504,0.9578859753157553,0.38329925518677777,-1.0464951220377958,-1.5893676842392657,-1.539174726681169,-0.8109291212077213,0.4933668563356969,-0.5566310950476466,-0.05552344401746003,0.16464113511687545,0.2831028012669145,-0.9173305853652978,0.5596406313378746,-1.0060181084889308,-1.0140993866100703,1
-1.6812221099920681,1.016267636601896,0.3428061600316817,0.9829463743659811,-0.7624946625030504,0.9578859753157553,-1.0499042588502143,0.6875481622004737,-0.26133907645520743,-1.539174726681169,-0.9758694489220956,1.915595564318742,1.0101671002755521,0.9154659860123546,1.5890777763587678,0.053497934059360104,-0.36814045243855786,0.5596406313378746,-1.0060181084889308,0.9860966422066364,3
-0.5003181556346076,-0.993932084149107,-0.026819650567009547,-1.02762575501898,2.0022540759881435,0.9578859753157553,-1.3806435313202894,0.6875481622004737,-1.250296550336953,-0.6647678374999909,1.333295139079145,0.506890425666756,0.8365927064066601,-0.9057155185544867,0.16464113511687545,0.7423125356820234,-0.5512038300808045,0.5596406313378746,-1.0060181084889308,0.9860966422066364,1
-0.7835523729273061,-0.993932084149107,-0.6428626682314948,0.9829463743659811,-0.3017032060878515,0.9578859753157553,-1.546013167555327,-0.6996864651901419,-0.826457632959062,-1.539174726681169,-0.9758694489220956,1.6541398905849332,0.5033298701783874,-0.981329130389667,-0.07276497175677328,0.9719174028895778,-1.2834573406497911,0.5596406313378746,0.9940178924830986,0.9860966422066364,1
1.3361359629406309,1.016267636601896,-0.8892798752972889,-1.02762575501898,-0.07130747788025202,0.9578859753157553,-0.7191649863801393,1.3811654758957816,0.07773205744710533,-1.10197128209058,-0.8109291212077213,0.9238671467077437,1.1258833628548135,0.23678771393073678,0.40204724199052416,-1.094526401978412,-1.1003939630075446,0.5596406313378746,-1.0060181084889308,-1.0140993866100703,2
0.6234821258815831,-0.993932084149107,-1.135697082363083,0.9829463743659811,-0.7624946625030504,0.9578859753157553,1.2101474363619655,-0.3528778083424879,-0.17657129297962923,-0.6647678374999909,-1.3057501043508444,-0.9581629185313093,1.3573158880133362,1.145073173170402,-1.259795506125017,-0.6353166675633032,-0.002013697154064573,0.5596406313378746,-1.0060181084889308,0.9860966422066364,3
-0.42494130748413134,-0.993932084149107,1.698100798893549,-1.02762575501898,0.6198797067425464,-1.0439655927422493,0.5486688914218153,1.3811654758957816,-0.40261871558117107,0.6468424962717766,1.1683548113647708,-0.509631202384517,0.021950217848660147,-0.7240584267065537,1.1142655626114704,-1.3241312691859664,0.5471764357726754,-1.7868609675630667,-1.0060181084889308,0.9860966422066364,0
1.6102335925787261,1.016267636601896,0.3428061600316817,0.9829463743659811,-0.9928903907106499,0.9578859753157553,-0.05768644143998903,1.0343568190481278,-1.5045999007636874,-0.22756439290940172,0.013772517364150388,1.0500871271309618,0.2556970682587681,0.40184669586363025,-1.259795506125017,-0.6353166675633032,-0.5512038300808045,0.5596406313378746,-1.0060181084889308,-1.0140993866100703,3
-0.14855953093238528,-0.993932084149107,-1.012488478830186,0.9829463743659811,-0.7624946625030504,0.9578859753157553,-0.38842571391006414,1.0343568190481278,-1.3915761894629166,-1.10197128209058,-0.31610813806459825,1.0185321320251572,0.4848152681657056,-1.6959699739538705,1.5890777763587678,0.2831028012669145,-1.4665207182920377,0.5596406313378746,-1.0060181084889308,0.9860966422066364,0
-1.3979878926993696,1.016267636601896,0.09638895296588762,0.9829463743659811,-0.3017032060878515,0.9578859753157553,-1.1050274709285601,-1.0464951220377958,-0.26133907645520743,1.0840459408623657,1.1683548113647708,-0.4465212121729081,-1.0009815433520102,0.3243888495934456,1.1142655626114704,-1.094526401978412,-0.18507707479631122,0.5596406313378746,-1.0060181084889308,-1.0140993866100703,1
0.8290553481101546,-0.993932084149107,1.4516835918277553,-1.02762575501898,-0.07130747788025202,0.9578859753157553,0.7691617397351987,0.34073950535281977,-0.6286661381827129,-1.539174726681169,-0.8109291212077213,-0.838704722773621,-0.43860050721680005,-0.24179112195290406,0.8768594557378216,0.7423125356820234,-1.6495840959342845,0.5596406313378746,-1.0060181084889308,0.9860966422066364,1
1.1282785937984086,1.016267636601896,-0.026819650567009547,0.9829463743659811,-0.07130747788025202,0.9578859753157553,-1.4357667433986352,1.3811654758957816,0.840642108727309,-1.539174726681169,0.838474155936022,-0.1242094764493337,-0.5890316485698398,1.25757147370567,-1.4972016129986656,-0.4057118003557487,-0.18507707479631122,0.5596406313378746,0.9940178924830986,0.9860966422066364,3
-1.4916379161590523,-0.993932084149107,-0.15002825409990672,0.9829463743659811,1.311066891365345,0.9578859753157553,-1.3255203192419436,-0.006069151494834045,0.049476129621912605,1.5212493854529547,0.6735338282216478,-1.1925714536029999,-1.5124474239523455,0.9717151362799887,-0.7849832923777195,0.2831028012669145,-0.18507707479631122,0.5596406313378746,-1.0060181084889308,0.9860966422066364,2
0.6600284764999959,-0.993932084149107,1.082057781229064,-1.02762575501898,-0.532098934295451,-1.0439655927422493,0.27305283103008604,-1.0464951220377958,0.44505911917461083,1.5212493854529547,-1.14080977663647,-0.764325091452796,-1.5911344825062432,-1.2828614605128859,0.6394533488641729,-1.3241312691859664,0.5471764357726754,0.5596406313378746,0.9940178924830986,-1.0140993866100703,0
-0.8315194581139728,-0.993932084149107,-1.012488478830186,-1.02762575501898,-0.532098934295451,-1.0439655927422493,-0.4986721380667558,-1.3933037788854497,-0.8547135607842548,1.0840459408623657,-0.4810484657789726,-0.7778486607838552,0.14923810668584764,-1.2616527645103353,0.40204724199052416,-0.1761069331481943,-0.9173305853652978,-1.7868609675630667,-1.0060181084889308,-1.0140993866100703,0
0.8290553481101546,-0.993932084149107,-1.135697082363083,-1.02762575501898,1.7718583477805439,-1.0439655927422493,1.430640284675349,-0.3528778083424879,0.840642108727309,-1.539174726681169,0.5085935005072734,1.383668503963752,1.1443979648674953,1.3811351808509646,1.1142655626114704,-0.8649215347708576,1.0963665686994153,-1.7868609675630667,0.9940178924830986,0.9860966422066364,3
0.4270454913076149,-0.993932084149107,0.09638895296588762,-1.02762575501898,-0.07130747788025202,0.9578859753157553,-1.1050274709285601,0.6875481622004737,0.95366582002808,0.2096390516811874,1.0034144836503964,2.09140196562251,1.0240530517850635,-0.78122969419169,0.40204724199052416,0.7423125356820234,-1.1003939630075446,0.5596406313378746,-1.0060181084889308,-1.0140993866100703,1
0.2991332641431704,-0.993932084149107,-0.15002825409990672,-1.02762575501898,0.15908825032734747,0.9578859753157553,-1.4357667433986352,-1.0464951220377958,0.5015709748249962,0.6468424962717766,-0.31610813806459825,1.6834409574688944,1.2300279991761487,1.4558266754686426,0.16464113511687545,0.9719174028895778,-0.002013697154064573,0.5596406313378746,0.9940178924830986,-1.0140993866100703,3
-1.4391025371450838,1.016267636601896,-1.2589056858959802,-1.02762575501898,-0.07130747788025202,0.9578859753157553,-1.2152738950852517,-1.3933037788854497,-1.674135467714844,0.6468424962717766,-0.6459887934933469,-1.1993332382685293,0.6306177590155749,-0.20214008160030955,0.8768594557378216,-0.6353166675633032,1.279429946341662,0.5596406313378746,0.9940178924830986,0.9860966422066364,1
-5.193548790090959e-16,-0.993932084149107,-0.3964454611657008,0.9829463743659811,0.15908825032734747,0.9578859753157553,-0.9396578346935226,-0.6996864651901419,1.066689531328851,0.6468424962717766,-0.31610813806459825,-0.26846088264729706,1.1027401103389611,0.4719276043937973,-0.07276497175677328,-0.8649215347708576,-0.9173305853652978,0.5596406313378746,0.9940178924830986,-1.0140993866100703,2
-0.5665584161304806,-0.993932084149107,0.5892233670974757,-1.02762575501898,-0.532098934295451,0.9578859753157553,-1.1050274709285601,-0.6996864651901419,0.5015709748249962,0.2096390516811874,-0.6459887934933469,1.270972092871593,0.9870238477596999,-0.10162930489256994,-0.310171078630422,0.7423125356820234,-0.18507707479631122,0.5596406313378746,-1.0060181084889308,-1.0140993866100703,2
1.1077212715755516,1.016267636601896,0.3428061600316817,-1.02762575501898,-0.9928903907106499,0.9578859753157553,-1.2703971071635978,1.0343568190481278,-1.1372728390361821,-1.10197128209058,-1.4706904320652185,0.02229585797047283,-0.9801526160877432,0.8592168357447205,1.351671669485119,2.3495466061349046,-0.9173305853652978,0.5596406313378746,-1.0060181084889308,-1.0140993866100703,3
-1.4962062099863538,1.016267636601896,0.3428061600316817,-1.02762575501898,-0.9928903907106499,0.9578859753157553,-0.7191649863801393,-0.6996864651901419,0.7841302530769236,-0.6647678374999909,-1.635630759779593,1.0771342657930798,0.8574216336709272,-1.529988874803475,-0.07276497175677328,0.5127076684744689,-1.2834573406497911,0.5596406313378746,0.9940178924830986,-1.0140993866100703,0
-0.8657816618187346,1.016267636601896,-0.2732368576328036,0.9829463743659811,-0.7624946625030504,0.9578859753157553,0.9345313759702363,0.6875481622004737,0.021220201796719875,0.6468424962717766,0.5085935005072734,0.1056912021786704,-0.6306895030983739,1.6088981335740076,0.8768594557378216,1.8903368717197957,1.6455567016261552,0.5596406313378746,0.9940178924830986,0.9860966422066364,3
0.6897223863774562,1.016267636601896,1.574892195360652,0.9829463743659811,1.311066891365345,0.9578859753157553,-0.22305607767502658,-1.0464951220377958,0.6993624696013454,0.2096390516811874,0.838474155936022,0.34009973725036086,-0.4617437597326523,-0.9370675039495614,-0.07276497175677328,-1.094526401978412,-0.7342672077230512,0.5596406313378746,-1.0060181084889308,0.9860966422066364,1
-1.425397655663179,1.016267636601896,-1.2589056858959802,0.9829463743659811,0.6198797067425464,-1.0439655927422493,1.430640284675349,-0.006069151494834045,-0.28959500428040014,0.2096390516811874,-0.31610813806459825,0.8472335871650758,1.6350349182035635,-0.20121796438280734,0.40204724199052416,-0.1761069331481943,-1.1003939630075446,0.5596406313378746,-1.0060181084889308,-1.0140993866100703,1
-0.7470060223088933,1.016267636601896,1.574892195360652,0.9829463743659811,0.38948397853494693,0.9578859753157553,0.7691617397351987,-0.3528778083424879,-1.5893676842392657,-0.22756439290940172,0.17871284507852472,0.7886314533971531,0.13535215517633628,-1.1740516288476264,-1.0223893992513682,-0.4057118003557487,-1.2834573406497911,0.5596406313378746,0.9940178924830986,0.9860966422066364,0
0.08899174808729732,1.016267636601896,-0.3964454611657008,-1.02762575501898,1.311066891365345,0.9578859753157553,1.5408867088320406,0.34073950535281977,0.8971539643776945,1.0840459408623657,0.6735338282216478,1.3498595806361042,0.5843312539838703,0.9385189164499096,-0.310171078630422,-0.4057118003557487,1.4624933239839086,0.5596406313378746,-1.0060181084889308,0.9860966422066364,3
0.2877125295749164,-0.993932084149107,-2.7357805694826946e-16,-1.02762575501898,-0.9928903907106499,0.9578859753157553,-0.05768644143998903,-0.6996864651901419,-0.4308746434063638,-0.22756439290940172,-1.635630759779593,-0.7936261583367574,-0.651518430362641,-0.7600209981891394,0.40204724199052416,0.2831028012669145,0.3641130581304287,0.5596406313378746,-1.0060181084889308,0.9860966422066364,0
1.057470039475234,-0.993932084149107,-0.6428626682314948,-1.02762575501898,0.6198797067425464,-1.0439655927422493,0.2179296189517402,-1.3933037788854497,1.038433603503658,0.2096390516811874,-0.15116781035022395,1.3408438677487315,1.5725481364107623,-0.6401457599138537,-1.0223893992513682,0.053497934059360104,-0.18507707479631122,-1.7868609675630667,-1.0060181084889308,-1.0140993866100703,2
-1.4847854754180998,1.016267636601896,-1.2589056858959802,-1.02762575501898,-0.7624946625030504,0.9578859753157553,1.4857634967536948,0.6875481622004737,0.16249984092268352,1.5212493854529547,-0.9758694489220956,0.25670439304216325,1.4036023930450408,-1.6249669482062012,0.8768594557378216,0.9719174028895778,-0.9173305853652978,0.5596406313378746,0.9940178924830986,0.9860966422066364,0
0.2465978851292021,-0.993932084149107,-0.026819650567009547,0.9829463743659811,1.311066891365345,-1.0439655927422493,1.3203938605186571,-0.6996864651901419,-1.2785524781621458,-1.539174726681169,1.4982354667935194,-0.5569636950432237,0.6398750600219157,0.3059465052434016,0.16464113511687545,-1.3241312691859664,0.3641130581304287,0.5596406313378746,0.9940178924830986,0.9860966422066364,2
0.924989518483488,-0.993932084149107,1.574892195360652,-1.02762575501898,-0.9928903907106499,0.9578859753157553,0.658915315578507,1.7279741327434355,-0.09180350950405104,1.5212493854529547,-1.635630759779593,-0.6471208239169508,-1.0657826503963965,0.21742325236319063,-1.259795506125017,-0.4057118003557487,1.4624933239839086,0.5596406313378746,-1.0060181084889308,-1.0140993866100703,2
-0.6465035581082584,-0.993932084149107,0.46601476356457855,0.9829463743659811,-0.7624946625030504,-1.0439655927422493,0.5486688914218153,-1.3933037788854497,-0.20482722080482196,1.0840459408623657,0.17871284507852472,-0.5456940539340078,0.8389070316582453,1.4530603238161361,-0.5475771855040708,-1.3241312691859664,-0.7342672077230512,0.5596406313378746,0.9940178924830986,-1.0140993866100703,3
-0.3427120185927028,-0.993932084149107,-0.15002825409990672,0.9829463743659811,1.311066891365345,-1.0439655927422493,-1.6562595917120186,-1.3933037788854497,0.36029133569903266,1.0840459408623657,1.6631757945078938,-0.9784482725278979,0.36447035508327374,0.4571737289137621,-1.259795506125017,-0.1761069331481943,0.3641130581304287,0.5596406313378746,-1.0060181084889308,-1.0140993866100703,2
-0.8406560457685759,-0.993932084149107,-1.135697082363083,-1.02762575501898,-0.532098934295451,-1.0439655927422493,1.0999010122052737,-1.3933037788854497,1.066689531328851,-0.6647678374999909,-1.14080977663647,-1.016765052299232,0.42927146212766015,-1.5558081568935365,0.40204724199052416,0.2831028012669145,1.0963665686994153,0.5596406313378746,-1.0060181084889308,-1.0140993866100703,0
-1.3134744568942902,-0.993932084149107,-0.026819650567009547,-1.02762575501898,0.15908825032734747,0.9578859753157553,-1.4357667433986352,1.3811654758957816,0.6711065417761527,-1.10197128209058,1.4982354667935194,0.9711996393664505,0.510272845933143,1.5212969979112987,-0.310171078630422,-0.1761069331481943,1.279429946341662,0.5596406313378746,-1.0060181084889308,-1.0140993866100703,3
1.4503433086231705,1.016267636601896,-1.135697082363083,-1.02762575501898,-0.7624946625030504,-1.0439655927422493,-0.7191649863801393,1.0343568190481278,1.462272520881549,-1.10197128209058,-0.15116781035022395,1.3363360113050453,0.3852992823475408,-0.8356346100243197,0.6394533488641729,0.9719174028895778,1.0963665686994153,-1.7868609675630667,0.9940178924830986,-1.0140993866100703,1
1.5736872419603134,-0.993932084149107,1.328474988294858,-1.02762575501898,0.15908825032734747,-1.0439655927422493,-1.490889955476981,1.0343568190481278,0.6145946861257672,0.2096390516811874,1.0034144836503964,-0.9378775645347207,-0.5728313718087432,-1.3169797975604671,0.40204724199052416,1.4311271373046865,0.7302398134149221,0.5596406313378746,0.9940178924830986,0.9860966422066364,0
-0.8018255482365124,-0.993932084149107,-2.7357805694826946e-16,0.9829463743659811,-0.532098934295451,0.9578859753157553,0.05255998271670267,-0.3528778083424879,1.6318080878327055,-1.10197128209058,1.1683548113647708,-0.7169925987940894,0.998595474017626,1.182879979087992,-0.07276497175677328,-1.094526401978412,1.6455567016261552,0.5596406313378746,-1.0060181084889308,-1.0140993866100703,3
-0.3701217815565123,1.016267636601896,0.2195975564987845,0.9829463743659811,-0.7624946625030504,-1.0439655927422493,1.430640284675349,1.0343568190481278,-1.5328558285888803,1.0840459408623657,0.5085935005072734,-1.1497468173879795,1.4822894515989384,1.63932800175158,-0.7849832923777195,-0.6353166675633032,-1.4665207182920377,0.5596406313378746,-1.0060181084889308,-1.0140993866100703,3
-0.4934657148936552,1.016267636601896,0.9588491776961667,0.9829463743659811,0.15908825032734747,0.9578859753157553,-0.11280965351833487,-1.0464951220377958,-1.7023913955400367,1.5212493854529547,-0.4810484657789726,-1.4427574862275925,1.1397693143643248,-0.03523686523241167,-0.5475771855040708,-1.3241312691859664,1.4624933239839086,0.5596406313378746,0.9940178924830986,0.9860966422066364,1
0.4270454913076149,1.016267636601896,-0.8892798752972889,-1.02762575501898,-0.532098934295451,0.9578859753157553,0.5486688914218153,0.34073950535281977,-1.5893676842392657,-0.6647678374999909,0.013772517364150388,0.15753155128106347,-0.20485365680669212,-0.7083824340090163,0.6394533488641729,0.7423125356820234,0.9133031910571687,0.5596406313378746,-1.0060181084889308,0.9860966422066364,1
-0.9320219223146077,-0.993932084149107,0.2195975564987845,0.9829463743659811,0.6198797067425464,0.9578859753157553,-0.3333025018317183,0.6875481622004737,1.038433603503658,0.2096390516811874,0.17871284507852472,-0.30226980597494474,-1.4592179431658852,-0.3874856423182514,-1.4972016129986656,-0.1761069331481943,1.6455567016261552,0.5596406313378746,0.9940178924830986,0.9860966422066364,0
0.5869357752631704,1.016267636601896,-0.2732368576328036,0.9829463743659811,-0.9928903907106499,0.9578859753157553,-1.4357667433986352,-0.006069151494834045,-1.561111756414073,-0.6647678374999909,-0.15116781035022395,-0.21662053354490396,0.30429789854205785,1.3341072027583525,0.8768594557378216,-1.094526401978412,-0.002013697154064573,0.5596406313378746,0.9940178924830986,0.9860966422066364,3
0.4430345197031704,1.016267636601896,0.9588491776961667,-1.02762575501898,-0.532098934295451,0.9578859753157553,-1.490889955476981,-1.3933037788854497,-0.3178509321055929,0.2096390516811874,0.17871284507852472,-0.5073772741626739,-1.0819829271574932,0.007180526772689439,1.351671669485119,2.1199417389273503,1.4624933239839086,0.5596406313378746,-1.0060181084889308,0.9860966422066364,1
-0.329007137110798,1.016267636601896,1.328474988294858,0.9829463743659811,-0.9928903907106499,0.9578859753157553,0.658915315578507,0.6875481622004737,-1.052505055560604,-0.22756439290940172,-0.8109291212077213,0.43476472256777426,-0.4293432062104591,1.0003007700225568,0.16464113511687545,1.2015222700971322,-0.5512038300808045,0.5596406313378746,0.9940178924830986,0.9860966422066364,3
-1.361441542080957,1.016267636601896,-1.012488478830186,0.9829463743659811,-0.3017032060878515,0.9578859753157553,-0.4986721380667558,1.0343568190481278,0.44505911917461083,-1.539174726681169,-0.15116781035022395,-0.7462936656780507,0.3436414278190067,-0.026015693057389693,0.16464113511687545,0.053497934059360104,-1.6495840959342845,0.5596406313378746,-1.0060181084889308,-1.0140993866100703,1
-0.22165223216921068,1.016267636601896,-0.5196540646985977,-1.02762575501898,-0.9928903907106499,0.9578859753157553,-1.4357667433986352,-0.006069151494834045,1.6318080878327055,-0.22756439290940172,-1.635630759779593,0.21162582860529972,1.1906844698991998,-0.7849181630616988,1.5890777763587678,-1.3241312691859664,-0.9173305853652978,0.5596406313378746,-1.0060181084889308,-1.0140993866100703,1
-1.1627207605933378,1.016267636601896,-1.2589056858959802,0.9829463743659811,-0.3017032060878515,0.9578859753157553,-0.2781792897533724,-1.3933037788854497,-0.7982017051338693,0.2096390516811874,0.013772517364150388,-1.3142835775825314,-0.9384947615592091,1.3820572980684669,-0.7849832923777195,-0.4057118003557487,0.7302398134149221,0.5596406313378746,0.9940178924830986,-1.0140993866100703,2
1.512015275291742,1.016267636601896,-1.2589056858959802,-1.02762575501898,0.15908825032734747,0.9578859753157553,0.49354567934346943,0.34073950535281977,-0.26133907645520743,-1.10197128209058,1.1683548113647708,-1.4472653426712787,0.9499946437343363,-1.619434244901188,-1.7346077198723144,-1.094526401978412,0.18104968048818207,0.5596406313378746,-1.0060181084889308,-1.0140993866100703,0
0.6189138320542815,-0.993932084149107,-1.135697082363083,0.9829463743659811,-0.7624946625030504,-1.0439655927422493,-0.002563229361643179,0.6875481622004737,-0.1483153651544365,-0.6647678374999909,-0.31610813806459825,0.7165057502981714,0.621360458009234,-1.1712852771951199,-1.0223893992513682,-0.8649215347708576,-0.18507707479631122,0.5596406313378746,-1.0060181084889308,0.9860966422066364,1
1.5645506543057104,-0.993932084149107,1.328474988294858,-1.02762575501898,-0.9928903907106499,0.9578859753157553,1.4857634967536948,1.3811654758957816,-0.12005943732924378,0.6468424962717766,-1.635630759779593,1.7871216556736806,1.5540335343980805,1.4032659940710175,-0.5475771855040708,0.7423125356820234,0.9133031910571687,0.5596406313378746,-1.0060181084889308,0.9860966422066364,3
1.3384201098542816,-0.993932084149107,-0.5196540646985977,0.9829463743659811,2.0022540759881435,0.9578859753157553,-0.8294114105368309,-1.3933037788854497,0.47331504699980353,-0.22756439290940172,1.333295139079145,2.199590520270982,1.2068847466602965,0.9274535098398832,-0.07276497175677328,-0.4057118003557487,-1.6495840959342845,0.5596406313378746,-1.0060181084889308,0.9860966422066364,3
0.08213930734634493,1.016267636601896,-1.2589056858959802,0.9829463743659811,-0.3017032060878515,0.9578859753157553,-1.490889955476981,-1.0464951220377958,0.3320354078738399,-1.539174726681169,-0.15116781035022395,-1.411202491121788,-1.7369369733561124,1.5305181700863209,0.16464113511687545,-0.4057118003557487,-1.2834573406497911,0.5596406313378746,0.9940178924830986,-1.0140993866100703,3
-0.5756950037850838,1.016267636601896,0.9588491776961667,-1.02762575501898,1.0806711631577455,-1.0439655927422493,-0.8294114105368309,1.0343568190481278,-0.45913057123155654,1.0840459408623657,1.1683548113647708,0.54520720543809,0.0520364461192681,1.6236520090540427,-0.310171078630422,-1.3241312691859664,0.5471764357726754,0.5596406313378746,0.9940178924830986,-1.0140993866100703,3
0.6828699456365038,1.016267636601896,0.9588491776961667,-1.02762575501898,0.38948397853494693,0.9578859753157553,-1.0499042588502143,-1.0464951220377958,-0.5438983547071348,1.0840459408623657,-0.4810484657789726,-0.17604982555172677,-0.6144892263372773,-0.581130257993713,1.351671669485119,0.9719174028895778,0.18104968048818207,0.5596406313378746,0.9940178924830986,0.9860966422066364,1
1.6582006777653928,1.016267636601896,-1.2589056858959802,-1.02762575501898,-0.07130747788025202,0.9578859753157553,-0.16793286559668072,-0.006069151494834045,0.24726762439826172,0.2096390516811874,0.5085935005072734,-0.13773304578039278,-1.3319300543286978,0.782681106692038,-0.310171078630422,-1.094526401978412,1.6455567016261552,0.5596406313378746,0.9940178924830986,0.9860966422066364,3
-0.9845573013285759,-0.993932084149107,0.46601476356457855,-1.02762575501898,0.6198797067425464,-1.0439655927422493,-0.6640417743017933,1.0343568190481278,1.2644810261052,0.6468424962717766,0.6735338282216478,-0.33607872930259236,-0.6422611293563001,-0.6023389539962636,0.16464113511687545,-0.4057118003557487,-0.002013697154064573,-1.7868609675630667,0.9940178924830986,-1.0140993866100703,0
-1.203835405039052,-0.993932084149107,-1.2589056858959802,-1.02762575501898,0.38948397853494693,-1.0439655927422493,-0.2781792897533724,-0.006069151494834045,-1.5328558285888803,-1.10197128209058,0.17871284507852472,1.3521135088579475,0.13303782992475105,-0.11361682872009851,-0.310171078630422,0.9719174028895778,0.18104968048818207,0.5596406313378746,0.9940178924830986,0.9860966422066364,1
0.6120613913133292,1.016267636601896,-0.7660712717643918,0.9829463743659811,-0.9928903907106499,0.9578859753157553,0.5486688914218153,-0.3528778083424879,-0.48738649905674925,0.2096390516811874,-1.635630759779593,0.08315191996023862,-0.8412931009926296,-0.5885071957337306,0.6394533488641729,-0.6353166675633032,1.4624933239839086,0.5596406313378746,-1.0060181084889308,-1.0140993866100703,1
-0.7470060223088933,-0.993932084149107,-1.012488478830186,-1.02762575501898,-0.3017032060878515,-1.0439655927422493,0.8242849518135446,1.3811654758957816,1.1797132426296217,-0.6647678374999909,-0.6459887934933469,0.17781690527765207,-1.0588396746416409,-0.7406565366215933,-1.259795506125017,-0.8649215347708576,-0.9173305853652978,-1.7868609675630667,0.9940178924830986,0.9860966422066364,0
-1.073639030960957,1.016267636601896,-0.3964454611657008,-1.02762575501898,-0.532098934295451,-1.0439655927422493,-0.8294114105368309,-1.3933037788854497,-1.2785524781621458,1.5212493854529547,-0.9758694489220956,1.665409531694149,0.468614991404609,-0.2279593636903711,1.351671669485119,-0.8649215347708576,-0.002013697154064573,-1.7868609675630667,-1.0060181084889308,0.9860966422066364,1
-0.6647767334174648,-0.993932084149107,0.9588491776961667,-1.02762575501898,2.2326498041957428,-1.0439655927422493,-0.5537953501451016,-1.3933037788854497,0.9254098922028873,0.2096390516811874,1.6631757945078938,-0.8747675743231118,0.9314800417216544,1.2677147630981942,-0.310171078630422,0.2831028012669145,1.4624933239839086,0.5596406313378746,0.9940178924830986,0.9860966422066364,3
-1.6720855223374649,1.016267636601896,0.46601476356457855,0.9829463743659811,-0.9928903907106499,0.9578859753157553,0.38329925518677777,0.6875481622004737,0.049476129621912605,-1.539174726681169,-1.635630759779593,-1.4157103475654744,-0.3876853516819251,-0.000196410967328146,-1.4972016129986656,-1.3241312691859664,0.18104968048818207,0.5596406313378746,0.9940178924830986,-1.0140993866100703,1
0.3311113209342815,1.016267636601896,1.574892195360652,0.9829463743659811,2.4630455324033425,-1.0439655927422493,1.5408867088320406,-1.3933037788854497,-1.6458795398896513,-0.6647678374999909,1.333295139079145,0.761584314735035,-0.09608036998218644,-0.8328682583718131,1.351671669485119,1.4311271373046865,0.7302398134149221,0.5596406313378746,-1.0060181084889308,0.9860966422066364,1
1.203655441948885,1.016267636601896,-0.2732368576328036,-1.02762575501898,-0.7624946625030504,-1.0439655927422493,-0.16793286559668072,-0.006069151494834045,1.5187843765319347,1.5212493854529547,1.6631757945078938,-0.4645526379476535,0.12609485416999536,0.1768500947930939,1.5890777763587678,-0.8649215347708576,-0.9173305853652978,-1.7868609675630667,-1.0060181084889308,0.9860966422066364,2
0.38364669994824974,-0.993932084149107,0.3428061600316817,0.9829463743659811,0.15908825032734747,0.9578859753157553,-0.8845346226151768,-1.0464951220377958,0.840642108727309,-0.22756439290940172,-0.6459887934933469,0.6308564778681307,-0.10533767098852735,-0.9739521926496494,-1.4972016129986656,-1.3241312691859664,-0.5512038300808045,0.5596406313378746,0.9940178924830986,-1.0140993866100703,1
-1.42768180257683,-0.993932084149107,1.698100798893549,0.9829463743659811,-0.3017032060878515,0.9578859753157553,-0.44354892598840995,-1.0464951220377958,-1.3068084059873384,-0.22756439290940172,-0.4810484657789726,-0.5321704846029488,-1.5008757976944194,-0.1790871511627546,0.16464113511687545,1.4311271373046865,-1.2834573406497911,0.5596406313378746,-1.0060181084889308,0.9860966422066364,1
1.6741897061609485,-0.993932084149107,1.698100798893549,-1.02762575501898,1.0806711631577455,-1.0439655927422493,-0.9947810467718684,-0.3528778083424879,1.57529623218232,1.0840459408623657,1.333295139079145,-0.7936261583367574,-0.693176284891175,-0.7452671227091042,-1.0223893992513682,-1.094526401978412,-0.5512038300808045,0.5596406313378746,0.9940178924830986,-1.0140993866100703,1
-0.4569193642752425,-0.993932084149107,-1.2589056858959802,0.9829463743659811,0.8502754349501459,-1.0439655927422493,0.8242849518135446,-1.0464951220377958,-0.28959500428040014,1.5212493854529547,-0.15116781035022395,-0.5885186901490282,1.4498888980767453,-0.3524451880531678,1.351671669485119,1.4311271373046865,0.7302398134149221,0.5596406313378746,-1.0060181084889308,-1.0140993866100703,1
-1.6629489346828619,1.016267636601896,1.8213094024264462,0.9829463743659811,0.15908825032734747,0.9578859753157553,0.10768319479504852,1.3811654758957816,-0.4308746434063638,1.5212493854529547,0.5085935005072734,-1.118191822282175,0.07749402388670559,1.05193933420268,0.40204724199052416,0.2831028012669145,0.5471764357726754,0.5596406313378746,-1.0060181084889308,-1.0140993866100703,2
1.3064420530631706,1.016267636601896,1.205266384761961,-1.02762575501898,-0.07130747788025202,0.9578859753157553,-1.490889955476981,0.34073950535281977,-1.1937846946865676,-0.22756439290940172,1.0034144836503964,-0.4465212121729081,-1.5818771814999022,0.5309431063139379,0.16464113511687545,0.2831028012669145,-0.5512038300808045,0.5596406313378746,0.9940178924830986,0.9860966422066364,2
-0.18282173463714718,-0.993932084149107,-0.026819650567009547,-1.02762575501898,-0.3017032060878515,-1.0439655927422493,0.2179296189517402,-0.3528778083424879,-1.024249127735411,-0.22756439290940172,-0.31610813806459825,0.1620394077247498,-0.10533767098852735,-0.00849546592484793,-1.0223893992513682,0.2831028012669145,1.279429946341662,-1.7868609675630667,-1.0060181084889308,-1.0140993866100703,2
1.39095548886825,-0.993932084149107,-0.2732368576328036,0.9829463743659811,0.6198797067425464,-1.0439655927422493,-1.1050274709285601,-1.3933037788854497,1.066689531328851,-1.10197128209058,1.4982354667935194,-1.0145111240773887,-1.6628785653053852,1.6513155255791088,-0.7849832923777195,0.2831028012669145,-0.5512038300808045,-1.7868609675630667,-1.0060181084889308,0.9860966422066364,3
1.7107360567793612,1.016267636601896,-1.2589056858959802,-1.02762575501898,-0.9928903907106499,0.9578859753157553,-0.8845346226151768,-1.3933037788854497,-1.3068084059873384,1.5212493854529547,-1.4706904320652185,-1.1091761093948023,-1.285643549296993,0.940363150884914,0.8768594557378216,-0.8649215347708576,0.5471764357726754,0.5596406313378746,-1.0060181084889308,-1.0140993866100703,3
0.525263808594599,-0.993932084149107,-1.2589056858959802,-1.02762575501898,-0.3017032060878515,0.9578859753157553,1.430640284675349,-0.006069151494834045,0.2755235522234544,1.0840459408623657,-0.31610813806459825,2.37539692157475,1.385087791032359,-0.5101272322460437,1.1142655626114704,2.3495466061349046,-1.6495840959342845,0.5596406313378746,-1.0060181084889308,-1.0140993866100703,2
0.42019305056666245,-0.993932084149107,-1.135697082363083,-1.02762575501898,1.7718583477805439,-1.0439655927422493,0.658915315578507,1.0343568190481278,-0.26133907645520743,0.2096390516811874,0.5085935005072734,-0.3248090881933765,-1.415245763385766,0.11875671009045541,-0.5475771855040708,0.5127076684744689,-0.36814045243855786,-1.7868609675630667,-1.0060181084889308,-1.0140993866100703,1
1.67875799998825,-0.993932084149107,-1.2589056858959802,0.9829463743659811,1.0806711631577455,-1.0439655927422493,-1.2152738950852517,1.0343568190481278,0.13424391309749079,0.6468424962717766,0.34365317279289903,-0.2594451697599243,0.5658166519711886,-0.6373794082613471,-1.4972016129986656,-1.094526401978412,1.0963665686994153,-1.7868609675630667,-1.0060181084889308,-1.0140993866100703,1
-0.9228853346600044,-0.993932084149107,-0.8892798752972889,0.9829463743659811,-0.532098934295451,0.9578859753157553,0.5486688914218153,1.0343568190481278,-0.3461068599307856,0.2096390516811874,1.333295139079145,-0.5614715514869101,0.2927262722841317,0.4230553918661808,0.6394533488641729,-0.8649215347708576,0.3641130581304287,0.5596406313378746,0.9940178924830986,0.9860966422066364,2
0.43389793204856725,-0.993932084149107,-1.135697082363083,-1.02762575501898,0.8502754349501459,-1.0439655927422493,0.5486688914218153,1.3811654758957816,0.3037794800486472,0.2096390516811874,-0.15116781035022395,0.05610478129812049,0.6954188660599613,-0.283286396740503,-1.4972016129986656,-1.094526401978412,0.9133031910571687,0.5596406313378746,-1.0060181084889308,-1.0140993866100703,1
-0.6670608803311155,1.016267636601896,-1.2589056858959802,-1.02762575501898,-0.7624946625030504,0.9578859753157553,1.044777800126928,-1.3933037788854497,0.10598798527229807,-1.10197128209058,0.838474155936022,-1.0190189805210752,-0.8436074262442148,0.7291983080769106,1.1142655626114704,-1.094526401978412,-0.9173305853652978,0.5596406313378746,0.9940178924830986,0.9860966422066364,2
0.4727284295806307,1.016267636601896,1.574892195360652,0.9829463743659811,-0.9928903907106499,0.9578859753157553,-0.7742881984584851,-0.6996864651901419,1.066689531328851,1.5212493854529547,-1.4706904320652185,-0.6628983214698531,1.1976274456539555,1.1210981255153447,-1.0223893992513682,-1.3241312691859664,0.9133031910571687,0.5596406313378746,0.9940178924830986,0.9860966422066364,3
0.2123356814244402,-0.993932084149107,-0.2732368576328036,0.9829463743659811,0.15908825032734747,0.9578859753157553,-1.3806435313202894,1.0343568190481278,0.7841302530769236,1.0840459408623657,1.4982354667935194,0.4527961483425197,-0.9176658342949421,0.6139336558891358,1.5890777763587678,1.2015222700971322,-0.18507707479631122,0.5596406313378746,0.9940178924830986,-1.0140993866100703,2
0.591504069090472,1.016267636601896,-0.3964454611657008,0.9829463743659811,-0.9928903907106499,0.9578859753157553,-0.9947810467718684,-1.3933037788854497,1.4340165930563564,-0.22756439290940172,-1.4706904320652185,-1.2038410947122156,-0.1955963558003512,-1.4267117464432286,0.40204724199052416,1.4311271373046865,0.18104968048818207,0.5596406313378746,0.9940178924830986,-1.0140993866100703,0
0.769667528355234,1.016267636601896,-0.7660712717643918,0.9829463743659811,-0.9928903907106499,0.9578859753157553,-0.9947810467718684,-0.3528778083424879,0.9254098922028873,-1.10197128209058,-0.9758694489220956,1.2799878057589658,0.3112408742968135,1.010444059415081,1.1142655626114704,-0.8649215347708576,-0.9173305853652978,0.5596406313378746,0.9940178924830986,-1.0140993866100703,3
0.3630893777253926,-0.993932084149107,0.09638895296588762,0.9829463743659811,0.8502754349501459,0.9578859753157553,-0.3333025018317183,1.0343568190481278,0.2755235522234544,-1.539174726681169,0.34365317279289903,0.24768868015479056,0.07517969863512038,1.25757147370567,0.40204724199052416,-0.6353166675633032,-0.002013697154064573,0.5596406313378746,0.9940178924830986,-1.0140993866100703,3
1.4754689246733295,-0.993932084149107,1.082057781229064,0.9829463743659811,1.7718583477805439,0.9578859753157553,-0.9947810467718684,0.34073950535281977,-1.3633202616377238,-0.22756439290940172,0.838474155936022,1.714995952574699,0.6144174822544783,-0.78122969419169,-0.7849832923777195,0.053497934059360104,0.9133031910571687,0.5596406313378746,-1.0060181084889308,0.9860966422066364,1
-1.007398770465084,1.016267636601896,-1.2589056858959802,0.9829463743659811,0.6198797067425464,-1.0439655927422493,-1.6562595917120186,1.0343568190481278,0.219011696573069,-1.10197128209058,0.838474155936022,-0.3338248010807492,-1.4453319916563738,1.3543937815434008,0.40204724199052416,0.7423125356820234,-1.4665207182920377,-1.7868609675630667,0.9940178924830986,-1.0140993866100703,2
0.4498869604441228,-0.993932084149107,1.205266384761961,0.9829463743659811,-0.9928903907106499,0.9578859753157553,0.5486688914218153,1.3811654758957816,-0.45913057123155654,1.5212493854529547,-1.4706904320652185,2.6616458057488335,1.3526872375101657,0.5641393261440171,-0.07276497175677328,-0.1761069331481943,1.4624933239839086,0.5596406313378746,0.9940178924830986,-1.0140993866100703,3
1.733577525915869,1.016267636601896,-0.3964454611657008,-1.02762575501898,0.8502754349501459,-1.0439655927422493,-0.05768644143998903,0.34073950535281977,1.57529623218232,1.5212493854529547,1.4982354667935194,-1.3413307162446495,0.24181111674925673,0.1722395087055829,1.1142655626114704,0.7423125356820234,1.279429946341662,0.5596406313378746,0.9940178924830986,-1.0140993866100703,2
0.18721006537428148,1.016267636601896,-0.2732368576328036,-1.02762575501898,-0.9928903907106499,0.9578859753157553,1.706256345067078,-0.3528778083424879,-0.8829694886094475,1.5212493854529547,-0.15116781035022395,0.38743222990906756,-0.7186338626586125,-0.6087937745187789,-1.259795506125017,0.053497934059360104,0.9133031910571687,0.5596406313378746,0.9940178924830986,0.9860966422066364,1
-0.49803400872095677,-0.993932084149107,-0.2732368576328036,-1.02762575501898,0.6198797067425464,-1.0439655927422493,-1.2703971071635978,0.6875481622004737,1.462272520881549,-1.10197128209058,0.34365317279289903,0.5767622005438945,1.253171251692001,-0.7093045512265185,-1.4972016129986656,-1.094526401978412,0.5471764357726754,0.5596406313378746,0.9940178924830986,-1.0140993866100703,1
0.22832470981999575,1.016267636601896,0.9588491776961667,0.9829463743659811,-0.9928903907106499,-1.0439655927422493,0.4384224672651236,-1.3933037788854497,-0.48738649905674925,-1.10197128209058,-1.4706904320652185,-0.9761943443060548,0.04046481986134196,0.237709831148239,-1.4972016129986656,-0.4057118003557487,-0.7342672077230512,0.5596406313378746,-1.0060181084889308,0.9860966422066364,2
-0.06633024204095668,1.016267636601896,0.09638895296588762,0.9829463743659811,1.0806711631577455,-1.0439655927422493,1.375517072597003,-0.006069151494834045,-0.826457632959062,-0.22756439290940172,1.6631757945078938,-0.712484742350403,-0.4918299880032603,-0.2196603087328513,0.8768594557378216,-1.3241312691859664,1.0963665686994153,0.5596406313378746,-1.0060181084889308,0.9860966422066364,1
1.62165432714698,1.016267636601896,-1.2589056858959802,0.9829463743659811,-0.532098934295451,0.9578859753157553,-0.05768644143998903,-1.3933037788854497,0.13424391309749079,0.2096390516811874,-0.15116781035022395,0.4325107943459311,-0.1608814770265728,-1.1915718559801682,-1.259795506125017,-0.6353166675633032,1.4624933239839086,0.5596406313378746,-1.0060181084889308,-1.0140993866100703,1
-0.8155304297184172,-0.993932084149107,-1.012488478830186,0.9829463743659811,1.0806711631577455,0.9578859753157553,-0.22305607767502658,-1.0464951220377958,0.3037794800486472,0.6468424962717766,1.0034144836503964,-0.8950529283197004,-0.8505504019989705,-1.2662633505978462,1.5890777763587678,1.2015222700971322,-0.5512038300808045,0.5596406313378746,-1.0060181084889308,0.9860966422066364,0
0.7079955616866626,1.016267636601896,-0.026819650567009547,0.9829463743659811,-0.9928903907106499,0.9578859753157553,-0.2781792897533724,-0.3528778083424879,-0.7699457773086765,0.2096390516811874,-0.4810484657789726,-0.02954449113192025,-0.20716798205827736,-1.5567302741110387,-0.5475771855040708,0.5127076684744689,-0.002013697154064573,0.5596406313378746,-1.0060181084889308,-1.0140993866100703,0
1.7175884975203135,-0.993932084149107,0.8356405741632701,0.9829463743659811,-0.7624946625030504,0.9578859753157553,0.5486688914218153,0.6875481622004737,-1.6458795398896513,-1.539174726681169,0.5085935005072734,-0.6290893981422054,-1.477732545178567,-1.29300474990541,-1.4972016129986656,-0.1761069331481943,-0.18507707479631122,0.5596406313378746,0.9940178924830986,-1.0140993866100703,0
-1.0119670642923855,-0.993932084149107,-1.2589056858959802,-1.02762575501898,-0.532098934295451,-1.0439655927422493,-1.1050274709285601,-0.006069151494834045,-0.7416898494834838,-1.539174726681169,-0.31610813806459825,-1.0618436167360954,-1.6975934440791636,-0.9674973721271339,-1.259795506125017,-0.6353166675633032,-1.6495840959342845,-1.7868609675630667,0.9940178924830986,-1.0140993866100703,0
-0.5185913309438139,-0.993932084149107,-1.2589056858959802,0.9829463743659811,-0.07130747788025202,-1.0439655927422493,0.38329925518677777,-1.3933037788854497,0.5863387583005745,-0.22756439290940172,-0.6459887934933469,0.5339375643288741,-0.13079524875596485,0.6249990624991622,-1.0223893992513682,-1.3241312691859664,-0.18507707479631122,0.5596406313378746,0.9940178924830986,-1.0140993866100703,2
0.18035762463332908,-0.993932084149107,0.46601476356457855,0.9829463743659811,-0.9928903907106499,0.9578859753157553,-1.160150683006906,1.0343568190481278,1.3492488095807782,-1.10197128209058,0.838474155936022,0.09667548929129768,0.7856775508717851,-0.3174047337880843,-0.07276497175677328,0.9719174028895778,-1.6495840959342845,0.5596406313378746,-1.0060181084889308,-1.0140993866100703,1
1.0711749209571388,-0.993932084149107,-0.8892798752972889,-1.02762575501898,0.8502754349501459,0.9578859753157553,-0.9947810467718684,1.3811654758957816,1.6035521600075127,-0.22756439290940172,1.0034144836503964,-0.8612440049920527,0.21635353898181922,-0.8088932107167559,1.5890777763587678,2.3495466061349046,0.9133031910571687,0.5596406313378746,-1.0060181084889308,-1.0140993866100703,1
-1.4642281531952426,1.016267636601896,-0.8892798752972889,0.9829463743659811,0.8502754349501459,0.9578859753157553,1.6511331329887322,-1.3933037788854497,-0.6569220660079056,1.5212493854529547,-0.15116781035022395,-1.1880635971593134,-1.1282694321891977,0.8684380079197425,-0.310171078630422,-0.8649215347708576,1.4624933239839086,0.5596406313378746,0.9940178924830986,-1.0140993866100703,2
-1.594424527273338,1.016267636601896,0.9588491776961667,-1.02762575501898,-0.07130747788025202,-1.0439655927422493,1.044777800126928,-0.3528778083424879,1.688319943483091,1.5212493854529547,1.1683548113647708,0.8269482331684872,-0.059051165956822804,-1.5871601422886112,-0.310171078630422,-0.8649215347708576,0.18104968048818207,-1.7868609675630667,-1.0060181084889308,-1.0140993866100703,0
-0.961715832192068,-0.993932084149107,-1.2589056858959802,0.9829463743659811,-0.532098934295451,0.9578859753157553,-0.4986721380667558,-1.0464951220377958,1.462272520881549,0.2096390516811874,1.1683548113647708,-0.1332251893367064,0.6954188660599613,0.3631177727285379,1.5890777763587678,1.4311271373046865,-1.4665207182920377,0.5596406313378746,0.9940178924830986,-1.0140993866100703,2
0.39963572834380534,-0.993932084149107,-1.2589056858959802,-1.02762575501898,-0.9928903907106499,0.9578859753157553,-0.9396578346935226,1.0343568190481278,0.7841302530769236,-1.10197128209058,-1.635630759779593,-0.7913722301149142,-0.042850889195726216,-0.9730300754321471,1.351671669485119,0.053497934059360104,0.5471764357726754,0.5596406313378746,-1.0060181084889308,-1.0140993866100703,0
-1.4573757124542903,1.016267636601896,0.2195975564987845,0.9829463743659811,-0.3017032060878515,0.9578859753157553,-1.4357667433986352,1.0343568190481278,0.8123861809021163,-0.22756439290940172,0.17871284507852472,0.38968615813091073,1.3318583102458987,0.4857593626563303,0.40204724199052416,0.5127076684744689,-0.36814045243855786,0.5596406313378746,-1.0060181084889308,0.9860966422066364,2
-1.548741589000322,1.016267636601896,1.574892195360652,0.9829463743659811,-0.532098934295451,0.9578859753157553,0.4384224672651236,-1.3933037788854497,-1.1655287668613747,1.0840459408623657,-0.6459887934933469,-0.4938537048316148,-0.8945225817790898,0.7836032239095403,0.6394533488641729,1.4311271373046865,1.4624933239839086,0.5596406313378746,-1.0060181084889308,0.9860966422066364,2
0.8610334049012658,1.016267636601896,0.9588491776961667,0.9829463743659811,-0.3017032060878515,-1.0439655927422493,1.0999010122052737,-1.3933037788854497,-1.1372728390361821,0.2096390516811874,-0.31610813806459825,-1.1136839658384885,-0.2742834143542489,-1.3529423690430529,-1.259795506125017,-0.6353166675633032,-1.6495840959342845,0.5596406313378746,0.9940178924830986,-1.0140993866100703,0
0.05472954438253541,1.016267636601896,-0.15002825409990672,0.9829463743659811,-0.7624946625030504,0.9578859753157553,-0.002563229361643179,-0.3528778083424879,-1.052505055560604,-1.10197128209058,-1.3057501043508444,-0.5321704846029488,-1.405988462379425,1.1506058764754152,1.351671669485119,1.6607320045122411,-0.18507707479631122,0.5596406313378746,0.9940178924830986,-1.0140993866100703,3
0.8336236419374562,1.016267636601896,0.46601476356457855,0.9829463743659811,-0.9928903907106499,0.9578859753157553,1.706256345067078,0.34073950535281977,-1.3350643338125312,0.2096390516811874,-1.3057501043508444,-0.009259137135331654,-0.2210539335677887,-0.6087937745187789,0.6394533488641729,0.7423125356820234,1.6455567016261552,0.5596406313378746,0.9940178924830986,-1.0140993866100703,1
-1.5989928211006394,-0.993932084149107,0.5892233670974757,0.9829463743659811,-0.7624946625030504,-1.0439655927422493,-0.44354892598840995,-0.006069151494834045,-1.5328558285888803,-0.22756439290940172,-1.3057501043508444,0.7052361091889555,-0.6584614061173967,-0.7360459505340823,-1.259795506125017,-0.4057118003557487,-1.4665207182920377,0.5596406313378746,0.9940178924830986,-1.0140993866100703,0
-0.38382666303841706,-0.993932084149107,1.328474988294858,-1.02762575501898,-0.9928903907106499,-1.0439655927422493,0.9345313759702363,-0.6996864651901419,1.6600640156578983,-0.22756439290940172,-0.8109291212077213,1.5391895512709313,1.6628068212225862,1.1699703380429614,-1.4972016129986656,-0.1761069331481943,-0.7342672077230512,0.5596406313378746,-1.0060181084889308,-1.0140993866100703,3
-0.9434426568828617,-0.993932084149107,-1.2589056858959802,0.9829463743659811,-0.9928903907106499,0.9578859753157553,1.375517072597003,-0.006069151494834045,-0.1483153651544365,-1.10197128209058,-1.635630759779593,-0.6561365368043236,-1.669821541060141,-1.660929519688787,1.1142655626114704,-0.6353166675633032,-0.7342672077230512,0.5596406313378746,-1.0060181084889308,0.9860966422066364,0
-1.0690707371336552,-0.993932084149107,1.698100798893549,-1.02762575501898,-0.532098934295451,-1.0439655927422493,1.6511331329887322,0.6875481622004737,-0.9677372720850257,-1.539174726681169,-0.31610813806459825,2.397936203793182,1.2253993486729782,-0.4575665508484184,-0.7849832923777195,-0.6353166675633032,-0.9173305853652978,-1.7868609675630667,0.9940178924830986,-1.0140993866100703,1
1.3064420530631706,-0.993932084149107,1.698100798893549,0.0,-0.9928903907106499,-1.0439655927422493,0.05255998271670267,-1.0464951220377958,-0.2330831486300147,1.5212493854529547,-1.3057501043508444,1.0230399884688435,0.6977331913115464,0.4479525567387401,-1.0223893992513682,-0.6353166675633032,0.3641130581304287,0.5596406313378746,0.9940178924830986,-1.0140993866100703,3
1.3772506073863453,1.016267636601896,0.8356405741632701,0.9829463743659811,0.6198797067425464,-1.0439655927422493,1.3203938605186571,-0.3528778083424879,1.0949454591540435,-0.22756439290940172,0.013772517364150388,0.3107986703663995,-0.05673684070523758,1.4724247853836823,0.8768594557378216,1.2015222700971322,-1.2834573406497911,-1.7868609675630667,0.9940178924830986,0.9860966422066364,3
0.4133406098257101,-0.993932084149107,1.574892195360652,0.9829463743659811,-0.7624946625030504,-1.0439655927422493,0.9896545880485821,-1.3933037788854497,-1.1372728390361821,1.5212493854529547,-0.31610813806459825,-1.016765052299232,0.3274411510579101,-1.2551979439878198,1.1142655626114704,-1.094526401978412,1.0963665686994153,-1.7868609675630667,0.9940178924830986,0.9860966422066364,0
1.1968030012079325,-0.993932084149107,-1.2589056858959802,0.9829463743659811,1.7718583477805439,-1.0439655927422493,-1.2152738950852517,-1.0464951220377958,1.2362250982800074,-0.6647678374999909,1.4982354667935194,-0.9175922105381321,1.4846037768505238,-1.228456544680256,1.1142655626114704,1.4311271373046865,0.3641130581304287,0.5596406313378746,-1.0060181084889308,0.9860966422066364,0
-0.173685146982544,1.016267636601896,0.46601476356457855,-1.02762575501898,0.38948397853494693,-1.0439655927422493,-1.6562595917120186,1.3811654758957816,-0.20482722080482196,0.2096390516811874,1.6631757945078938,0.6173329085370717,-0.4061999536946069,-0.5128935838985503,0.40204724199052416,-1.3241312691859664,1.4624933239839086,0.5596406313378746,-1.0060181084889308,-1.0140993866100703,1
1.2927371715812659,1.016267636601896,-1.2589056858959802,-1.02762575501898,-0.9928903907106499,-1.0439655927422493,-0.16793286559668072,-1.0464951220377958,1.1797132426296217,-0.22756439290940172,-1.3057501043508444,0.2544504648203201,-0.8343501252378739,-0.7821518114091922,1.5890777763587678,-0.4057118003557487,1.0963665686994153,-1.7868609675630667,0.9940178924830986,-1.0140993866100703,1
-1.436818390231433,1.016267636601896,0.09638895296588762,0.9829463743659811,1.0806711631577455,-1.0439655927422493,1.0999010122052737,-0.3528778083424879,-1.4198321172881094,-0.22756439290940172,1.4982354667935194,0.887804295158253,0.04972212086768287,1.2428175982256349,-0.5475771855040708,-0.4057118003557487,0.18104968048818207,0.5596406313378746,0.9940178924830986,0.9860966422066364,3
0.6714492110682498,1.016267636601896,-0.5196540646985977,0.9829463743659811,3.1542327170261406,0.9578859753157553,-0.8294114105368309,-0.6996864651901419,0.5580828304753818,-0.22756439290940172,1.6631757945078938,0.9216132184859006,0.3274411510579101,0.3649620071635423,-1.0223893992513682,-0.8649215347708576,-0.002013697154064573,0.5596406313378746,-1.0060181084889308,0.9860966422066364,2
1.5645506543057104,-0.993932084149107,-1.2589056858959802,-1.02762575501898,-0.3017032060878515,0.9578859753157553,1.706256345067078,-0.6996864651901419,-0.826457632959062,-1.10197128209058,0.013772517364150388,-1.1790478842719407,-1.3087868018128455,1.1976338545680272,0.16464113511687545,-0.6353166675633032,1.4624933239839086,0.5596406313378746,-1.0060181084889308,-1.0140993866100703,3
1.2836005839266627,-0.993932084149107,-1.2589056858959802,0.9829463743659811,0.38948397853494693,-1.0439655927422493,1.0999010122052737,1.3811654758957816,-0.5721542825323275,0.6468424962717766,0.013772517364150388,-1.2286343051524906,1.0564536053072566,-1.7208671388264298,0.40204724199052416,0.5127076684744689,-0.36814045243855786,0.5596406313378746,-1.0060181084889308,-1.0140993866100703,0
1.112289565402853,1.016267636601896,0.46601476356457855,-1.02762575501898,-0.7624946625030504,0.9578859753157553,0.5486688914218153,0.34073950535281977,-0.9677372720850257,0.2096390516811874,-1.14080977663647,1.2980192315337111,1.2786288294594386,-0.23625841864789088,0.8768594557378216,0.2831028012669145,-0.9173305853652978,0.5596406313378746,-1.0060181084889308,-1.0140993866100703,2
-1.016535358119687,-0.993932084149107,1.205266384761961,0.9829463743659811,2.4630455324033425,-1.0439655927422493,-0.9947810467718684,0.34073950535281977,1.6035521600075127,-0.6647678374999909,1.4982354667935194,-0.750801522121737,0.28809762178096127,0.04314309825527517,1.5890777763587678,0.5127076684744689,1.279429946341662,-1.7868609675630667,-1.0060181084889308,0.9860966422066364,1
1.0209236888568214,1.016267636601896,-1.2589056858959802,0.9829463743659811,-0.07130747788025202,-1.0439655927422493,-0.22305607767502658,1.0343568190481278,1.1797132426296217,0.2096390516811874,-0.31610813806459825,-0.1039241224527451,-0.41314292944936254,-1.2395219512902824,-0.310171078630422,0.9719174028895778,-1.1003939630075446,-1.7868609675630667,-1.0060181084889308,-1.0140993866100703,0
0.46816013575332915,1.016267636601896,0.7124319706303729,0.0,-0.9928903907106499,-1.0439655927422493,-1.4357667433986352,1.3811654758957816,-1.052505055560604,-1.539174726681169,-1.4706904320652185,1.4174774272913997,0.2047819127238931,-1.302225922080432,1.1142655626114704,-0.1761069331481943,-0.18507707479631122,-1.7868609675630667,-1.0060181084889308,-1.0140993866100703,0
-0.5368645062530203,-0.993932084149107,-2.7357805694826946e-16,0.9829463743659811,-0.9928903907106499,0.9578859753157553,-0.11280965351833487,1.7279741327434355,0.5580828304753818,1.5212493854529547,-1.4706904320652185,-1.3142835775825314,-1.5517909532292944,-1.0255907568297724,-1.259795506125017,-0.4057118003557487,0.3641130581304287,0.5596406313378746,0.9940178924830986,0.9860966422066364,0
0.006762459195868732,1.016267636601896,1.082057781229064,-1.02762575501898,0.8502754349501459,-1.0439655927422493,-0.22305607767502658,-1.0464951220377958,0.7276183974265381,-0.22756439290940172,-0.15116781035022395,-0.7440397374562074,1.2601142274467567,-1.665540105776298,-0.310171078630422,0.9719174028895778,1.4624933239839086,0.5596406313378746,-1.0060181084889308,-1.0140993866100703,0
-1.5989928211006394,-0.993932084149107,-0.026819650567009547,-1.02762575501898,0.38948397853494693,0.9578859753157553,-0.3333025018317183,-1.0464951220377958,-0.09180350950405104,0.6468424962717766,-0.31610813806459825,1.0771342657930798,1.058767930558842,1.6817453937566813,1.351671669485119,1.2015222700971322,0.7302398134149221,0.5596406313378746,0.9940178924830986,0.9860966422066364,3
-1.192414670470798,-0.993932084149107,-0.5196540646985977,0.9829463743659811,-0.532098934295451,0.9578859753157553,-0.9947810467718684,-1.3933037788854497,-1.1655287668613747,1.5212493854529547,-0.6459887934933469,2.7788500732846786,1.6882643989900237,-1.3787616511331144,0.8768594557378216,2.1199417389273503,1.6455567016261552,0.5596406313378746,-1.0060181084889308,-1.0140993866100703,0
0.6874382394638053,-0.993932084149107,-1.012488478830186,0.9829463743659811,-0.9928903907106499,0.9578859753157553,-0.16793286559668072,-1.3933037788854497,0.47331504699980353,1.0840459408623657,-1.4706904320652185,-0.737277952790678,-0.9732096403329875,-0.888195291421945,-0.310171078630422,0.5127076684744689,-1.1003939630075446,0.5596406313378746,-1.0060181084889308,-1.0140993866100703,0
-1.295201281585084,-0.993932084149107,-1.2589056858959802,-1.02762575501898,0.6198797067425464,0.9578859753157553,0.16280640687339437,-1.3933037788854497,-1.1655287668613747,1.5212493854529547,1.1683548113647708,-0.16027232799882454,0.03583616935817151,-0.665042924786413,0.8768594557378216,0.2831028012669145,-0.9173305853652978,0.5596406313378746,-1.0060181084889308,-1.0140993866100703,0
0.19634665302888465,1.016267636601896,-1.2589056858959802,-1.02762575501898,-0.9928903907106499,0.9578859753157553,-1.0499042588502143,1.7279741327434355,-0.20482722080482196,-0.22756439290940172,-0.31610813806459825,1.5955377568170106,1.5355189323853986,1.4595151443386516,1.5890777763587678,-0.6353166675633032,1.279429946341662,0.5596406313378746,0.9940178924830986,-1.0140993866100703,3
-0.6602084395901632,-0.993932084149107,-1.2589056858959802,-1.02762575501898,0.38948397853494693,0.9578859753157553,1.2652706484403113,-1.3933037788854497,-0.45913057123155654,1.5212493854529547,-0.4810484657789726,-1.2601893002582951,0.9939668235144555,-0.7554104121016284,-1.4972016129986656,-0.1761069331481943,-1.2834573406497911,0.5596406313378746,-1.0060181084889308,0.9860966422066364,0
-0.6647767334174648,-0.993932084149107,-0.026819650567009547,0.9829463743659811,0.38948397853494693,-1.0439655927422493,-0.7742881984584851,-0.6996864651901419,-0.6004102103575202,-0.22756439290940172,-0.4810484657789726,-0.687691531910128,1.1027401103389611,0.7393415974694347,1.1142655626114704,1.6607320045122411,-0.36814045243855786,0.5596406313378746,0.9940178924830986,0.9860966422066364,2
0.20319909376983702,1.016267636601896,-1.2589056858959802,-1.02762575501898,0.15908825032734747,0.9578859753157553,-0.2781792897533724,-0.6996864651901419,0.10598798527229807,-0.6647678374999909,1.333295139079145,-0.09716233778721557,-0.2210539335677887,0.5069680586588808,-1.259795506125017,-0.8649215347708576,-1.1003939630075446,0.5596406313378746,-1.0060181084889308,0.9860966422066364,2
0.4750125764942815,-0.993932084149107,-1.2589056858959802,-1.02762575501898,-0.3017032060878515,-1.0439655927422493,0.4384224672651236,0.6875481622004737,1.2362250982800074,-1.10197128209058,-0.8109291212077213,0.7165057502981714,-0.43860050721680005,-1.5244561714984617,-1.0223893992513682,-0.4057118003557487,1.6455567016261552,-1.7868609675630667,-1.0060181084889308,0.9860966422066364,0
1.6764738530745993,1.016267636601896,-1.2589056858959802,0.9829463743659811,-0.3017032060878515,-1.0439655927422493,-0.6089185622234475,1.0343568190481278,-1.2785524781621458,1.5212493854529547,-0.4810484657789726,-1.1677782431627248,-1.723051021846601,-0.3690432979682074,-0.07276497175677328,0.9719174028895778,-0.5512038300808045,-1.7868609675630667,-1.0060181084889308,0.9860966422066364,1
1.123710299971107,1.016267636601896,0.9588491776961667,0.9829463743659811,3.1542327170261406,-1.0439655927422493,1.5408867088320406,-0.006069151494834045,0.8688980365525018,-0.22756439290940172,1.6631757945078938,-1.133969319835077,-0.4918299880032603,-0.8337903755893152,-0.7849832923777195,-0.6353166675633032,1.6455567016261552,-1.7868609675630667,0.9940178924830986,-1.0140993866100703,1
0.8633175518149165,-0.993932084149107,-0.026819650567009547,-1.02762575501898,-0.7624946625030504,0.9578859753157553,1.706256345067078,0.6875481622004737,-0.826457632959062,-1.10197128209058,0.013772517364150388,-0.8364507945517777,-0.3992569779398512,0.5807374360590567,1.5890777763587678,0.9719174028895778,-0.5512038300808045,0.5596406313378746,0.9940178924830986,0.9860966422066364,2
1.2607591147901547,1.016267636601896,-1.2589056858959802,0.9829463743659811,-0.7624946625030504,0.9578859753157553,0.05255998271670267,-0.006069151494834045,-0.8547135607842548,0.2096390516811874,-0.9758694489220956,-0.6178197570329895,-1.3180441028191863,-1.4110357537456912,1.1142655626114704,0.5127076684744689,0.9133031910571687,0.5596406313378746,-1.0060181084889308,0.9860966422066364,0
-0.8863389840415917,-0.993932084149107,0.9588491776961667,0.9829463743659811,0.6198797067425464,0.9578859753157553,1.2101474363619655,1.7279741327434355,-1.1090169112109893,-1.10197128209058,-0.15116781035022395,0.32206831147561543,-0.5658883960539876,-1.0320455773522879,-0.07276497175677328,-0.8649215347708576,0.5471764357726754,0.5596406313378746,-1.0060181084889308,0.9860966422066364,0
-0.8749182494733379,-0.993932084149107,0.46601476356457855,0.9829463743659811,-0.9928903907106499,0.9578859753157553,-0.9947810467718684,0.34073950535281977,-0.7134339216582911,-1.539174726681169,-0.4810484657789726,-0.5637254797087533,-0.519601891022283,0.2902705125458643,-1.4972016129986656,-0.6353166675633032,0.18104968048818207,0.5596406313378746,0.9940178924830986,0.9860966422066364,1
-1.1992671112117506,1.016267636601896,-1.2589056858959802,-1.02762575501898,-0.7624946625030504,-1.0439655927422493,-0.11280965351833487,-0.6996864651901419,0.13424391309749079,-0.22756439290940172,-1.3057501043508444,-0.004751280691645299,0.6375607347703306,0.16394045374806313,-0.07276497175677328,0.9719174028895778,-0.18507707479631122,-1.7868609675630667,0.9940178924830986,0.9860966422066364,1
-0.6579242926765123,-0.993932084149107,-1.2589056858959802,-1.02762575501898,0.38948397853494693,0.9578859753157553,-0.9396578346935226,0.34073950535281977,-1.674135467714844,-1.10197128209058,1.1683548113647708,0.4708275741172651,-0.732519814168124,-0.9601204343871164,0.8768594557378216,1.2015222700971322,0.9133031910571687,0.5596406313378746,0.9940178924830986,-1.0140993866100703,0
0.14609542092856717,1.016267636601896,0.7124319706303729,-1.02762575501898,0.38948397853494693,0.9578859753157553,-1.2152738950852517,-0.3528778083424879,-0.8829694886094475,1.5212493854529547,0.838474155936022,1.5549670488238334,1.438317271818819,0.08740472469538067,-0.7849832923777195,-0.6353166675633032,0.7302398134149221,0.5596406313378746,0.9940178924830986,0.9860966422066364,2
0.7102797086003133,1.016267636601896,1.4516835918277553,-1.02762575501898,-0.532098934295451,-1.0439655927422493,-0.002563229361643179,-1.3933037788854497,-0.40261871558117107,1.0840459408623657,-0.8109291212077213,2.019276262523528,0.8504786579161715,-0.5101272322460437,-0.07276497175677328,-0.6353166675633032,0.5471764357726754,-1.7868609675630667,-1.0060181084889308,-1.0140993866100703,2
1.1876664135533292,1.016267636601896,-0.15002825409990672,-1.02762575501898,1.311066891365345,0.9578859753157553,-0.9396578346935226,-0.3528778083424879,-1.1090169112109893,-0.22756439290940172,0.5085935005072734,-0.5930265465927146,-0.20485365680669212,-0.015872403664865514,1.351671669485119,-0.1761069331481943,0.9133031910571687,0.5596406313378746,0.9940178924830986,-1.0140993866100703,2
0.47729672340793233,-0.993932084149107,-1.2589056858959802,0.9829463743659811,3.1542327170261406,-1.0439655927422493,-1.6562595917120186,-1.0464951220377958,-1.1372728390361821,0.2096390516811874,1.4982354667935194,0.4527961483425197,-0.24882583658681143,-1.4119578709631935,-0.7849832923777195,-0.4057118003557487,1.279429946341662,0.5596406313378746,0.9940178924830986,0.9860966422066364,0
1.7084519098657103,1.016267636601896,0.46601476356457855,0.0,-0.9928903907106499,-1.0439655927422493,0.9896545880485821,0.6875481622004737,-0.6004102103575202,1.5212493854529547,1.333295139079145,0.709743965632642,1.558662184901251,-1.1685189255426132,-0.07276497175677328,-0.4057118003557487,-0.9173305853652978,0.5596406313378746,0.9940178924830986,-1.0140993866100703,1
-0.7561426099634965,-0.993932084149107,0.7124319706303729,-1.02762575501898,-0.7624946625030504,-1.0439655927422493,0.658915315578507,0.34073950535281977,-1.2785524781621458,0.2096390516811874,-1.3057501043508444,-1.106922181172959,-0.7186338626586125,1.285234990230736,0.8768594557378216,1.4311271373046865,-0.7342672077230512,0.5596406313378746,0.9940178924830986,0.9860966422066364,3
-0.9571475383647664,-0.993932084149107,-1.2589056858959802,0.9829463743659811,-0.532098934295451,-1.0439655927422493,1.430640284675349,-0.6996864651901419,0.5580828304753818,-0.22756439290940172,-0.9758694489220956,-0.3991887195142013,-1.2902721998001636,-0.7747748736691746,1.1142655626114704,0.2831028012669145,1.0963665686994153,-1.7868609675630667,-1.0060181084889308,0.9860966422066364,0
-0.7652791976180997,-0.993932084149107,1.4516835918277553,0.9829463743659811,-0.07130747788025202,-1.0439655927422493,-0.7191649863801393,0.34073950535281977,0.19075576874787625,0.6468424962717766,-0.4810484657789726,1.0117703473596278,0.5658166519711886,-1.456219497403299,1.5890777763587678,2.8087563405500133,0.9133031910571687,-1.7868609675630667,-1.0060181084889308,-1.0140993866100703,0
-1.306622016153338,-0.993932084149107,-0.2732368576328036,0.9829463743659811,-0.07130747788025202,0.9578859753157553,-1.4357667433986352,-1.3933037788854497,0.24726762439826172,0.6468424962717766,0.013772517364150388,-0.8409586509954641,-0.8829509555211636,1.3294966166708415,-0.7849832923777195,-0.1761069331481943,0.18104968048818207,0.5596406313378746,-1.0060181084889308,0.9860966422066364,2
-0.2970290803196869,-0.993932084149107,0.7124319706303729,-1.02762575501898,-0.7624946625030504,-1.0439655927422493,0.10768319479504852,-1.3933037788854497,0.9254098922028873,-1.539174726681169,-0.9758694489220956,-1.082128970732684,-0.3437131719018057,0.6425192896317039,0.16464113511687545,-0.1761069331481943,1.0963665686994153,0.5596406313378746,-1.0060181084889308,0.9860966422066364,2
0.21461982833809098,-0.993932084149107,-0.15002825409990672,-1.02762575501898,-0.3017032060878515,0.9578859753157553,1.4857634967536948,0.6875481622004737,1.2079691704548146,1.0840459408623657,-0.8109291212077213,-0.5659794079305964,0.11452322791206923,1.215154081700569,1.351671669485119,2.3495466061349046,-1.1003939630075446,0.5596406313378746,0.9940178924830986,-1.0140993866100703,3
0.2580186196974561,-0.993932084149107,1.082057781229064,-1.02762575501898,0.15908825032734747,0.9578859753157553,-1.4357667433986352,1.3811654758957816,-1.3633202616377238,0.6468424962717766,-0.15116781035022395,-0.03630627579744978,0.10989457740889878,-0.7517219432316197,-0.07276497175677328,-1.094526401978412,0.5471764357726754,0.5596406313378746,-1.0060181084889308,-1.0140993866100703,1
0.8244870542828531,-0.993932084149107,1.205266384761961,0.9829463743659811,-0.7624946625030504,-1.0439655927422493,-0.7191649863801393,0.34073950535281977,-1.4763439729384948,0.6468424962717766,-0.15116781035022395,0.41898722501487207,1.0680252315651828,-0.8715971815069053,-0.5475771855040708,-0.6353166675633032,1.279429946341662,-1.7868609675630667,-1.0060181084889308,0.9860966422066364,1
0.4910016048898371,-0.993932084149107,-0.15002825409990672,0.9829463743659811,0.8502754349501459,-1.0439655927422493,0.27305283103008604,1.0343568190481278,-1.7023913955400367,1.5212493854529547,1.6631757945078938,0.5812700569875808,-0.7903779454577546,-0.3791865873607316,0.8768594557378216,-1.3241312691859664,1.4624933239839086,-1.7868609675630667,-1.0060181084889308,-1.0140993866100703,1
0.5709467468676149,-0.993932084149107,0.7124319706303729,0.9829463743659811,-0.9928903907106499,-1.0439655927422493,-1.2703971071635978,-0.3528778083424879,0.8123861809021163,-0.6647678374999909,-1.4706904320652185,0.6263486214244444,1.1744841931381034,-0.4252924482358415,-0.7849832923777195,-0.6353166675633032,0.5471764357726754,0.5596406313378746,-1.0060181084889308,0.9860966422066364,1
1.33385181602698,-0.993932084149107,1.574892195360652,0.9829463743659811,1.5414626195729444,-1.0439655927422493,-1.2152738950852517,0.34073950535281977,-1.674135467714844,1.5212493854529547,1.4982354667935194,-0.6381051110295781,-0.0035073599187773526,-0.28789698282801396,-1.7346077198723144,-1.3241312691859664,1.4624933239839086,0.5596406313378746,0.9940178924830986,0.9860966422066364,2
0.781088262923488,1.016267636601896,-0.6428626682314948,-1.02762575501898,1.0806711631577455,-1.0439655927422493,0.49354567934346943,-0.3528778083424879,0.8971539643776945,-0.22756439290940172,1.4982354667935194,0.10794513040051357,-0.9292374605528683,-0.6825631519189548,1.5890777763587678,0.7423125356820234,-1.6495840959342845,-1.7868609675630667,0.9940178924830986,0.9860966422066364,1
0.9889456320657102,1.016267636601896,0.2195975564987845,0.9829463743659811,-0.7624946625030504,0.9578859753157553,0.658915315578507,-0.006069151494834045,0.8971539643776945,1.5212493854529547,-0.9758694489220956,1.3633831499671634,0.4246428116244897,-0.7157593717490339,-0.310171078630422,0.053497934059360104,-0.7342672077230512,0.5596406313378746,0.9940178924830986,0.9860966422066364,1
0.10041248265555129,1.016267636601896,-1.012488478830186,0.9829463743659811,-0.9928903907106499,0.9578859753157553,-0.2781792897533724,-1.0464951220377958,-1.7023913955400367,-0.22756439290940172,-0.6459887934933469,1.1041814044551979,1.5540335343980805,1.690044448714201,1.1142655626114704,2.1199417389273503,-0.9173305853652978,0.5596406313378746,-1.0060181084889308,-1.0140993866100703,3
-1.3911354519584174,-0.993932084149107,0.5892233670974757,-1.02762575501898,1.0806711631577455,0.9578859753157553,-0.9947810467718684,-0.006069151494834045,1.1232013869792363,1.5212493854529547,0.5085935005072734,-1.3052678646951585,0.4547290398950976,-0.8411673133293328,-0.07276497175677328,0.5127076684744689,0.18104968048818207,0.5596406313378746,-1.0060181084889308,-1.0140993866100703,0
-1.3248951914625442,-0.993932084149107,0.8356405741632701,-1.02762575501898,-0.9928903907106499,0.9578859753157553,-0.44354892598840995,0.6875481622004737,0.3037794800486472,1.5212493854529547,-1.3057501043508444,0.6286025496462876,1.44757457282516,1.6605366977541307,-1.0223893992513682,-1.094526401978412,-0.18507707479631122,0.5596406313378746,0.9940178924830986,0.9860966422066364,3
1.3064420530631706,1.016267636601896,-1.2589056858959802,0.9829463743659811,-0.9928903907106499,-1.0439655927422493,-0.002563229361643179,1.7279741327434355,-0.7134339216582911,0.6468424962717766,-1.635630759779593,-0.9942257700808002,-0.27659773960583417,-1.6378765892512321,1.1142655626114704,1.2015222700971322,1.279429946341662,0.5596406313378746,-1.0060181084889308,0.9860966422066364,0
-1.2586549309666712,1.016267636601896,1.205266384761961,-1.02762575501898,1.0806711631577455,-1.0439655927422493,0.4384224672651236,-1.0464951220377958,-0.8829694886094475,0.2096390516811874,1.6631757945078938,-0.6065501159237736,1.6327205929519784,-0.6844073863539591,-0.07276497175677328,0.2831028012669145,-0.5512038300808045,-1.7868609675630667,0.9940178924830986,-1.0140993866100703,1
-1.6560964939419094,1.016267636601896,1.698100798893549,0.9829463743659811,0.15908825032734747,-1.0439655927422493,-0.7742881984584851,0.6875481622004737,0.021220201796719875,-1.10197128209058,-0.31610813806459825,0.9869771369193527,0.5565593509648477,-1.0550985077898427,0.16464113511687545,0.2831028012669145,0.9133031910571687,-1.7868609675630667,-1.0060181084889308,0.9860966422066364,0
1.5851079765285674,-0.993932084149107,1.574892195360652,0.9829463743659811,-0.7624946625030504,-1.0439655927422493,-0.8845346226151768,-0.006069151494834045,0.38854726352422536,-0.6647678374999909,-0.15116781035022395,-0.9378775645347207,0.5125871711847283,-1.186039152675155,0.40204724199052416,-0.8649215347708576,1.279429946341662,-1.7868609675630667,0.9940178924830986,-1.0140993866100703,0
-0.740153581567941,-0.993932084149107,0.5892233670974757,-1.02762575501898,0.8502754349501459,0.9578859753157553,-0.05768644143998903,-0.6996864651901419,-1.3915761894629166,-0.6647678374999909,1.6631757945078938,0.5181600667759718,0.14923810668584764,-1.610213072726166,-0.310171078630422,0.053497934059360104,-0.36814045243855786,0.5596406313378746,0.9940178924830986,-1.0140993866100703,0
-0.5322962124257187,-0.993932084149107,0.8356405741632701,0.9829463743659811,-0.07130747788025202,0.9578859753157553,-0.5537953501451016,1.0343568190481278,-0.1483153651544365,-0.22756439290940172,-0.31610813806459825,-1.3751396395722972,-0.6029176000793511,-1.120568830232499,1.351671669485119,-0.4057118003557487,-0.7342672077230512,0.5596406313378746,-1.0060181084889308,0.9860966422066364,0
-0.23992540747841704,1.016267636601896,-0.7660712717643918,-1.02762575501898,-0.532098934295451,0.9578859753157553,-1.0499042588502143,-0.3528778083424879,-1.3633202616377238,-0.22756439290940172,1.4982354667935194,-1.4134564193436312,-0.8065782222188512,1.3903563530259866,1.1142655626114704,0.5127076684744689,1.4624933239839086,0.5596406313378746,0.9940178924830986,-1.0140993866100703,3
-1.4619440062815918,1.016267636601896,1.698100798893549,-1.02762575501898,-0.9928903907106499,0.9578859753157553,1.761379557145424,-0.6996864651901419,1.2927369539303928,1.5212493854529547,-1.4706904320652185,-1.2218725204869612,-1.4013598118762545,1.1727366896954678,-1.7346077198723144,-0.6353166675633032,-0.7342672077230512,0.5596406313378746,-1.0060181084889308,-1.0140993866100703,2
-0.6076730605761949,-0.993932084149107,-1.2589056858959802,0.9829463743659811,0.15908825032734747,-1.0439655927422493,1.1550242242836197,-0.006069151494834045,1.57529623218232,0.2096390516811874,-0.4810484657789726,-1.2173646640432747,-1.5355906764681977,-0.24271323917040627,0.16464113511687545,0.9719174028895778,0.9133031910571687,-1.7868609675630667,0.9940178924830986,-1.0140993866100703,1
-0.1348546494504805,1.016267636601896,1.205266384761961,-1.02762575501898,-0.9928903907106499,0.9578859753157553,-0.2781792897533724,-1.3933037788854497,-1.4198321172881094,0.6468424962717766,-1.4706904320652185,-1.0753671860671545,-1.6466782885442885,-1.6378765892512321,-1.259795506125017,-0.1761069331481943,1.4624933239839086,0.5596406313378746,0.9940178924830986,0.9860966422066364,0
-0.004658275372385239,1.016267636601896,1.205266384761961,-1.02762575501898,0.6198797067425464,-1.0439655927422493,-1.0499042588502143,1.0343568190481278,-1.1937846946865676,-0.22756439290940172,0.34365317279289903,-1.4134564193436312,-0.5728313718087432,0.3723389449035599,-0.310171078630422,0.5127076684744689,0.9133031910571687,-1.7868609675630667,-1.0060181084889308,-1.0140993866100703,2
-1.3248951914625442,-0.993932084149107,-1.2589056858959802,0.9829463743659811,0.6198797067425464,0.9578859753157553,-1.490889955476981,-0.6996864651901419,0.8123861809021163,1.5212493854529547,0.013772517364150388,0.03131157085784554,-1.2069564907430954,0.06066332538781693,0.8768594557378216,0.9719174028895778,0.9133031910571687,0.5596406313378746,0.9940178924830986,-1.0140993866100703,1
-0.22165223216921068,1.016267636601896,-0.15002825409990672,0.9829463743659811,0.38948397853494693,-1.0439655927422493,-1.4357667433986352,0.6875481622004737,1.4057606652311636,1.5212493854529547,-0.31610813806459825,-0.25042945687255164,-0.9176658342949421,-1.3474096657380397,-0.07276497175677328,-0.4057118003557487,-1.1003939630075446,-1.7868609675630667,0.9940178924830986,0.9860966422066364,0
-0.5414328000803219,-0.993932084149107,1.4516835918277553,0.9829463743659811,2.6934412606109417,0.9578859753157553,-1.160150683006906,-0.3528778083424879,1.2644810261052,0.6468424962717766,1.333295139079145,-0.8116575841115028,-1.711479395588675,-1.0726187349223846,-0.5475771855040708,0.2831028012669145,1.4624933239839086,0.5596406313378746,-1.0060181084889308,0.9860966422066364,0
0.34938449624348783,-0.993932084149107,1.205266384761961,-1.02762575501898,-0.9928903907106499,0.9578859753157553,0.658915315578507,0.6875481622004737,-0.7699457773086765,-0.22756439290940172,-1.3057501043508444,-0.36763372440839687,-0.3552847981597319,-0.7784633425391834,-1.0223893992513682,-1.094526401978412,0.9133031910571687,0.5596406313378746,-1.0060181084889308,0.9860966422066364,1
-1.4550915655406396,-0.993932084149107,-0.7660712717643918,-1.02762575501898,1.0806711631577455,-1.0439655927422493,0.9896545880485821,1.3811654758957816,0.021220201796719875,1.5212493854529547,1.333295139079145,2.0868941091788233,1.0772825325715236,0.05974120817031473,-1.259795506125017,-0.1761069331481943,0.9133031910571687,-1.7868609675630667,0.9940178924830986,-1.0140993866100703,2
0.022751487591424292,1.016267636601896,-1.2589056858959802,-1.02762575501898,-0.3017032060878515,0.9578859753157553,1.2652706484403113,1.0343568190481278,-0.007035726028472855,-0.6647678374999909,-0.31610813806459825,-0.09040055312168604,-0.1354238992591353,-1.4691291384483298,1.351671669485119,0.9719174028895778,0.3641130581304287,0.5596406313378746,0.9940178924830986,0.9860966422066364,0
-1.617265996409846,1.016267636601896,-1.2589056858959802,0.9829463743659811,-0.9928903907106499,0.9578859753157553,-1.1050274709285601,-0.006069151494834045,-0.5438983547071348,-0.22756439290940172,-1.14080977663647,-1.0979064682855864,0.9384230174764101,0.19068185305562688,1.351671669485119,1.4311271373046865,1.6455567016261552,0.5596406313378746,-1.0060181084889308,0.9860966422066364,1
0.4818650172352339,-0.993932084149107,0.7124319706303729,-1.02762575501898,-0.7624946625030504,-1.0439655927422493,-0.05768644143998903,0.34073950535281977,-0.7416898494834838,0.2096390516811874,-0.9758694489220956,2.09140196562251,0.896765162947876,-1.2266123102452517,-0.310171078630422,-0.1761069331481943,-0.36814045243855786,-1.7868609675630667,0.9940178924830986,0.9860966422066364,1
0.23517715056094815,0.0,1.574892195360652,-1.02762575501898,-0.7624946625030504,-1.0439655927422493,0.9896545880485821,-1.3933037788854497,0.9254098922028873,-1.539174726681169,-0.31610813806459825,-1.1677782431627248,-1.4615322684174705,0.4793045421338149,-1.259795506125017,-0.8649215347708576,-0.002013697154064573,-1.7868609675630667,0.9940178924830986,0.9860966422066364,2
-0.9297377754009568,1.016267636601896,-1.2589056858959802,-1.02762575501898,0.15908825032734747,0.9578859753157553,-0.5537953501451016,0.34073950535281977,1.6318080878327055,-1.539174726681169,-0.31610813806459825,-0.6809297472445985,0.41538551061814877,-0.4225260965833349,0.6394533488641729,-0.4057118003557487,1.6455567016261552,0.5596406313378746,0.9940178924830986,0.9860966422066364,1
-0.849792633423179,1.016267636601896,-0.026819650567009547,-1.02762575501898,-0.9928903907106499,0.9578859753157553,1.375517072597003,-1.3933037788854497,0.5298269026501891,-0.22756439290940172,-1.635630759779593,-0.8026418712241301,-1.2208424422526067,0.030233457210244393,-1.0223893992513682,0.053497934059360104,1.279429946341662,0.5596406313378746,-1.0060181084889308,-1.0140993866100703,1
0.37679425920729737,-0.993932084149107,0.7124319706303729,-1.02762575501898,2.6934412606109417,-1.0439655927422493,0.658915315578507,1.3811654758957816,0.3037794800486472,-1.539174726681169,1.6631757945078938,2.3844126344621226,1.4545175485799158,-0.8559211888093681,-0.5475771855040708,0.053497934059360104,-1.1003939630075446,-1.7868609675630667,-1.0060181084889308,0.9860966422066364,1
-0.9114646000917505,-0.993932084149107,-0.7660712717643918,0.9829463743659811,0.38948397853494693,-1.0439655927422493,0.05255998271670267,0.6875481622004737,0.2755235522234544,0.6468424962717766,-0.4810484657789726,1.8862944974347806,0.7856775508717851,-0.04814650627744245,-0.5475771855040708,0.5127076684744689,1.4624933239839086,-1.7868609675630667,0.9940178924830986,-1.0140993866100703,2
0.2945649703158688,-0.993932084149107,-1.2589056858959802,-1.02762575501898,1.311066891365345,0.9578859753157553,0.5486688914218153,-1.0464951220377958,-1.3915761894629166,-1.539174726681169,1.6631757945078938,0.5902857698749535,-0.7556630666839762,-0.492607005113502,-0.07276497175677328,-1.3241312691859664,0.5471764357726754,0.5596406313378746,-1.0060181084889308,-1.0140993866100703,1
1.5714030950466626,-0.993932084149107,-0.7660712717643918,0.9829463743659811,-0.3017032060878515,-1.0439655927422493,-1.160150683006906,-0.3528778083424879,1.4057606652311636,1.5212493854529547,0.34365317279289903,-0.34734837041180827,0.5889599044870408,0.7301204252944128,0.8768594557378216,1.2015222700971322,1.279429946341662,-1.7868609675630667,0.9940178924830986,0.9860966422066364,3
1.0848798024390436,-0.993932084149107,-1.2589056858959802,0.9829463743659811,0.6198797067425464,-1.0439655927422493,-0.05768644143998903,-0.3528778083424879,-0.5721542825323275,-1.10197128209058,0.013772517364150388,-0.8071497276678165,-1.4453319916563738,1.4595151443386516,-1.7346077198723144,-1.094526401978412,1.4624933239839086,-1.7868609675630667,-1.0060181084889308,0.9860966422066364,3
-0.08688756426381383,1.016267636601896,-1.2589056858959802,-1.02762575501898,-0.7624946625030504,0.9578859753157553,-1.2152738950852517,-0.3528778083424879,1.6318080878327055,0.6468424962717766,-0.8109291212077213,1.1402442560046888,1.0911684840810352,-1.289316281035401,-0.310171078630422,-0.4057118003557487,-1.4665207182920377,0.5596406313378746,0.9940178924830986,-1.0140993866100703,0
1.2721798493584087,1.016267636601896,0.9588491776961667,-1.02762575501898,-0.07130747788025202,-1.0439655927422493,0.658915315578507,1.3811654758957816,1.2362250982800074,-1.10197128209058,0.17871284507852472,0.8539953718306053,0.2580113935103533,1.3396399060633657,1.1142655626114704,0.2831028012669145,-1.2834573406497911,0.5596406313378746,0.9940178924830986,-1.0140993866100703,3
-0.21023149760095672,-0.993932084149107,-0.8892798752972889,0.9829463743659811,1.5414626195729444,-1.0439655927422493,-0.22305607767502658,0.6875481622004737,0.5015709748249962,0.6468424962717766,0.5085935005072734,0.9914849933630391,-0.2719690891026637,0.4636285494362775,1.351671669485119,-0.6353166675633032,0.7302398134149221,0.5596406313378746,-1.0060181084889308,0.9860966422066364,2
-1.0576500025654014,1.016267636601896,0.2195975564987845,-1.02762575501898,-0.9928903907106499,0.9578859753157553,-0.6640417743017933,1.7279741327434355,0.16249984092268352,-0.22756439290940172,-0.15116781035022395,0.7796157405097804,1.2763145042078532,-1.3271230869529913,0.6394533488641729,1.2015222700971322,-0.7342672077230512,0.5596406313378746,0.9940178924830986,0.9860966422066364,0
-1.6652330815965126,-0.993932084149107,1.328474988294858,-1.02762575501898,-0.9928903907106499,-1.0439655927422493,0.05255998271670267,-1.3933037788854497,-0.8547135607842548,0.6468424962717766,0.013772517364150388,0.9171053620422143,1.4938610778568646,-0.39762893171077557,-1.4972016129986656,-0.8649215347708576,-1.1003939630075446,-1.7868609675630667,0.9940178924830986,-1.0140993866100703,1
-0.4432144827933377,1.016267636601896,-0.3964454611657008,0.9829463743659811,-0.3017032060878515,0.9578859753157553,0.4384224672651236,-1.3933037788854497,0.9819217478532727,0.6468424962717766,-0.4810484657789726,0.9757074958101368,0.7231907690789839,0.01179111286020043,-0.310171078630422,0.5127076684744689,0.18104968048818207,0.5596406313378746,-1.0060181084889308,0.9860966422066364,2
0.5892199221768213,1.016267636601896,-0.7660712717643918,0.9829463743659811,-0.07130747788025202,0.9578859753157553,-1.2152738950852517,-1.3933037788854497,0.36029133569903266,1.5212493854529547,1.6631757945078938,-1.233142161596177,-0.6353181536015444,1.4493718549461274,-0.7849832923777195,-1.3241312691859664,-1.4665207182920377,0.5596406313378746,-1.0060181084889308,0.9860966422066364,3
0.42476134439396407,1.016267636601896,-1.135697082363083,-1.02762575501898,-0.9928903907106499,0.9578859753157553,0.05255998271670267,-0.006069151494834045,-1.448088045113302,-0.6647678374999909,-1.3057501043508444,-0.5614715514869101,0.9175940902121431,1.5185306462587922,-0.5475771855040708,-0.6353166675633032,-0.36814045243855786,0.5596406313378746,-1.0060181084889308,0.9860966422066364,3
-1.171857348247941,-0.993932084149107,0.8356405741632701,-1.02762575501898,-0.9928903907106499,0.9578859753157553,0.4384224672651236,1.0343568190481278,-1.3068084059873384,-0.22756439290940172,1.6631757945078938,-0.7260083116814621,-0.6330038283499592,-0.7212920750540471,0.8768594557378216,1.2015222700971322,-1.2834573406497911,0.5596406313378746,0.9940178924830986,0.9860966422066364,0
0.769667528355234,1.016267636601896,0.5892233670974757,-1.02762575501898,-0.9928903907106499,0.9578859753157553,-0.6640417743017933,0.34073950535281977,0.219011696573069,-0.6647678374999909,-1.635630759779593,-0.5299165563811056,0.693104540808376,-0.6871737380064658,1.1142655626114704,-1.094526401978412,0.9133031910571687,0.5596406313378746,-1.0060181084889308,0.9860966422066364,1
-1.1992671112117506,1.016267636601896,0.7124319706303729,0.9829463743659811,0.15908825032734747,0.9578859753157553,-1.160150683006906,-1.3933037788854497,1.6035521600075127,-0.6647678374999909,-0.6459887934933469,2.4903472608887522,1.4012880677934556,-0.8854289397694384,0.6394533488641729,1.4311271373046865,1.4624933239839086,0.5596406313378746,0.9940178924830986,-1.0140993866100703,1
0.8130663197145991,-0.993932084149107,0.46601476356457855,0.9829463743659811,-0.7624946625030504,-1.0439655927422493,1.706256345067078,1.3811654758957816,-1.4763439729384948,-1.539174726681169,1.6631757945078938,1.8705169998818783,1.7044646757511204,-1.121490947450001,1.351671669485119,1.6607320045122411,-0.9173305853652978,-1.7868609675630667,-1.0060181084889308,0.9860966422066364,1
-1.594424527273338,-0.993932084149107,-0.6428626682314948,-1.02762575501898,-0.9928903907106499,0.9578859753157553,-1.2152738950852517,-0.3528778083424879,-0.37436278775597837,-0.22756439290940172,-1.635630759779593,2.6841850879672653,1.438317271818819,-1.0191359363072572,1.5890777763587678,0.7423125356820234,0.7302398134149221,0.5596406313378746,0.9940178924830986,-1.0140993866100703,1
0.8633175518149165,1.016267636601896,1.328474988294858,-1.02762575501898,2.2326498041957428,-1.0439655927422493,-0.16793286559668072,1.3811654758957816,-0.7699457773086765,0.6468424962717766,1.6631757945078938,-0.8161654405551891,-1.3319300543286978,1.4392285655536032,0.16464113511687545,-1.094526401978412,1.279429946341662,-1.7868609675630667,-1.0060181084889308,-1.0140993866100703,3
-0.19424246920540114,-0.993932084149107,-0.5196540646985977,0.9829463743659811,-0.532098934295451,0.9578859753157553,-1.490889955476981,-1.0464951220377958,-1.1937846946865676,-1.539174726681169,0.5085935005072734,-0.23915981576333575,-0.026650612434629625,-0.6032610712137657,-0.07276497175677328,-1.3241312691859664,0.18104968048818207,0.5596406313378746,-1.0060181084889308,-1.0140993866100703,1
0.9112846370015832,-0.993932084149107,-0.6428626682314948,-1.02762575501898,0.38948397853494693,-1.0439655927422493,-1.6562595917120186,-1.0464951220377958,1.377504737405971,-1.539174726681169,0.17871284507852472,-0.46229870972581033,-1.5934488077578284,0.16117410209555652,1.5890777763587678,0.7423125356820234,-0.36814045243855786,0.5596406313378746,0.9940178924830986,0.9860966422066364,2
-0.20337905686000432,1.016267636601896,1.4516835918277553,-1.02762575501898,-0.9928903907106499,-1.0439655927422493,0.38329925518677777,-0.3528778083424879,0.3037794800486472,1.5212493854529547,-1.4706904320652185,-0.559217623265067,-1.0449537231321295,-1.037578280657301,-1.4972016129986656,-0.8649215347708576,-0.002013697154064573,0.5596406313378746,0.9940178924830986,-1.0140993866100703,0
0.03417222215967826,1.016267636601896,0.9588491776961667,-1.02762575501898,-0.9928903907106499,0.9578859753157553,0.658915315578507,-1.0464951220377958,0.24726762439826172,-1.539174726681169,0.013772517364150388,-0.9942257700808002,-0.5334878425317944,0.8177215609571216,-1.259795506125017,-0.4057118003557487,0.18104968048818207,0.5596406313378746,0.9940178924830986,-1.0140993866100703,2
1.2950213184949166,1.016267636601896,0.5892233670974757,0.9829463743659811,-0.532098934295451,0.9578859753157553,1.2101474363619655,-1.3933037788854497,-0.6569220660079056,-1.539174726681169,0.17871284507852472,-0.6719140343572259,-1.213899466497851,0.9385189164499096,0.16464113511687545,-1.3241312691859664,-0.9173305853652978,0.5596406313378746,-1.0060181084889308,0.9860966422066364,3
-1.4528074186269888,-0.993932084149107,-0.026819650567009547,-1.02762575501898,0.8502754349501459,-1.0439655927422493,-1.1050274709285601,0.6875481622004737,-0.7416898494834838,0.6468424962717766,1.6631757945078938,0.8066628791718986,0.07517969863512038,-0.5359465143361053,-1.259795506125017,-0.1761069331481943,1.4624933239839086,0.5596406313378746,0.9940178924830986,-1.0140993866100703,1
1.3589774320771388,-0.993932084149107,0.7124319706303729,-1.02762575501898,0.6198797067425464,0.9578859753157553,0.4384224672651236,-1.3933037788854497,-1.1655287668613747,-0.22756439290940172,0.17871284507852472,-1.4540271273368084,1.702150350499535,1.4456833860761185,0.16464113511687545,-1.3241312691859664,0.9133031910571687,0.5596406313378746,0.9940178924830986,-1.0140993866100703,3
-1.6423916124600046,-0.993932084149107,0.9588491776961667,-1.02762575501898,-0.9928903907106499,0.9578859753157553,-0.05768644143998903,1.0343568190481278,0.13424391309749079,0.6468424962717766,0.6735338282216478,-0.8589900767702096,-1.6952791188275784,0.5798153188415545,0.16464113511687545,0.2831028012669145,1.0963665686994153,0.5596406313378746,-1.0060181084889308,0.9860966422066364,1
-1.539605001345719,-0.993932084149107,-1.135697082363083,0.9829463743659811,-0.7624946625030504,-1.0439655927422493,0.9896545880485821,-1.3933037788854497,0.5015709748249962,-1.10197128209058,-0.31610813806459825,-0.23014410287596304,-1.2694432725358966,0.029311339992742193,0.16464113511687545,0.053497934059360104,-0.9173305853652978,0.5596406313378746,0.9940178924830986,0.9860966422066364,1
1.0277761295977736,1.016267636601896,-1.2589056858959802,-1.02762575501898,1.5414626195729444,-1.0439655927422493,-1.2703971071635978,-0.006069151494834045,0.2755235522234544,0.2096390516811874,0.838474155936022,-0.4014426477360445,-1.334244379580283,0.4728497216112995,-1.0223893992513682,-0.4057118003557487,-1.4665207182920377,0.5596406313378746,-1.0060181084889308,-1.0140993866100703,2
-1.1353109976295284,1.016267636601896,0.9588491776961667,-1.02762575501898,-0.9928903907106499,-1.0439655927422493,-0.6089185622234475,0.6875481622004737,-1.024249127735411,1.5212493854529547,-1.4706904320652185,0.5181600667759718,-0.7556630666839762,-1.6535525819487693,-0.310171078630422,0.5127076684744689,-0.7342672077230512,0.5596406313378746,-1.0060181084889308,-1.0140993866100703,0
-0.2193680852555599,-0.993932084149107,-0.3964454611657008,0.9829463743659811,-0.7624946625030504,0.9578859753157553,-0.5537953501451016,1.7279741327434355,-0.4308746434063638,-0.6647678374999909,-0.6459887934933469,1.0613567682401777,1.0934828093326203,-0.8393230788943284,-0.07276497175677328,-0.1761069331481943,0.9133031910571687,0.5596406313378746,0.9940178924830986,-1.0140993866100703,1
-5.193548790090959e-16,1.016267636601896,-1.2589056858959802,-1.02762575501898,1.0806711631577455,-1.0439655927422493,-1.6011363796336728,1.0343568190481278,1.57529623218232,1.0840459408623657,0.838474155936022,1.5324277666054016,1.6049486899329555,0.11414612400294442,1.5890777763587678,-0.6353166675633032,0.7302398134149221,0.5596406313378746,0.9940178924830986,0.9860966422066364,2
-0.639651117367306,1.016267636601896,-0.2732368576328036,0.9829463743659811,-0.9928903907106499,-1.0439655927422493,0.2179296189517402,-0.3528778083424879,1.57529623218232,0.2096390516811874,0.6735338282216478,1.5053806279432835,0.18395298545962604,0.8748928284422579,1.5890777763587678,-1.094526401978412,-0.5512038300808045,0.5596406313378746,0.9940178924830986,0.9860966422066364,3
-1.0667865902200044,1.016267636601896,-0.3964454611657008,0.9829463743659811,0.6198797067425464,0.9578859753157553,-1.3255203192419436,0.34073950535281977,-0.17657129297962923,1.0840459408623657,-0.31610813806459825,-0.20985874887937445,1.274000178956268,-1.5696399151560694,-1.259795506125017,0.053497934059360104,0.7302398134149221,0.5596406313378746,-1.0060181084889308,-1.0140993866100703,0
-0.5117388902028616,1.016267636601896,-0.8892798752972889,-1.02762575501898,0.15908825032734747,-1.0439655927422493,-1.1050274709285601,-0.006069151494834045,-1.0807609833857965,-0.6647678374999909,0.6735338282216478,-0.6989611730193439,-1.3249870785739422,0.15564139879054334,-1.7346077198723144,-1.094526401978412,-1.6495840959342845,-1.7868609675630667,0.9940178924830986,-1.0140993866100703,1
1.3361359629406309,1.016267636601896,0.46601476356457855,0.9829463743659811,1.0806711631577455,0.9578859753157553,-1.6562595917120186,0.6875481622004737,-1.052505055560604,-1.539174726681169,0.6735338282216478,-1.3413307162446495,-0.33908452139863526,1.6909665659317032,-0.07276497175677328,-0.8649215347708576,1.4624933239839086,0.5596406313378746,0.9940178924830986,-1.0140993866100703,3
-0.24906199513302021,1.016267636601896,-1.2589056858959802,0.9829463743659811,-0.7624946625030504,0.9578859753157553,-0.16793286559668072,0.6875481622004737,-0.28959500428040014,-1.539174726681169,0.6735338282216478,-0.11744769178380417,0.17469568445328515,-1.5604187429810474,-1.4972016129986656,-1.094526401978412,-0.18507707479631122,0.5596406313378746,0.9940178924830986,0.9860966422066364,0
-0.1280022087095281,1.016267636601896,-1.2589056858959802,0.9829463743659811,-0.3017032060878515,0.9578859753157553,0.8794081638918904,-1.3933037788854497,-0.5721542825323275,1.5212493854529547,0.34365317279289903,-0.8499743638828368,-0.5589454202992319,-0.8964943463794647,-1.0223893992513682,-0.6353166675633032,-1.4665207182920377,0.5596406313378746,-1.0060181084889308,-1.0140993866100703,0
-1.5190476791228618,1.016267636601896,-2.7357805694826946e-16,0.9829463743659811,-0.9928903907106499,0.9578859753157553,-0.3333025018317183,-0.006069151494834045,-0.6286661381827129,0.6468424962717766,-1.3057501043508444,-0.5930265465927146,0.26032571876193855,-0.7572546465366328,-1.0223893992513682,-0.4057118003557487,-1.6495840959342845,0.5596406313378746,-1.0060181084889308,0.9860966422066364,0
0.5321162493355514,-0.993932084149107,1.8213094024264462,-1.02762575501898,-0.07130747788025202,0.9578859753157553,-0.6640417743017933,-0.6996864651901419,0.8123861809021163,-1.10197128209058,-0.6459887934933469,-0.45553692506028076,-0.8320357999862886,-1.223845958592745,-1.4972016129986656,-1.094526401978412,-0.002013697154064573,0.5596406313378746,0.9940178924830986,-1.0140993866100703,0
1.4366384271412658,1.016267636601896,-1.2589056858959802,-1.02762575501898,-0.532098934295451,0.9578859753157553,0.4384224672651236,1.3811654758957816,1.0949454591540435,1.5212493854529547,1.1683548113647708,-0.15576447155513817,-0.8505504019989705,-1.6839824501263418,-1.0223893992513682,-0.8649215347708576,1.0963665686994153,0.5596406313378746,0.9940178924830986,-1.0140993866100703,0
0.31055399871142436,-0.993932084149107,1.698100798893549,-1.02762575501898,-0.532098934295451,-1.0439655927422493,-0.6640417743017933,-0.3528778083424879,0.19075576874787625,0.6468424962717766,-0.4810484657789726,-0.11068590711827464,-1.3249870785739422,1.5886115547889592,-1.0223893992513682,-1.3241312691859664,0.18104968048818207,0.5596406313378746,-1.0060181084889308,0.9860966422066364,3
-0.8178145766320679,-0.993932084149107,-0.6428626682314948,-1.02762575501898,-0.7624946625030504,-1.0439655927422493,1.761379557145424,-0.006069151494834045,0.5580828304753818,-0.6647678374999909,-0.6459887934933469,-1.1948253818248429,-1.4245030643921068,-0.01310605201235892,1.351671669485119,0.7423125356820234,-0.9173305853652978,0.5596406313378746,0.9940178924830986,0.9860966422066364,1
1.1488359160212658,1.016267636601896,-1.2589056858959802,0.9829463743659811,0.15908825032734747,0.9578859753157553,0.6037921035001611,1.3811654758957816,1.0101776756784655,-0.6647678374999909,-0.4810484657789726,-0.6516286803606371,0.35984170458010334,-0.18738620612027437,-0.7849832923777195,-0.8649215347708576,-1.4665207182920377,0.5596406313378746,0.9940178924830986,-1.0140993866100703,2
-0.03206803833619477,-0.993932084149107,-1.012488478830186,0.9829463743659811,0.38948397853494693,-1.0439655927422493,1.5408867088320406,-1.3933037788854497,-0.939481344259833,-1.10197128209058,0.838474155936022,-1.4314878451183766,0.7301337448337396,0.2755166370658291,1.1142655626114704,1.2015222700971322,-0.9173305853652978,0.5596406313378746,-1.0060181084889308,-1.0140993866100703,2
1.6696214123336468,1.016267636601896,-1.2589056858959802,0.9829463743659811,-0.9928903907106499,0.9578859753157553,-0.9396578346935226,1.7279741327434355,-0.2330831486300147,-1.10197128209058,-1.635630759779593,1.6992184550217968,1.0009097992692113,-0.4299030343233525,0.6394533488641729,0.7423125356820234,1.6455567016261552,0.5596406313378746,0.9940178924830986,0.9860966422066364,2
-0.12114976796857574,1.016267636601896,-1.2589056858959802,0.9829463743659811,-0.532098934295451,-1.0439655927422493,-0.6089185622234475,-0.3528778083424879,0.5580828304753818,1.5212493854529547,-0.9758694489220956,-1.3007600082514723,-1.5448479774745387,0.2183453695806928,1.1142655626114704,0.5127076684744689,-0.7342672077230512,0.5596406313378746,-1.0060181084889308,-1.0140993866100703,1
1.1945188542942817,-0.993932084149107,-1.012488478830186,-1.02762575501898,0.6198797067425464,-1.0439655927422493,1.5408867088320406,-1.3933037788854497,0.47331504699980353,-0.22756439290940172,0.013772517364150388,-0.004751280691645299,-1.068096975647982,-0.6862516207889635,0.40204724199052416,-0.1761069331481943,0.5471764357726754,0.5596406313378746,-1.0060181084889308,-1.0140993866100703,1
1.123710299971107,1.016267636601896,-0.15002825409990672,0.9829463743659811,-0.07130747788025202,0.9578859753157553,-1.546013167555327,-0.006069151494834045,0.6428506139509599,0.6468424962717766,1.333295139079145,0.36940080413432214,1.7044646757511204,1.6301068295765582,-1.7346077198723144,-1.094526401978412,-1.2834573406497911,0.5596406313378746,0.9940178924830986,0.9860966422066364,3
-0.884054837127941,-0.993932084149107,0.3428061600316817,0.9829463743659811,0.15908825032734747,0.9578859753157553,-1.3255203192419436,1.0343568190481278,0.5580828304753818,0.2096390516811874,-0.15116781035022395,0.0854058481820818,0.22561083998816014,-1.6683064574288047,-1.259795506125017,0.053497934059360104,1.6455567016261552,0.5596406313378746,-1.0060181084889308,-1.0140993866100703,0
-0.8931914247825442,1.016267636601896,-0.026819650567009547,0.9829463743659811,-0.07130747788025202,0.9578859753157553,0.2179296189517402,-0.6996864651901419,0.3037794800486472,-0.22756439290940172,1.0034144836503964,-1.3278071469135904,-1.6767645168148966,0.15195292992053455,-0.5475771855040708,-0.8649215347708576,1.4624933239839086,0.5596406313378746,0.9940178924830986,0.9860966422066364,1
0.7673833814415831,-0.993932084149107,1.205266384761961,0.9829463743659811,-0.9928903907106499,0.9578859753157553,-1.160150683006906,-1.0464951220377958,1.2644810261052,1.0840459408623657,1.6631757945078938,-0.3450944421899651,-1.0032958686035955,0.053286387647799346,-1.259795506125017,-0.6353166675633032,1.0963665686994153,0.5596406313378746,0.9940178924830986,-1.0140993866100703,2
0.7194162962549165,-0.993932084149107,1.574892195360652,0.9829463743659811,0.6198797067425464,-1.0439655927422493,-0.4986721380667558,-1.3933037788854497,-0.9959931999102184,0.6468424962717766,1.333295139079145,0.12146869973157264,0.5565593509648477,0.05513062208280374,0.16464113511687545,0.7423125356820234,1.6455567016261552,0.5596406313378746,-1.0060181084889308,0.9860966422066364,2
1.6741897061609485,1.016267636601896,0.09638895296588762,-1.02762575501898,-0.9928903907106499,-1.0439655927422493,0.8794081638918904,-0.006069151494834045,-1.3633202616377238,1.5212493854529547,-1.3057501043508444,-0.8003879430022869,-1.0356964221257887,0.6895472677243161,-1.259795506125017,-0.8649215347708576,-0.002013697154064573,0.5596406313378746,-1.0060181084889308,0.9860966422066364,3
-0.9411585099692108,1.016267636601896,-1.135697082363083,0.9829463743659811,1.0806711631577455,0.9578859753157553,0.16280640687339437,-1.0464951220377958,-1.5045999007636874,0.6468424962717766,1.1683548113647708,-1.4021867782344153,-0.9847812665909137,0.223878072885706,-1.7346077198723144,-0.6353166675633032,0.7302398134149221,0.5596406313378746,-1.0060181084889308,0.9860966422066364,1
-0.4020998383476234,-0.993932084149107,-0.026819650567009547,-1.02762575501898,0.6198797067425464,-1.0439655927422493,-1.6011363796336728,1.3811654758957816,0.4168031913494181,-0.22756439290940172,0.013772517364150388,-0.5659794079305964,-0.9315517858044534,-0.18923044055527877,-0.07276497175677328,0.9719174028895778,1.6455567016261552,0.5596406313378746,0.9940178924830986,-1.0140993866100703,1
1.0414810110796784,-0.993932084149107,0.9588491776961667,0.9829463743659811,-0.7624946625030504,-1.0439655927422493,0.10768319479504852,-0.3528778083424879,-1.5893676842392657,0.2096390516811874,0.013772517364150388,0.15302369483737713,1.1351406638611543,1.080524967945248,1.1142655626114704,0.053497934059360104,0.5471764357726754,-1.7868609675630667,-1.0060181084889308,-1.0140993866100703,3
0.23746129747459893,-0.993932084149107,1.082057781229064,0.9829463743659811,0.15908825032734747,0.9578859753157553,-0.9947810467718684,1.3811654758957816,-1.674135467714844,1.5212493854529547,0.013772517364150388,0.9418985724824892,-0.10765199624011257,-1.5327552264559814,1.351671669485119,0.2831028012669145,-0.002013697154064573,0.5596406313378746,0.9940178924830986,0.9860966422066364,0
-0.9251694815736553,-0.993932084149107,-1.2589056858959802,-1.02762575501898,-0.532098934295451,0.9578859753157553,-0.2781792897533724,-1.0464951220377958,-0.48738649905674925,-1.539174726681169,1.0034144836503964,1.7488048759023467,0.48944391866887604,-0.49168488789599973,-0.310171078630422,0.7423125356820234,1.6455567016261552,0.5596406313378746,0.9940178924830986,-1.0140993866100703,1
-1.471080593936195,-0.993932084149107,1.328474988294858,-1.02762575501898,-0.9928903907106499,0.9578859753157553,-0.6640417743017933,-0.3528778083424879,-0.515642426881942,-1.10197128209058,1.333295139079145,-0.04982984512850885,-1.0079245191067658,-0.48984065346099537,1.5890777763587678,1.2015222700971322,-1.6495840959342845,0.5596406313378746,-1.0060181084889308,0.9860966422066364,0
-0.36098519390190914,1.016267636601896,0.46601476356457855,0.9829463743659811,2.0022540759881435,0.9578859753157553,0.5486688914218153,-1.3933037788854497,-1.1090169112109893,1.0840459408623657,1.1683548113647708,-1.2669510849238246,-1.0079245191067658,0.3059465052434016,-1.259795506125017,-0.4057118003557487,-0.7342672077230512,0.5596406313378746,-1.0060181084889308,-1.0140993866100703,1
-0.7492901692225441,-0.993932084149107,-0.15002825409990672,0.9829463743659811,-0.3017032060878515,-1.0439655927422493,-0.9947810467718684,0.6875481622004737,1.6600640156578983,-0.22756439290940172,-0.9758694489220956,2.068862683404078,1.0194244012818932,0.7457964179919502,0.8768594557378216,-0.6353166675633032,-0.002013697154064573,-1.7868609675630667,0.9940178924830986,-1.0140993866100703,3
-0.9023280124371473,-0.993932084149107,0.8356405741632701,0.9829463743659811,-0.7624946625030504,0.9578859753157553,-0.5537953501451016,1.3811654758957816,1.6035521600075127,1.0840459408623657,-1.3057501043508444,0.2972751010353405,1.7206649525122168,0.9495843230599359,0.40204724199052416,1.2015222700971322,-0.7342672077230512,0.5596406313378746,-1.0060181084889308,-1.0140993866100703,3
0.21918812216539257,1.016267636601896,1.8213094024264462,-1.02762575501898,-0.3017032060878515,-1.0439655927422493,1.5408867088320406,1.0343568190481278,1.1232013869792363,-1.10197128209058,-0.9758694489220956,-1.2669510849238246,-1.6027061087641694,1.3746803603284492,-1.7346077198723144,-0.8649215347708576,-0.36814045243855786,0.5596406313378746,-1.0060181084889308,-1.0140993866100703,3
1.4709006308460277,-0.993932084149107,0.09638895296588762,-1.02762575501898,1.0806711631577455,-1.0439655927422493,-0.44354892598840995,-1.3933037788854497,-1.5045999007636874,-1.539174726681169,1.0034144836503964,-0.9964796983026434,-0.7788063191998285,1.326730265018335,1.1142655626114704,0.9719174028895778,-1.4665207182920377,-1.7868609675630667,-1.0060181084889308,-1.0140993866100703,3
-0.2536302889603218,1.016267636601896,-1.2589056858959802,0.9829463743659811,0.38948397853494693,-1.0439655927422493,0.05255998271670267,0.34073950535281977,0.19075576874787625,1.5212493854529547,-0.4810484657789726,0.660157544752092,-0.059051165956822804,-0.6309245877388316,1.1142655626114704,2.1199417389273503,1.4624933239839086,0.5596406313378746,-1.0060181084889308,-1.0140993866100703,1
-0.9434426568828617,1.016267636601896,1.082057781229064,0.9829463743659811,2.2326498041957428,0.9578859753157553,1.375517072597003,0.34073950535281977,-0.6569220660079056,-1.10197128209058,1.1683548113647708,0.9734535675882937,-0.15856715177498756,-0.20029584716530513,0.6394533488641729,1.8903368717197957,-1.1003939630075446,0.5596406313378746,-1.0060181084889308,-1.0140993866100703,1
0.9386943999653927,-0.993932084149107,0.9588491776961667,-1.02762575501898,-0.9928903907106499,0.9578859753157553,0.3281760431084319,0.6875481622004737,-1.448088045113302,-1.539174726681169,-1.4706904320652185,0.28825938814796775,-0.8574933777537261,-1.6600074024712848,0.40204724199052416,0.9719174028895778,-1.6495840959342845,0.5596406313378746,0.9940178924830986,0.9860966422066364,0
-0.1759692938961948,-0.993932084149107,-0.6428626682314948,-1.02762575501898,-0.9928903907106499,-1.0439655927422493,0.9896545880485821,-0.006069151494834045,-1.024249127735411,-0.22756439290940172,0.013772517364150388,-0.7057229576848735,-0.8922082565275046,-0.6641208075689108,-0.5475771855040708,-0.6353166675633032,0.7302398134149221,0.5596406313378746,0.9940178924830986,0.9860966422066364,1
0.6349028604498371,-0.993932084149107,1.205266384761961,-1.02762575501898,-0.532098934295451,0.9578859753157553,-1.3255203192419436,1.0343568190481278,0.8123861809021163,-0.22756439290940172,1.333295139079145,-0.16928804088619726,0.9106511144573873,0.5659835605790215,1.351671669485119,2.3495466061349046,0.18104968048818207,0.5596406313378746,-1.0060181084889308,-1.0140993866100703,2
-0.6305145297127028,-0.993932084149107,-1.2589056858959802,-1.02762575501898,-0.7624946625030504,0.9578859753157553,1.5408867088320406,1.0343568190481278,0.44505911917461083,-0.6647678374999909,-1.14080977663647,0.21838761327082926,-0.9963528928488398,0.5512296850989863,-0.07276497175677328,0.053497934059360104,0.9133031910571687,0.5596406313378746,-1.0060181084889308,-1.0140993866100703,2
1.3658298728180913,-0.993932084149107,-0.6428626682314948,0.9829463743659811,0.15908825032734747,0.9578859753157553,-1.1050274709285601,1.3811654758957816,-1.052505055560604,1.5212493854529547,-0.6459887934933469,1.7465509476805035,0.6653326377893533,0.15656351600804555,-1.0223893992513682,0.2831028012669145,1.6455567016261552,0.5596406313378746,-1.0060181084889308,0.9860966422066364,3
-0.4820449803254012,1.016267636601896,1.574892195360652,-1.02762575501898,-0.7624946625030504,0.9578859753157553,-0.11280965351833487,-1.3933037788854497,1.4905284487067418,-1.539174726681169,0.013772517364150388,2.605297600202754,1.5540335343980805,-0.6456784632188668,1.351671669485119,-0.4057118003557487,0.3641130581304287,0.5596406313378746,-1.0060181084889308,0.9860966422066364,1
1.3521249913361866,1.016267636601896,0.8356405741632701,0.9829463743659811,-0.07130747788025202,-1.0439655927422493,1.2652706484403113,1.7279741327434355,1.377504737405971,1.5212493854529547,-0.15116781035022395,2.3618733522436908,1.2462282759372454,-0.9140145735120065,0.40204724199052416,-0.6353166675633032,-0.18507707479631122,-1.7868609675630667,0.9940178924830986,-1.0140993866100703,1
-1.525900119863814,1.016267636601896,0.5892233670974757,0.9829463743659811,0.15908825032734747,0.9578859753157553,1.430640284675349,0.34073950535281977,-1.1090169112109893,0.6468424962717766,0.17871284507852472,-1.38415535245967,0.6583896620345976,-1.446998325228277,1.5890777763587678,0.9719174028895778,-0.002013697154064573,0.5596406313378746,-1.0060181084889308,0.9860966422066364,0
1.212792029603488,1.016267636601896,0.9588491776961667,-1.02762575501898,-0.9928903907106499,-1.0439655927422493,-1.2703971071635978,0.34073950535281977,1.2079691704548146,0.6468424962717766,-0.8109291212077213,1.0207860602470005,0.2811546460262056,1.5314402873038229,0.16464113511687545,0.9719174028895778,0.5471764357726754,0.5596406313378746,-1.0060181084889308,0.9860966422066364,3
-0.6145255013171472,1.016267636601896,-0.2732368576328036,0.9829463743659811,0.15908825032734747,-1.0439655927422493,1.4857634967536948,-1.0464951220377958,-1.5893676842392657,1.0840459408623657,1.4982354667935194,2.5241561842163995,1.2369709749309044,1.430007393378581,-0.07276497175677328,-1.3241312691859664,0.18104968048818207,-1.7868609675630667,-1.0060181084889308,-1.0140993866100703,3
-1.3637256889946077,1.016267636601896,-1.2589056858959802,-1.02762575501898,-0.9928903907106499,0.9578859753157553,0.3281760431084319,1.0343568190481278,-1.5328558285888803,0.2096390516811874,0.013772517364150388,0.54520720543809,1.2115133971634668,-1.5576523913285407,-0.7849832923777195,-0.8649215347708576,-1.6495840959342845,0.5596406313378746,0.9940178924830986,-1.0140993866100703,0
-1.4094086272676236,1.016267636601896,0.46601476356457855,0.9829463743659811,1.7718583477805439,-1.0439655927422493,-1.160150683006906,1.0343568190481278,1.4905284487067418,1.5212493854529547,0.6735338282216478,0.2589583212640065,1.6489208697130748,0.9763257223674997,-1.7346077198723144,-1.3241312691859664,-1.2834573406497911,0.5596406313378746,0.9940178924830986,0.9860966422066364,2
-1.459659859367941,1.016267636601896,0.3428061600316817,-1.02762575501898,1.0806711631577455,0.9578859753157553,-1.4357667433986352,1.0343568190481278,1.6600640156578983,-1.10197128209058,0.838474155936022,-0.3586180115210241,-0.5080302647643569,1.2640262942281855,1.1142655626114704,-0.4057118003557487,-0.7342672077230512,0.5596406313378746,0.9940178924830986,-1.0140993866100703,2
0.3950674345165037,-0.993932084149107,-1.135697082363083,-1.02762575501898,1.0806711631577455,-1.0439655927422493,1.375517072597003,-1.0464951220377958,-1.5328558285888803,-0.6647678374999909,0.013772517364150388,-1.449519270893122,-1.3689592583540613,-0.25009017691042384,0.6394533488641729,0.9719174028895778,1.279429946341662,-1.7868609675630667,-1.0060181084889308,0.9860966422066364,1
-1.1558683198523856,-0.993932084149107,-0.8892798752972889,-1.02762575501898,0.6198797067425464,-1.0439655927422493,-0.8845346226151768,-0.3528778083424879,-0.06354758167885831,-0.22756439290940172,0.34365317279289903,-0.9987336265244865,1.2392853001824897,0.4829930110038237,-0.07276497175677328,-1.3241312691859664,1.4624933239839086,0.5596406313378746,0.9940178924830986,-1.0140993866100703,2
-0.38611080995206787,1.016267636601896,1.8213094024264462,-1.02762575501898,1.0806711631577455,-1.0439655927422493,-0.7191649863801393,1.0343568190481278,0.5580828304753818,1.0840459408623657,1.0034144836503964,-1.2511735873709224,0.8389070316582453,0.48207089378632145,0.40204724199052416,1.6607320045122411,1.6455567016261552,-1.7868609675630667,0.9940178924830986,-1.0140993866100703,2
-0.8315194581139728,1.016267636601896,-1.012488478830186,0.9829463743659811,-0.7624946625030504,-1.0439655927422493,-0.11280965351833487,0.6875481622004737,0.16249984092268352,1.5212493854529547,-0.31610813806459825,-0.39693479129235815,-0.9222944847981125,-1.311447094255454,1.5890777763587678,2.1199417389273503,0.7302398134149221,0.5596406313378746,0.9940178924830986,0.9860966422066364,0
1.724440938261266,1.016267636601896,-1.012488478830186,-1.02762575501898,0.15908825032734747,-1.0439655927422493,-1.490889955476981,-0.3528778083424879,1.377504737405971,-1.10197128209058,-0.4810484657789726,-1.2601893002582951,0.6815329145504498,-0.26576616960796123,-0.07276497175677328,1.2015222700971322,1.279429946341662,0.5596406313378746,-1.0060181084889308,-1.0140993866100703,2
-0.950295097623814,-0.993932084149107,-0.6428626682314948,0.9829463743659811,1.0806711631577455,0.9578859753157553,-0.7742881984584851,-1.0464951220377958,1.1797132426296217,0.2096390516811874,1.0034144836503964,1.205608174438141,0.22792516523974538,1.6319510640115626,0.16464113511687545,0.9719174028895778,-0.36814045243855786,0.5596406313378746,0.9940178924830986,-1.0140993866100703,3
1.5280043036872977,-0.993932084149107,-1.2589056858959802,-1.02762575501898,1.0806711631577455,0.9578859753157553,-0.11280965351833487,1.7279741327434355,-0.826457632959062,-1.10197128209058,1.4982354667935194,-1.1384771762787635,-0.4756297112421637,0.7559397073844744,1.5890777763587678,2.579151473342459,1.0963665686994153,0.5596406313378746,-1.0060181084889308,0.9860966422066364,3
-1.0256719457742902,-0.993932084149107,-1.2589056858959802,0.9829463743659811,0.6198797067425464,0.9578859753157553,0.658915315578507,-1.3933037788854497,-1.448088045113302,1.5212493854529547,-0.31610813806459825,1.0252939166906867,0.42927146212766015,1.1985559717855294,0.16464113511687545,1.2015222700971322,-0.36814045243855786,0.5596406313378746,0.9940178924830986,-1.0140993866100703,3
0.20776738759713861,1.016267636601896,0.3428061600316817,0.9829463743659811,-0.7624946625030504,-1.0439655927422493,0.4384224672651236,-0.006069151494834045,1.038433603503658,-1.539174726681169,-0.8109291212077213,-1.016765052299232,-0.8320357999862886,0.5106565275288896,-0.7849832923777195,-0.4057118003557487,0.5471764357726754,0.5596406313378746,0.9940178924830986,0.9860966422066364,2
0.9615358691019007,-0.993932084149107,-1.2589056858959802,-1.02762575501898,-0.532098934295451,0.9578859753157553,-0.9396578346935226,0.6875481622004737,-1.1372728390361821,1.5212493854529547,-0.31610813806459825,-0.46229870972581033,-1.579562856248317,0.2764387542833313,-0.07276497175677328,-0.1761069331481943,-0.36814045243855786,0.5596406313378746,0.9940178924830986,-1.0140993866100703,2
1.2264969110853927,-0.993932084149107,0.8356405741632701,-1.02762575501898,-0.532098934295451,-1.0439655927422493,-0.6640417743017933,1.3811654758957816,-1.6458795398896513,0.6468424962717766,1.0034144836503964,2.068862683404078,1.2763145042078532,0.5042017070063742,0.6394533488641729,0.9719174028895778,0.18104968048818207,-1.7868609675630667,0.9940178924830986,0.9860966422066364,3
0.8496126703330118,-0.993932084149107,-1.2589056858959802,0.9829463743659811,-0.07130747788025202,0.9578859753157553,-0.2781792897533724,1.3811654758957816,1.6600640156578983,-1.539174726681169,0.013772517364150388,-1.0866368271763704,-0.5566310950476466,0.8795034145297689,0.6394533488641729,-0.8649215347708576,-0.9173305853652978,0.5596406313378746,-1.0060181084889308,0.9860966422066364,2
0.39049914068920216,1.016267636601896,-1.2589056858959802,0.9829463743659811,-0.9928903907106499,0.9578859753157553,-0.9396578346935226,-0.6996864651901419,-1.3633202616377238,-0.6647678374999909,-1.4706904320652185,-1.0212729087429182,0.1376664804279215,0.16578468818306752,1.351671669485119,-0.4057118003557487,1.279429946341662,0.5596406313378746,0.9940178924830986,-1.0140993866100703,2
1.2173603234307897,1.016267636601896,-2.7357805694826946e-16,-1.02762575501898,2.9238369888185414,0.9578859753157553,0.7140385276568528,-0.006069151494834045,0.5298269026501891,-1.10197128209058,1.333295139079145,0.4325107943459311,0.3552130540769329,-0.9020270496844779,-1.4972016129986656,-1.094526401978412,1.0963665686994153,0.5596406313378746,0.9940178924830986,-1.0140993866100703,1
0.09356004191459891,1.016267636601896,-0.2732368576328036,-1.02762575501898,-0.9928903907106499,0.9578859753157553,0.38329925518677777,1.7279741327434355,-0.9112254164346402,1.0840459408623657,-1.4706904320652185,-0.6516286803606371,-1.5355906764681977,0.19437032192563566,-1.4972016129986656,-0.4057118003557487,-1.6495840959342845,0.5596406313378746,-1.0060181084889308,0.9860966422066364,1
1.080311508611742,1.016267636601896,-0.7660712717643918,0.9829463743659811,-0.532098934295451,-1.0439655927422493,-0.4986721380667558,1.7279741327434355,0.4168031913494181,1.0840459408623657,1.4982354667935194,-1.1046682529511158,-1.3620162825993056,-0.6475226976538713,-1.7346077198723144,-1.3241312691859664,0.7302398134149221,0.5596406313378746,0.9940178924830986,-1.0140993866100703,1
0.7376894715641229,1.016267636601896,-1.012488478830186,-1.02762575501898,-0.9928903907106499,-1.0439655927422493,1.2652706484403113,-1.3933037788854497,-0.007035726028472855,1.5212493854529547,-1.4706904320652185,0.8720267976053507,1.2138277224150522,-0.026015693057389693,0.6394533488641729,-0.6353166675633032,-1.4665207182920377,-1.7868609675630667,-1.0060181084889308,-1.0140993866100703,2
-0.79497310749556,-0.993932084149107,0.46601476356457855,0.9829463743659811,-0.7624946625030504,0.9578859753157553,-0.7742881984584851,-1.3933037788854497,0.36029133569903266,0.6468424962717766,-1.14080977663647,-1.3638699984630813,0.4246428116244897,-0.7572546465366328,1.1142655626114704,2.3495466061349046,-1.2834573406497911,0.5596406313378746,0.9940178924830986,0.9860966422066364,0
1.6399275024561866,-0.993932084149107,-0.3964454611657008,0.9829463743659811,3.1542327170261406,0.9578859753157553,0.2179296189517402,1.0343568190481278,0.3037794800486472,-1.10197128209058,1.4982354667935194,1.2371631695439453,1.100425785087376,-0.9306126834270461,0.8768594557378216,-0.8649215347708576,1.279429946341662,0.5596406313378746,-1.0060181084889308,0.9860966422066364,1
-0.2947449334060361,-0.993932084149107,-1.135697082363083,-1.02762575501898,-0.7624946625030504,-1.0439655927422493,0.5486688914218153,1.3811654758957816,1.462272520881549,0.2096390516811874,-1.3057501043508444,1.2033542462162978,0.024264543100245374,-1.5382879297609946,-0.07276497175677328,0.5127076684744689,1.279429946341662,0.5596406313378746,0.9940178924830986,-1.0140993866100703,0
-0.8315194581139728,1.016267636601896,-0.15002825409990672,0.9829463743659811,-0.7624946625030504,0.9578859753157553,0.6037921035001611,0.34073950535281977,-1.024249127735411,1.5212493854529547,-1.14080977663647,0.5790161287657376,-0.6538327556142262,1.1727366896954678,0.40204724199052416,-0.8649215347708576,1.279429946341662,0.5596406313378746,-1.0060181084889308,-1.0140993866100703,3
-0.06404609512730589,1.016267636601896,-0.3964454611657008,-1.02762575501898,-0.9928903907106499,-1.0439655927422493,-0.22305607767502658,-0.6996864651901419,-0.28959500428040014,-1.10197128209058,-1.14080977663647,-1.3232992904699041,-0.6677187071237376,0.5770489671890479,-1.4972016129986656,-1.094526401978412,0.5471764357726754,-1.7868609675630667,0.9940178924830986,-1.0140993866100703,2
-1.073639030960957,-0.993932084149107,-1.2589056858959802,0.9829463743659811,1.7718583477805439,0.9578859753157553,1.2101474363619655,-1.0464951220377958,-0.7982017051338693,-0.22756439290940172,1.4982354667935194,1.6676634599159923,1.223085023421393,-1.0910610792724285,0.6394533488641729,0.5127076684744689,1.6455567016261552,0.5596406313378746,-1.0060181084889308,0.9860966422066364,0
-1.2974854284987347,-0.993932084149107,1.698100798893549,-1.02762575501898,0.6198797067425464,0.9578859753157553,-1.6562595917120186,-1.3933037788854497,-1.2785524781621458,0.6468424962717766,1.4982354667935194,-0.07011519912509745,0.845850007413001,0.14180964052801037,0.16464113511687545,-0.4057118003557487,-1.6495840959342845,0.5596406313378746,-1.0060181084889308,-1.0140993866100703,2
1.445775014795869,-0.993932084149107,-1.2589056858959802,-1.02762575501898,0.15908825032734747,0.9578859753157553,-0.3333025018317183,-0.006069151494834045,0.8971539643776945,-0.22756439290940172,0.013772517364150388,0.06061263774180684,-0.37842805067558416,0.13719905444049937,-1.0223893992513682,-0.4057118003557487,-0.5512038300808045,0.5596406313378746,-1.0060181084889308,0.9860966422066364,2
-0.3724059284701631,-0.993932084149107,0.9588491776961667,0.9829463743659811,-0.9928903907106499,0.9578859753157553,-0.9947810467718684,0.6875481622004737,1.4340165930563564,0.2096390516811874,-1.635630759779593,0.9982467780285686,1.079596857823109,0.21281266627567963,1.1142655626114704,2.3495466061349046,-1.6495840959342845,0.5596406313378746,0.9940178924830986,0.9860966422066364,2
0.19634665302888465,-0.993932084149107,0.46601476356457855,-1.02762575501898,-0.532098934295451,-1.0439655927422493,0.9896545880485821,-1.3933037788854497,0.16249984092268352,-1.539174726681169,0.013772517364150388,-0.32931694463706285,-1.2879578745485785,0.18791550140312027,1.1142655626114704,0.9719174028895778,-1.6495840959342845,0.5596406313378746,-1.0060181084889308,-1.0140993866100703,2
-0.7492901692225441,1.016267636601896,0.8356405741632701,0.9829463743659811,-0.7624946625030504,0.9578859753157553,-0.22305607767502658,-0.006069151494834045,1.1797132426296217,-1.10197128209058,-1.3057501043508444,-1.1001603965074296,-1.1305837574407829,0.4737718388288017,-1.0223893992513682,-0.4057118003557487,0.3641130581304287,0.5596406313378746,0.9940178924830986,0.9860966422066364,1
0.07757101351904334,1.016267636601896,-1.012488478830186,-1.02762575501898,-0.7624946625030504,-1.0439655927422493,-0.4986721380667558,0.34073950535281977,1.066689531328851,0.6468424962717766,0.6735338282216478,-0.3608719397428673,0.3413271025674215,-1.4442319735757705,-1.0223893992513682,-0.1761069331481943,0.3641130581304287,0.5596406313378746,-1.0060181084889308,-1.0140993866100703,0
-0.4043839852612742,-0.993932084149107,-1.2589056858959802,-1.02762575501898,-0.3017032060878515,0.9578859753157553,0.38329925518677777,1.3811654758957816,-0.45913057123155654,-0.22756439290940172,-0.9758694489220956,-0.16703411266435406,-1.0056101938551807,-0.7185257234015405,0.8768594557378216,-1.3241312691859664,-0.002013697154064573,0.5596406313378746,-1.0060181084889308,0.9860966422066364,0
0.1780734777196783,-0.993932084149107,-0.026819650567009547,-1.02762575501898,0.38948397853494693,-1.0439655927422493,-1.1050274709285601,-1.3933037788854497,0.38854726352422536,-1.10197128209058,-0.15116781035022395,-0.4825840637223989,-1.6420496380411183,-1.5668735635035629,-1.259795506125017,-1.3241312691859664,-0.002013697154064573,0.5596406313378746,0.9940178924830986,0.9860966422066364,0
-0.683049908726671,-0.993932084149107,1.698100798893549,-1.02762575501898,-0.9928903907106499,-1.0439655927422493,-0.8845346226151768,0.6875481622004737,-0.7134339216582911,-0.22756439290940172,-1.4706904320652185,-0.32931694463706285,-0.3737994001724137,0.06250755982282133,0.6394533488641729,1.6607320045122411,-0.36814045243855786,0.5596406313378746,0.9940178924830986,0.9860966422066364,1
-1.1650049075069886,1.016267636601896,0.5892233670974757,-1.02762575501898,-0.9928903907106499,-1.0439655927422493,-0.9947810467718684,0.34073950535281977,-0.1483153651544365,0.6468424962717766,-1.3057501043508444,-0.18506553843909948,-0.45480078397789664,1.17365880691297,1.5890777763587678,2.1199417389273503,1.0963665686994153,0.5596406313378746,-1.0060181084889308,0.9860966422066364,2
0.5823674814358688,-0.993932084149107,1.082057781229064,-1.02762575501898,0.38948397853494693,0.9578859753157553,-1.6011363796336728,1.3811654758957816,-1.3350643338125312,1.0840459408623657,1.1683548113647708,0.6736811140831511,-0.5751456970603285,-0.8448557821993417,0.40204724199052416,1.6607320045122411,1.0963665686994153,0.5596406313378746,0.9940178924830986,-1.0140993866100703,1
0.7011431209457102,1.016267636601896,0.09638895296588762,0.9829463743659811,-0.532098934295451,0.9578859753157553,-0.2781792897533724,0.6875481622004737,-0.45913057123155654,-1.10197128209058,-0.6459887934933469,1.1109431891207275,0.5542450257132624,-1.7125680838689101,-0.07276497175677328,0.9719174028895778,0.9133031910571687,0.5596406313378746,0.9940178924830986,-1.0140993866100703,0
0.031888075246027464,-0.993932084149107,-1.012488478830186,-1.02762575501898,-0.9928903907106499,0.9578859753157553,0.10768319479504852,1.3811654758957816,-0.7699457773086765,-0.22756439290940172,0.013772517364150388,-1.091144683620057,-1.3990454866246693,1.285234990230736,-1.259795506125017,-0.6353166675633032,-0.5512038300808045,0.5596406313378746,0.9940178924830986,0.9860966422066364,3
-0.7858365198409568,-0.993932084149107,-1.2589056858959802,0.9829463743659811,0.38948397853494693,-1.0439655927422493,-0.8845346226151768,-0.6996864651901419,0.6711065417761527,1.5212493854529547,0.6735338282216478,-1.170032171384568,0.7486483468464215,0.9200765720998656,-1.259795506125017,-1.3241312691859664,-1.2834573406497911,-1.7868609675630667,-1.0060181084889308,0.9860966422066364,2
-1.0188195050333377,1.016267636601896,0.46601476356457855,0.9829463743659811,-0.9928903907106499,0.9578859753157553,0.6037921035001611,-0.6996864651901419,-0.45913057123155654,1.5212493854529547,-1.3057501043508444,-1.4202182040091607,-0.12848092350437962,-0.9905503025646889,-0.310171078630422,0.7423125356820234,-1.4665207182920377,0.5596406313378746,0.9940178924830986,0.9860966422066364,0
0.8884431678650753,1.016267636601896,0.3428061600316817,0.9829463743659811,1.5414626195729444,-1.0439655927422493,1.3203938605186571,-1.3933037788854497,-0.12005943732924378,-1.10197128209058,0.5085935005072734,-0.3270630164152197,1.0680252315651828,1.1376962354303843,1.1142655626114704,1.2015222700971322,0.18104968048818207,0.5596406313378746,0.9940178924830986,0.9860966422066364,3
-1.4025561865266711,-0.993932084149107,1.4516835918277553,0.9829463743659811,-0.532098934295451,-1.0439655927422493,0.5486688914218153,1.0343568190481278,-0.06354758167885831,1.5212493854529547,-1.14080977663647,-0.9964796983026434,1.202256096157126,0.7421079491219413,-0.5475771855040708,-0.4057118003557487,1.0963665686994153,0.5596406313378746,-1.0060181084889308,-1.0140993866100703,2
-0.2947449334060361,-0.993932084149107,-0.026819650567009547,-1.02762575501898,-0.532098934295451,0.9578859753157553,-1.1050274709285601,-0.6996864651901419,0.36029133569903266,1.5212493854529547,-0.8109291212077213,0.7119978938544851,1.6165203161908817,-1.3833722372206254,-0.7849832923777195,0.2831028012669145,0.7302398134149221,0.5596406313378746,-1.0060181084889308,-1.0140993866100703,0
-0.5482852408212743,-0.993932084149107,0.2195975564987845,-1.02762575501898,0.38948397853494693,-1.0439655927422493,0.9345313759702363,0.34073950535281977,-0.2330831486300147,-1.539174726681169,1.1683548113647708,-0.0836387684561565,1.6628068212225862,-0.48523006737348434,-1.259795506125017,-1.3241312691859664,-0.5512038300808045,-1.7868609675630667,0.9940178924830986,-1.0140993866100703,1
1.4092286641774563,-0.993932084149107,-1.2589056858959802,0.9829463743659811,-0.9928903907106499,0.9578859753157553,-0.44354892598840995,-1.3933037788854497,0.4168031913494181,0.2096390516811874,-1.4706904320652185,-0.8296890098862482,-0.22336825881937394,-0.06658885062748642,1.1142655626114704,0.053497934059360104,-0.18507707479631122,0.5596406313378746,0.9940178924830986,-1.0140993866100703,2
1.0871639493526943,-0.993932084149107,1.328474988294858,0.9829463743659811,1.0806711631577455,0.9578859753157553,-0.9396578346935226,0.34073950535281977,-0.5721542825323275,0.6468424962717766,1.6631757945078938,-1.197079310046686,1.3827734657807738,-0.8070489762817515,0.8768594557378216,-0.8649215347708576,-1.2834573406497911,0.5596406313378746,0.9940178924830986,-1.0140993866100703,1
1.502878687637139,1.016267636601896,0.46601476356457855,-1.02762575501898,-0.532098934295451,0.9578859753157553,1.2101474363619655,-0.6996864651901419,0.38854726352422536,-1.10197128209058,-0.4810484657789726,-0.03405234757560661,-1.1884418887304136,-1.5788610873310913,1.1142655626114704,1.2015222700971322,-1.6495840959342845,0.5596406313378746,-1.0060181084889308,-1.0140993866100703,0
-0.08460341735016304,1.016267636601896,1.082057781229064,0.9829463743659811,-0.9928903907106499,-1.0439655927422493,-0.7191649863801393,-1.3933037788854497,-0.515642426881942,-1.10197128209058,-1.4706904320652185,-0.5434401257121647,1.1351406638611543,-1.410113636528189,1.5890777763587678,-1.3241312691859664,-1.4665207182920377,-1.7868609675630667,-1.0060181084889308,-1.0140993866100703,0
-0.15541197167333765,1.016267636601896,0.2195975564987845,0.9829463743659811,-0.532098934295451,-1.0439655927422493,-0.7191649863801393,-0.6996864651901419,0.7558743252517308,1.0840459408623657,1.4982354667935194,-0.8950529283197004,-1.1490983594534647,-1.7162565527389189,-1.4972016129986656,-0.1761069331481943,-0.5512038300808045,-1.7868609675630667,-1.0060181084889308,-1.0140993866100703,0
-0.6282303827990521,-0.993932084149107,0.5892233670974757,-1.02762575501898,-0.9928903907106499,0.9578859753157553,-0.5537953501451016,0.6875481622004737,-1.5328558285888803,1.5212493854529547,-1.635630759779593,-0.9468932774220934,-0.040536563944140985,0.4175226885611676,1.1142655626114704,2.3495466061349046,-1.1003939630075446,0.5596406313378746,0.9940178924830986,-1.0140993866100703,2
1.6764738530745993,1.016267636601896,1.082057781229064,0.9829463743659811,0.38948397853494693,-1.0439655927422493,0.7691617397351987,-1.3933037788854497,1.4905284487067418,-0.22756439290940172,0.013772517364150388,0.12146869973157264,-0.926923135301283,-1.3695404789580923,-1.4972016129986656,-1.3241312691859664,-1.4665207182920377,-1.7868609675630667,-1.0060181084889308,0.9860966422066364,0
1.7198726444339643,1.016267636601896,-1.135697082363083,0.9829463743659811,1.5414626195729444,-1.0439655927422493,-1.6562595917120186,-1.3933037788854497,0.021220201796719875,-1.539174726681169,0.6735338282216478,0.008772288639413765,-0.825092824231533,0.9975344183700502,-0.5475771855040708,0.7423125356820234,-0.18507707479631122,0.5596406313378746,0.9940178924830986,-1.0140993866100703,3
-1.583003792705084,1.016267636601896,1.328474988294858,0.9829463743659811,0.15908825032734747,-1.0439655927422493,-0.3333025018317183,1.7279741327434355,0.5298269026501891,0.2096390516811874,0.838474155936022,-0.5163929870500465,0.9407373427279954,-0.5294916938135898,-1.259795506125017,-0.8649215347708576,-1.4665207182920377,-1.7868609675630667,0.9940178924830986,-1.0140993866100703,1
-0.3335754309380996,-0.993932084149107,-1.2589056858959802,-1.02762575501898,-0.7624946625030504,0.9578859753157553,-0.05768644143998903,0.34073950535281977,0.8688980365525018,-1.10197128209058,0.34365317279289903,1.498618843277754,0.38992793285071126,-0.44096844093337884,-0.07276497175677328,-1.3241312691859664,-0.9173305853652978,0.5596406313378746,0.9940178924830986,-1.0140993866100703,1
1.4640481901050755,1.016267636601896,0.5892233670974757,-1.02762575501898,1.5414626195729444,-1.0439655927422493,0.16280640687339437,-1.3933037788854497,1.688319943483091,-0.22756439290940172,0.6735338282216478,0.6421261189773466,1.6928930494931942,-0.1790871511627546,1.1142655626114704,0.2831028012669145,0.7302398134149221,-1.7868609675630667,0.9940178924830986,-1.0140993866100703,2
1.201371295035234,-0.993932084149107,-0.5196540646985977,-1.02762575501898,-0.3017032060878515,-1.0439655927422493,-1.160150683006906,0.6875481622004737,-1.5045999007636874,-1.10197128209058,-0.4810484657789726,0.42800293790224475,-0.17708175378766938,1.4484497377286252,-1.4972016129986656,-0.1761069331481943,1.279429946341662,0.5596406313378746,-1.0060181084889308,-1.0140993866100703,3
0.9158529308288847,-0.993932084149107,-1.2589056858959802,0.9829463743659811,-0.7624946625030504,0.9578859753157553,0.2179296189517402,1.3811654758957816,-1.5045999007636874,1.5212493854529547,0.17871284507852472,0.042581211967061425,1.2832574799626089,1.0242758176776139,-1.4972016129986656,-1.094526401978412,-0.18507707479631122,0.5596406313378746,-1.0060181084889308,0.9860966422066364,3
1.3498408444225356,-0.993932084149107,-1.2589056858959802,-1.02762575501898,-0.9928903907106499,-1.0439655927422493,-1.3806435313202894,1.3811654758957816,1.4340165930563564,0.6468424962717766,0.34365317279289903,-0.41722014528894674,0.7671629488591033,0.19344820470813345,-1.0223893992513682,0.2831028012669145,0.5471764357726754,-1.7868609675630667,0.9940178924830986,-1.0140993866100703,2
-0.9434426568828617,-0.993932084149107,-1.135697082363083,-1.02762575501898,-0.3017032060878515,-1.0439655927422493,1.6511331329887322,0.6875481622004737,1.3209928817555854,-0.22756439290940172,1.4982354667935194,0.29952902925718367,0.8412213569098306,-0.11638318037260512,1.1142655626114704,-0.4057118003557487,1.0963665686994153,-1.7868609675630667,-1.0060181084889308,-1.0140993866100703,1
1.4275018394866628,-0.993932084149107,0.8356405741632701,-1.02762575501898,-0.9928903907106499,0.9578859753157553,-1.3806435313202894,-1.3933037788854497,0.049476129621912605,-1.539174726681169,-1.3057501043508444,-0.9468932774220934,0.6792185892988647,0.1233672961779664,-0.5475771855040708,-1.094526401978412,-0.18507707479631122,0.5596406313378746,-1.0060181084889308,-1.0140993866100703,2
-1.4916379161590523,1.016267636601896,-1.135697082363083,-1.02762575501898,2.6934412606109417,0.9578859753157553,0.5486688914218153,-0.6996864651901419,-0.5438983547071348,1.0840459408623657,1.1683548113647708,0.31530652681008586,-0.30899829312802735,-0.23533630143038867,-0.07276497175677328,-0.8649215347708576,-0.7342672077230512,0.5596406313378746,0.9940178924830986,0.9860966422066364,1
-0.07546682969555986,-0.993932084149107,1.8213094024264462,0.9829463743659811,1.311066891365345,0.9578859753157553,-0.11280965351833487,0.34073950535281977,-0.37436278775597837,-0.6647678374999909,0.5085935005072734,2.109433391397255,1.0680252315651828,-0.2759094590004854,-1.259795506125017,-1.094526401978412,-1.2834573406497911,0.5596406313378746,-1.0060181084889308,0.9860966422066364,2
-0.9297377754009568,1.016267636601896,-1.2589056858959802,0.9829463743659811,-0.7624946625030504,0.9578859753157553,-1.490889955476981,-1.3933037788854497,0.6993624696013454,0.2096390516811874,-1.3057501043508444,-1.4337417733402198,1.6026343646813703,1.6799011593216768,-0.07276497175677328,-0.1761069331481943,0.5471764357726754,0.5596406313378746,0.9940178924830986,0.9860966422066364,3
-0.8931914247825442,1.016267636601896,1.574892195360652,-1.02762575501898,-0.7624946625030504,-1.0439655927422493,-1.3255203192419436,-1.3933037788854497,-1.052505055560604,1.0840459408623657,-1.14080977663647,-1.438249629783906,0.09832295115097264,-1.5567302741110387,-0.5475771855040708,0.053497934059360104,0.7302398134149221,0.5596406313378746,0.9940178924830986,0.9860966422066364,0
1.3978079296092023,-0.993932084149107,1.698100798893549,-1.02762575501898,-0.9928903907106499,-1.0439655927422493,1.1550242242836197,0.6875481622004737,-0.7982017051338693,0.6468424962717766,-1.3057501043508444,-1.0618436167360954,-0.17708175378766938,0.5106565275288896,-1.4972016129986656,-1.3241312691859664,-0.5512038300808045,0.5596406313378746,-1.0060181084889308,-1.0140993866100703,2
-0.16683270624159163,1.016267636601896,-1.2589056858959802,-1.02762575501898,0.6198797067425464,-1.0439655927422493,1.4857634967536948,-0.006069151494834045,-1.7023913955400367,-1.539174726681169,0.17871284507852472,-0.46906049439133984,-1.4198744138889363,1.6254962434890472,-1.0223893992513682,0.053497934059360104,-0.7342672077230512,0.5596406313378746,-1.0060181084889308,0.9860966422066364,3
1.2264969110853927,1.016267636601896,0.7124319706303729,0.9829463743659811,1.311066891365345,-1.0439655927422493,0.16280640687339437,-1.3933037788854497,0.8971539643776945,-0.22756439290940172,1.0034144836503964,-0.827435081664405,-1.4545892926627149,-0.2869748656105118,0.8768594557378216,1.6607320045122411,1.6455567016261552,0.5596406313378746,0.9940178924830986,0.9860966422066364,1
0.03417222215967826,1.016267636601896,-0.3964454611657008,-1.02762575501898,-0.532098934295451,0.9578859753157553,-0.2781792897533724,-1.0464951220377958,-0.17657129297962923,-1.10197128209058,0.013772517364150388,1.4490324223972042,0.27884032077462034,-1.2054036142427011,0.40204724199052416,-1.094526401978412,0.9133031910571687,0.5596406313378746,0.9940178924830986,0.9860966422066364,0
0.5823674814358688,-0.993932084149107,0.09638895296588762,0.9829463743659811,-0.07130747788025202,0.9578859753157553,-0.44354892598840995,-1.0464951220377958,-1.1090169112109893,-1.539174726681169,1.1683548113647708,0.7525686018476623,-0.14236687501389098,1.3737582431109472,0.6394533488641729,1.4311271373046865,-0.36814045243855786,0.5596406313378746,-1.0060181084889308,-1.0140993866100703,3
-0.5825474445260361,1.016267636601896,0.8356405741632701,0.9829463743659811,-0.9928903907106499,0.9578859753157553,0.38329925518677777,-0.006069151494834045,-0.6004102103575202,1.5212493854529547,1.333295139079145,-1.3278071469135904,1.5725481364107623,-0.10255142211007214,-0.310171078630422,0.2831028012669145,0.9133031910571687,0.5596406313378746,0.9940178924830986,-1.0140993866100703,1
-0.1371387963641313,1.016267636601896,-0.8892798752972889,-1.02762575501898,-0.7624946625030504,-1.0439655927422493,-1.490889955476981,1.3811654758957816,0.38854726352422536,0.2096390516811874,1.1683548113647708,0.6038093392060125,0.4107568601149783,-1.4580637318383034,-1.0223893992513682,0.2831028012669145,1.279429946341662,-1.7868609675630667,-1.0060181084889308,0.9860966422066364,0
-1.6583806408555601,-0.993932084149107,0.46601476356457855,-1.02762575501898,0.8502754349501459,-1.0439655927422493,-0.2781792897533724,-0.3528778083424879,0.95366582002808,1.5212493854529547,0.5085935005072734,-0.8184193687770324,-1.2532429957748,1.1764251585654766,0.8768594557378216,0.053497934059360104,0.3641130581304287,-1.7868609675630667,0.9940178924830986,0.9860966422066364,2
-1.5578781766549252,-0.993932084149107,-1.2589056858959802,0.9829463743659811,-0.3017032060878515,-1.0439655927422493,-0.8294114105368309,-1.0464951220377958,-1.448088045113302,0.6468424962717766,-0.9758694489220956,-0.7282622399033052,-1.2532429957748,0.4599400805662687,1.1142655626114704,2.3495466061349046,0.9133031910571687,-1.7868609675630667,-1.0060181084889308,-1.0140993866100703,1
-1.1307427038022266,-0.993932084149107,0.2195975564987845,0.9829463743659811,-0.9928903907106499,0.9578859753157553,0.05255998271670267,-0.006069151494834045,-0.9959931999102184,-0.22756439290940172,-1.3057501043508444,1.3678910064108498,1.6466065444614897,0.5309431063139379,-0.7849832923777195,-0.6353166675633032,1.4624933239839086,0.5596406313378746,-1.0060181084889308,-1.0140993866100703,2
-0.251346142046671,1.016267636601896,-0.8892798752972889,0.9829463743659811,1.0806711631577455,0.9578859753157553,-0.6089185622234475,0.34073950535281977,-0.6851779938330984,-1.10197128209058,0.013772517364150388,1.0884039069022957,1.0425676537977453,-0.6678092764389196,-0.310171078630422,-1.3241312691859664,0.3641130581304287,0.5596406313378746,0.9940178924830986,-1.0140993866100703,1
-0.2079473506873059,-0.993932084149107,0.9588491776961667,0.9829463743659811,-0.9928903907106499,0.9578859753157553,1.430640284675349,-0.6996864651901419,0.840642108727309,0.2096390516811874,1.6631757945078938,-0.08814662489984286,-1.304158151309675,0.9246871581873766,-0.5475771855040708,0.2831028012669145,-0.002013697154064573,0.5596406313378746,-1.0060181084889308,-1.0140993866100703,2
1.2653274086174562,-0.993932084149107,1.4516835918277553,-1.02762575501898,1.7718583477805439,0.9578859753157553,0.658915315578507,0.6875481622004737,0.9819217478532727,0.2096390516811874,1.1683548113647708,0.02229585797047283,0.4801866176625351,0.6259211797166644,1.5890777763587678,0.7423125356820234,-0.9173305853652978,0.5596406313378746,0.9940178924830986,0.9860966422066364,3
0.16208444932412272,-0.993932084149107,0.9588491776961667,0.9829463743659811,-0.3017032060878515,-1.0439655927422493,-0.9396578346935226,-1.0464951220377958,0.2755235522234544,0.2096390516811874,0.17871284507852472,0.6962203963015828,-0.651518430362641,0.3631177727285379,1.351671669485119,2.579151473342459,-1.1003939630075446,-1.7868609675630667,0.9940178924830986,0.9860966422066364,2
0.8336236419374562,-0.993932084149107,-0.3964454611657008,-1.02762575501898,-0.7624946625030504,-1.0439655927422493,-1.4357667433986352,-0.006069151494834045,1.4340165930563564,0.6468424962717766,0.838474155936022,-1.3007600082514723,-0.4848870122485046,1.3276523822358373,-1.259795506125017,-0.8649215347708576,-1.6495840959342845,0.5596406313378746,0.9940178924830986,-1.0140993866100703,3
0.9980822197203134,-0.993932084149107,0.09638895296588762,-1.02762575501898,-0.532098934295451,-1.0439655927422493,0.27305283103008604,-1.0464951220377958,0.13424391309749079,-1.539174726681169,-1.14080977663647,-1.1520007456098227,-0.1261665982527944,0.36035142107603135,0.40204724199052416,0.5127076684744689,-1.2834573406497911,0.5596406313378746,-1.0060181084889308,0.9860966422066364,2
-0.5437169469939727,-0.993932084149107,1.574892195360652,0.9829463743659811,-0.7624946625030504,-1.0439655927422493,0.4384224672651236,-1.0464951220377958,-0.6569220660079056,-0.6647678374999909,-0.4810484657789726,0.6240946932026011,1.3526872375101657,1.410642931811035,0.16464113511687545,0.7423125356820234,-0.18507707479631122,0.5596406313378746,0.9940178924830986,0.9860966422066364,3
-0.34956445933365515,-0.993932084149107,1.4516835918277553,-1.02762575501898,-0.9928903907106499,0.9578859753157553,-0.44354892598840995,-1.3933037788854497,-0.1483153651544365,1.5212493854529547,1.4982354667935194,2.769834360397306,1.6766927727320975,1.6651472838416417,1.1142655626114704,-1.094526401978412,1.279429946341662,0.5596406313378746,0.9940178924830986,0.9860966422066364,3
1.7061677629520595,1.016267636601896,-1.2589056858959802,0.9829463743659811,0.6198797067425464,0.9578859753157553,0.38329925518677777,-1.3933037788854497,-1.448088045113302,1.0840459408623657,1.4982354667935194,-0.8882911436541708,-1.5101330987007602,1.2465060670956438,-0.310171078630422,0.5127076684744689,1.0963665686994153,0.5596406313378746,0.9940178924830986,-1.0140993866100703,3
-1.3819988643038141,1.016267636601896,-0.8892798752972889,-1.02762575501898,0.15908825032734747,-1.0439655927422493,0.49354567934346943,-1.0464951220377958,1.462272520881549,-1.539174726681169,0.34365317279289903,1.6158231108135992,1.3920307667871146,1.0307306382001293,1.351671669485119,1.2015222700971322,-1.2834573406497911,0.5596406313378746,-1.0060181084889308,0.9860966422066364,3
-1.6835062569057189,-0.993932084149107,-0.8892798752972889,-1.02762575501898,0.6198797067425464,-1.0439655927422493,1.0999010122052737,1.7279741327434355,-1.6458795398896513,0.6468424962717766,-0.31610813806459825,-0.8206732969988755,-0.21411095781303302,0.49959112091886326,-1.7346077198723144,-0.4057118003557487,1.6455567016261552,0.5596406313378746,0.9940178924830986,-1.0140993866100703,2
0.9181370777425356,-0.993932084149107,-0.5196540646985977,-1.02762575501898,0.38948397853494693,-1.0439655927422493,0.8794081638918904,0.6875481622004737,-1.2220406225117602,1.5212493854529547,-0.4810484657789726,-0.9491472056439366,1.7183506272606317,-0.39578469727577115,0.16464113511687545,0.053497934059360104,1.0963665686994153,0.5596406313378746,-1.0060181084889308,0.9860966422066364,2
-1.4071244803539729,-0.993932084149107,-0.15002825409990672,0.9829463743659811,-0.9928903907106499,0.9578859753157553,-0.9396578346935226,-1.0464951220377958,1.377504737405971,-0.6647678374999909,-1.4706904320652185,0.29952902925718367,-0.9431234120623796,1.2778580524907184,0.40204724199052416,-0.4057118003557487,1.279429946341662,0.5596406313378746,-1.0060181084889308,0.9860966422066364,2
-0.6327986766263536,1.016267636601896,-0.5196540646985977,0.9829463743659811,-0.3017032060878515,-1.0439655927422493,-0.8294114105368309,-1.3933037788854497,0.5863387583005745,1.5212493854529547,1.6631757945078938,-0.2233823182104335,0.3991852338570522,1.2114656128305603,0.40204724199052416,-0.6353166675633032,1.6455567016261552,-1.7868609675630667,-1.0060181084889308,-1.0140993866100703,3
-0.41580471982952816,1.016267636601896,1.4516835918277553,-1.02762575501898,-0.3017032060878515,0.9578859753157553,0.49354567934346943,-1.3933037788854497,-1.2220406225117602,-0.22756439290940172,0.013772517364150388,-0.559217623265067,-0.8343501252378739,-0.08410907776002817,0.8768594557378216,0.7423125356820234,-1.6495840959342845,0.5596406313378746,0.9940178924830986,-1.0140993866100703,1
1.422933545659361,-0.993932084149107,-0.026819650567009547,-1.02762575501898,-0.7624946625030504,-1.0439655927422493,1.6511331329887322,1.7279741327434355,1.1797132426296217,-1.539174726681169,-1.3057501043508444,-0.5840108337053419,-0.4756297112421637,-1.0209801707422614,-0.310171078630422,-0.6353166675633032,-0.36814045243855786,0.5596406313378746,-1.0060181084889308,-1.0140993866100703,1
-1.5624464704822267,1.016267636601896,1.8213094024264462,0.9829463743659811,0.15908825032734747,0.9578859753157553,0.3281760431084319,1.0343568190481278,1.4905284487067418,-1.10197128209058,0.013772517364150388,-0.9716864878623684,1.6628068212225862,-0.4040837522332909,-1.0223893992513682,-1.094526401978412,-0.5512038300808045,0.5596406313378746,-1.0060181084889308,0.9860966422066364,1
-0.5460010939076234,-0.993932084149107,1.4516835918277553,-1.02762575501898,-0.7624946625030504,0.9578859753157553,1.430640284675349,1.7279741327434355,-0.1483153651544365,0.2096390516811874,0.34365317279289903,-0.41496621706710357,-0.9685809898298171,-1.1639083394551022,-1.259795506125017,-1.3241312691859664,1.6455567016261552,0.5596406313378746,-1.0060181084889308,-1.0140993866100703,0
-0.9091804531780997,-0.993932084149107,-1.2589056858959802,-1.02762575501898,0.38948397853494693,0.9578859753157553,-1.160150683006906,-0.6996864651901419,-1.674135467714844,0.2096390516811874,0.6735338282216478,-1.1722860996064113,-1.334244379580283,-1.0763072037923933,-1.4972016129986656,-0.1761069331481943,-0.002013697154064573,0.5596406313378746,0.9940178924830986,-1.0140993866100703,0
-0.8543609272504806,-0.993932084149107,1.698100798893549,-1.02762575501898,0.15908825032734747,-1.0439655927422493,-0.8845346226151768,-1.3933037788854497,-1.448088045113302,-0.22756439290940172,0.34365317279289903,-0.6989611730193439,-0.5612597455508171,1.2631041770106832,0.16464113511687545,-0.6353166675633032,0.5471764357726754,-1.7868609675630667,-1.0060181084889308,0.9860966422066364,3
-0.5482852408212743,-0.993932084149107,1.328474988294858,0.9829463743659811,1.5414626195729444,0.9578859753157553,1.3203938605186571,1.7279741327434355,0.6993624696013454,-0.22756439290940172,0.5085935005072734,-0.6831836754664417,0.9013938134510464,0.8841140006172798,-1.0223893992513682,-0.4057118003557487,-0.002013697154064573,0.5596406313378746,0.9940178924830986,0.9860966422066364,2
-0.01607900994063921,-0.993932084149107,-0.3964454611657008,-1.02762575501898,1.7718583477805439,-1.0439655927422493,-0.11280965351833487,1.3811654758957816,-0.26133907645520743,0.6468424962717766,0.6735338282216478,-0.04532198868482249,-1.1352124079439534,-0.4317472687583569,-1.0223893992513682,-0.4057118003557487,0.7302398134149221,0.5596406313378746,0.9940178924830986,0.9860966422066364,1
-0.10287659265936938,-0.993932084149107,0.9588491776961667,-1.02762575501898,0.38948397853494693,0.9578859753157553,0.10768319479504852,-1.0464951220377958,0.6993624696013454,-1.10197128209058,0.34365317279289903,-0.3405865857462787,-1.7184223713434308,-1.670150691863809,0.6394533488641729,-1.094526401978412,1.4624933239839086,0.5596406313378746,0.9940178924830986,-1.0140993866100703,0
-1.4322500964041316,1.016267636601896,-1.2589056858959802,0.9829463743659811,-0.7624946625030504,0.9578859753157553,-0.6640417743017933,1.0343568190481278,1.0949454591540435,1.5212493854529547,-0.6459887934933469,1.1267206866736297,0.5449877247069215,1.0676153269002173,0.8768594557378216,-0.8649215347708576,1.279429946341662,0.5596406313378746,0.9940178924830986,0.9860966422066364,3
0.280860088833964,1.016267636601896,1.698100798893549,-1.02762575501898,-0.9928903907106499,-1.0439655927422493,0.8242849518135446,-0.006069151494834045,1.2927369539303928,0.6468424962717766,-0.9758694489220956,-0.10167019423090193,-0.4848870122485046,1.38759000137348,1.5890777763587678,2.579151473342459,-1.1003939630075446,-1.7868609675630667,0.9940178924830986,0.9860966422066364,3
0.525263808594599,-0.993932084149107,0.2195975564987845,0.9829463743659811,1.5414626195729444,0.9578859753157553,0.658915315578507,-0.006069151494834045,0.8123861809021163,-1.10197128209058,0.6735338282216478,-0.3631258679647105,-1.2509286705232148,-0.4031616350157887,0.6394533488641729,-0.1761069331481943,-1.1003939630075446,0.5596406313378746,0.9940178924830986,0.9860966422066364,1
-0.5779791506987345,1.016267636601896,-0.8892798752972889,-1.02762575501898,2.0022540759881435,0.9578859753157553,-0.22305607767502658,1.0343568190481278,1.1797132426296217,-0.22756439290940172,1.6631757945078938,-1.005495411190016,-1.3249870785739422,-0.8992606980319713,-1.0223893992513682,0.2831028012669145,1.279429946341662,0.5596406313378746,0.9940178924830986,-1.0140993866100703,0
1.379534754299996,-0.993932084149107,1.574892195360652,-1.02762575501898,-0.7624946625030504,0.9578859753157553,1.6511331329887322,1.0343568190481278,-1.024249127735411,-0.6647678374999909,-0.4810484657789726,-1.4066946346781015,-0.9708953150814023,1.6365616500990736,-1.7346077198723144,-0.4057118003557487,-0.9173305853652978,0.5596406313378746,-1.0060181084889308,0.9860966422066364,3
0.735405324650472,-0.993932084149107,-1.2589056858959802,0.9829463743659811,1.311066891365345,0.9578859753157553,-1.546013167555327,-0.006069151494834045,-0.17657129297962923,-1.10197128209058,0.5085935005072734,0.5406993489944036,1.294829106220535,-0.3146383821355777,0.16464113511687545,1.4311271373046865,-0.18507707479631122,0.5596406313378746,0.9940178924830986,-1.0140993866100703,2
1.0414810110796784,1.016267636601896,-1.2589056858959802,0.9829463743659811,-0.532098934295451,0.9578859753157553,0.8242849518135446,-0.006069151494834045,1.377504737405971,0.2096390516811874,0.5085935005072734,-0.7598172350091097,-0.10070902048535689,-0.4566444336309162,-1.0223893992513682,0.053497934059360104,-0.002013697154064573,0.5596406313378746,0.9940178924830986,-1.0140993866100703,1
-1.306622016153338,-0.993932084149107,1.328474988294858,0.9829463743659811,-0.3017032060878515,-1.0439655927422493,-1.3255203192419436,1.0343568190481278,1.2644810261052,-1.539174726681169,-0.4810484657789726,0.8337100178340167,1.609577340436126,0.3723389449035599,-0.310171078630422,0.5127076684744689,-0.5512038300808045,-1.7868609675630667,0.9940178924830986,-1.0140993866100703,2
1.2082237357761865,1.016267636601896,0.5892233670974757,-1.02762575501898,-0.9928903907106499,0.9578859753157553,-1.6562595917120186,1.0343568190481278,-1.4763439729384948,1.0840459408623657,-1.3057501043508444,1.4828413457248517,1.3017720819752907,1.0436402792451602,-0.7849832923777195,0.053497934059360104,-1.1003939630075446,0.5596406313378746,0.9940178924830986,-1.0140993866100703,3
0.06843442586444018,1.016267636601896,1.574892195360652,0.9829463743659811,2.6934412606109417,-1.0439655927422493,0.49354567934346943,1.7279741327434355,1.1232013869792363,1.5212493854529547,1.1683548113647708,-0.5389322692684784,-0.49877296375801594,0.19990302523064885,-0.5475771855040708,0.7423125356820234,0.9133031910571687,-1.7868609675630667,-1.0060181084889308,0.9860966422066364,2
-0.2970290803196869,1.016267636601896,1.574892195360652,0.9829463743659811,0.38948397853494693,-1.0439655927422493,1.375517072597003,1.3811654758957816,0.3037794800486472,-1.539174726681169,0.34365317279289903,-1.1745400278282543,-0.9685809898298171,0.6093230698016249,0.6394533488641729,0.9719174028895778,0.9133031910571687,0.5596406313378746,-1.0060181084889308,-1.0140993866100703,2
-0.6921864963812743,-0.993932084149107,-1.2589056858959802,0.9829463743659811,2.2326498041957428,0.9578859753157553,-0.9947810467718684,-1.3933037788854497,0.6711065417761527,-0.6647678374999909,1.1683548113647708,-1.1159378940603317,0.9847095225081146,1.5093094740837703,0.16464113511687545,-1.094526401978412,0.18104968048818207,0.5596406313378746,-1.0060181084889308,-1.0140993866100703,3
1.0825956555253928,1.016267636601896,0.5892233670974757,-1.02762575501898,1.0806711631577455,0.9578859753157553,-1.490889955476981,0.6875481622004737,1.6600640156578983,0.6468424962717766,1.0034144836503964,-1.2106028793777452,1.6466065444614897,-0.5636100308611712,0.6394533488641729,0.053497934059360104,-1.6495840959342845,0.5596406313378746,-1.0060181084889308,0.9860966422066364,1
-0.14627538401873447,1.016267636601896,0.2195975564987845,0.9829463743659811,-0.7624946625030504,0.9578859753157553,0.7140385276568528,0.34073950535281977,0.7558743252517308,-1.10197128209058,-0.4810484657789726,-1.2511735873709224,-1.6073347592673397,0.10676918626292684,-0.5475771855040708,0.053497934059360104,-1.1003939630075446,0.5596406313378746,0.9940178924830986,-1.0140993866100703,1
1.601097004924123,1.016267636601896,-0.6428626682314948,0.9829463743659811,-0.9928903907106499,0.9578859753157553,-1.490889955476981,-1.0464951220377958,1.5187843765319347,-0.22756439290940172,-1.4706904320652185,-0.12871733289302006,1.2902004557173645,-1.2026372625901944,1.5890777763587678,2.8087563405500133,-1.4665207182920377,0.5596406313378746,0.9940178924830986,0.9860966422066364,1
-0.8772023963869886,1.016267636601896,-1.2589056858959802,-1.02762575501898,-0.532098934295451,0.9578859753157553,1.4857634967536948,-0.006069151494834045,0.5298269026501891,-1.10197128209058,-1.14080977663647,0.8630110847179779,-0.12848092350437962,-0.22980359812537549,0.8768594557378216,0.5127076684744689,-0.5512038300808045,0.5596406313378746,0.9940178924830986,0.9860966422066364,1
-1.0690707371336552,1.016267636601896,-1.2589056858959802,0.9829463743659811,-0.9928903907106499,0.9578859753157553,0.05255998271670267,-1.3933037788854497,0.47331504699980353,-0.6647678374999909,1.1683548113647708,0.29502117281349727,-0.010450335673533035,-1.1104255408399748,0.8768594557378216,-0.8649215347708576,-0.18507707479631122,0.5596406313378746,0.9940178924830986,0.9860966422066364,0
-1.3568732482536554,-0.993932084149107,1.205266384761961,-1.02762575501898,1.311066891365345,0.9578859753157553,1.706256345067078,1.7279741327434355,0.95366582002808,-0.22756439290940172,0.6735338282216478,-0.827435081664405,-1.5448479774745387,1.3746803603284492,1.351671669485119,0.5127076684744689,0.3641130581304287,0.5596406313378746,-1.0060181084889308,0.9860966422066364,2
0.15523200858317035,-0.993932084149107,0.3428061600316817,-1.02762575501898,-0.532098934295451,-1.0439655927422493,-1.3806435313202894,0.34073950535281977,-1.4763439729384948,1.0840459408623657,-1.14080977663647,0.5677464876565218,-0.3437131719018057,-0.6567438698288932,0.8768594557378216,0.7423125356820234,-1.1003939630075446,-1.7868609675630667,-1.0060181084889308,0.9860966422066364,1
1.6193701802333293,-0.993932084149107,1.698100798893549,0.9829463743659811,-0.07130747788025202,-1.0439655927422493,-1.490889955476981,-1.0464951220377958,-0.12005943732924378,-1.539174726681169,0.5085935005072734,0.01328014508310012,-1.2763862482906523,-1.6258890654237035,-1.4972016129986656,-1.094526401978412,-0.18507707479631122,-1.7868609675630667,0.9940178924830986,-1.0140993866100703,0
0.6166296851406308,-0.993932084149107,-1.135697082363083,0.9829463743659811,0.15908825032734747,-1.0439655927422493,0.9896545880485821,-0.6996864651901419,-1.674135467714844,-0.22756439290940172,-0.31610813806459825,0.8224403767248007,1.0009097992692113,-0.5387128659886119,-0.07276497175677328,0.5127076684744689,-1.4665207182920377,0.5596406313378746,0.9940178924830986,-1.0140993866100703,1
-1.4002720396130204,1.016267636601896,1.574892195360652,0.9829463743659811,-0.3017032060878515,0.9578859753157553,-1.160150683006906,1.0343568190481278,-0.8829694886094475,-1.10197128209058,-0.15116781035022395,0.20711797216161337,1.1744841931381034,-0.9656531376921296,-1.4972016129986656,-1.094526401978412,-1.2834573406497911,0.5596406313378746,-1.0060181084889308,0.9860966422066364,0
-0.11201318031397256,-0.993932084149107,0.5892233670974757,0.0,-0.9928903907106499,-1.0439655927422493,0.4384224672651236,-1.0464951220377958,-1.3350643338125312,0.2096390516811874,-1.4706904320652185,1.6992184550217968,0.9129654397089726,1.3700697742409382,0.16464113511687545,0.2831028012669145,-0.36814045243855786,-1.7868609675630667,-1.0060181084889308,0.9860966422066364,3
1.1145737123165038,1.016267636601896,0.7124319706303729,0.9829463743659811,1.311066891365345,-1.0439655927422493,1.375517072597003,-0.6996864651901419,0.5015709748249962,0.6468424962717766,1.333295139079145,-0.6065501159237736,0.08443699964146129,-1.4866493655808715,-1.7346077198723144,-0.8649215347708576,-0.9173305853652978,-1.7868609675630667,-1.0060181084889308,-1.0140993866100703,0
0.9843773382384087,1.016267636601896,1.8213094024264462,-1.02762575501898,2.2326498041957428,-1.0439655927422493,1.6511331329887322,-0.006069151494834045,-0.7416898494834838,1.5212493854529547,1.6631757945078938,1.0636106964620207,0.18163866020804081,0.8297090847846502,-1.4972016129986656,-1.3241312691859664,1.6455567016261552,-1.7868609675630667,-1.0060181084889308,0.9860966422066364,3
-0.20337905686000432,1.016267636601896,-1.2589056858959802,0.9829463743659811,-0.07130747788025202,0.9578859753157553,-0.2781792897533724,1.7279741327434355,-0.17657129297962923,-1.539174726681169,1.1683548113647708,-0.9266079234255048,1.609577340436126,-0.474164660763458,-0.310171078630422,-1.3241312691859664,0.9133031910571687,0.5596406313378746,-1.0060181084889308,-1.0140993866100703,1
-0.07089853586825827,-0.993932084149107,1.698100798893549,-1.02762575501898,0.15908825032734747,0.9578859753157553,-0.8845346226151768,1.7279741327434355,0.9819217478532727,-1.539174726681169,1.4982354667935194,0.10343727395682721,-0.5172875657706978,0.07080661478034112,1.1142655626114704,2.3495466061349046,0.18104968048818207,0.5596406313378746,-1.0060181084889308,-1.0140993866100703,1
1.3087261999768214,1.016267636601896,-0.2732368576328036,0.9829463743659811,-0.07130747788025202,0.9578859753157553,0.5486688914218153,1.7279741327434355,0.6145946861257672,1.0840459408623657,0.838474155936022,-0.5975344030364009,0.6907902155567908,1.1192538910803405,1.351671669485119,1.6607320045122411,-0.002013697154064573,0.5596406313378746,0.9940178924830986,0.9860966422066364,3
-1.0713548840473062,1.016267636601896,-0.026819650567009547,0.9829463743659811,0.38948397853494693,-1.0439655927422493,1.5960099209103864,-1.0464951220377958,1.57529623218232,-0.22756439290940172,-0.15116781035022395,-0.09490840956537239,0.5357304237005805,1.243739715443137,-1.259795506125017,-0.6353166675633032,-1.2834573406497911,-1.7868609675630667,-1.0060181084889308,0.9860966422066364,3
0.7308370308231704,1.016267636601896,-0.2732368576328036,0.9829463743659811,1.311066891365345,0.9578859753157553,-1.2152738950852517,-0.6996864651901419,-0.7416898494834838,1.5212493854529547,1.1683548113647708,-1.1903175253811566,-1.3203584280707716,0.07265084921534551,-1.259795506125017,-0.1761069331481943,0.7302398134149221,0.5596406313378746,0.9940178924830986,0.9860966422066364,1
1.514299422205393,-0.993932084149107,-1.2589056858959802,0.0,1.311066891365345,-1.0439655927422493,-1.0499042588502143,-1.0464951220377958,0.4168031913494181,-0.22756439290940172,0.17871284507852472,0.2724818905950655,-0.8667506787600671,-1.0919831964899307,0.40204724199052416,0.9719174028895778,0.7302398134149221,0.5596406313378746,0.9940178924830986,-1.0140993866100703,1
1.169393238244123,-0.993932084149107,1.205266384761961,-1.02762575501898,-0.7624946625030504,-1.0439655927422493,-1.546013167555327,0.34073950535281977,0.16249984092268352,1.5212493854529547,-0.15116781035022395,1.9246112772061146,1.6211489666940522,-0.8937279947269582,1.5890777763587678,1.8903368717197957,0.18104968048818207,-1.7868609675630667,0.9940178924830986,0.9860966422066364,1
0.4042040221711069,1.016267636601896,0.3428061600316817,0.9829463743659811,-0.9928903907106499,-1.0439655927422493,-0.6640417743017933,-1.3933037788854497,-1.3350643338125312,-0.22756439290940172,-1.635630759779593,1.1943385333289251,0.7555913226011771,1.6116644852265143,-0.5475771855040708,-0.8649215347708576,-0.7342672077230512,-1.7868609675630667,-1.0060181084889308,0.9860966422066364,3
0.11183321722380526,0.0,-1.2589056858959802,0.0,-0.3017032060878515,0.9578859753157553,1.5960099209103864,-1.0464951220377958,-0.7134339216582911,0.6468424962717766,-0.6459887934933469,0.7728539558442509,0.5820169287322852,-0.2233487776028601,0.8768594557378216,0.053497934059360104,-0.18507707479631122,0.5596406313378746,-1.0060181084889308,0.9860966422066364,2
-0.539148653166671,1.016267636601896,1.698100798893549,-1.02762575501898,2.6934412606109417,0.9578859753157553,-0.8845346226151768,0.34073950535281977,-0.6004102103575202,1.5212493854529547,1.4982354667935194,-1.0257807651866047,1.5123756798695465,-0.30080662387304474,0.8768594557378216,0.2831028012669145,-0.18507707479631122,0.5596406313378746,-1.0060181084889308,-1.0140993866100703,1
1.0871639493526943,1.016267636601896,-1.2589056858959802,0.9829463743659811,-0.7624946625030504,0.9578859753157553,-0.7742881984584851,-1.3933037788854497,-1.250296550336953,0.6468424962717766,-1.14080977663647,0.0651204941854932,0.28578329652937606,0.43688715012871376,1.1142655626114704,-0.8649215347708576,-1.4665207182920377,0.5596406313378746,-1.0060181084889308,-1.0140993866100703,3
1.6627689715926945,-0.993932084149107,-1.2589056858959802,-1.02762575501898,-0.9928903907106499,0.9578859753157553,0.7691617397351987,0.34073950535281977,1.6600640156578983,-1.539174726681169,-0.4810484657789726,-0.2864923084220425,0.2834689712777908,-0.5138157011160525,0.6394533488641729,-0.8649215347708576,-0.7342672077230512,0.5596406313378746,0.9940178924830986,-1.0140993866100703,1
-0.6327986766263536,-0.993932084149107,-0.6428626682314948,0.9829463743659811,2.2326498041957428,-1.0439655927422493,-1.6562595917120186,1.3811654758957816,-0.4308746434063638,-1.539174726681169,1.6631757945078938,2.1928287356054526,1.537833257636984,-0.5838966096462196,0.8768594557378216,-0.8649215347708576,0.5471764357726754,0.5596406313378746,-1.0060181084889308,-1.0140993866100703,1
0.5663784530403133,-0.993932084149107,-0.026819650567009547,-1.02762575501898,0.15908825032734747,0.9578859753157553,0.5486688914218153,1.0343568190481278,-0.5721542825323275,-1.10197128209058,-0.4810484657789726,0.4775893587827947,-0.6075462505825217,-0.11177259428509412,-0.07276497175677328,-0.4057118003557487,-1.4665207182920377,0.5596406313378746,-1.0060181084889308,-1.0140993866100703,2
0.7536784999596784,1.016267636601896,0.09638895296588762,0.9829463743659811,-0.07130747788025202,0.9578859753157553,1.2101474363619655,1.3811654758957816,1.4057606652311636,-0.22756439290940172,-0.6459887934933469,-0.6178197570329895,-1.3573876320961353,1.6420943534040868,-1.4972016129986656,-0.8649215347708576,-1.2834573406497911,0.5596406313378746,-1.0060181084889308,-1.0140993866100703,3
-0.2125156445146075,-0.993932084149107,-2.7357805694826946e-16,-1.02762575501898,0.15908825032734747,0.9578859753157553,1.375517072597003,-0.3528778083424879,-0.826457632959062,0.2096390516811874,0.013772517364150388,-1.2894903671422564,-1.5471623027261239,-1.6904372706488573,1.5890777763587678,0.7423125356820234,-0.002013697154064573,0.5596406313378746,0.9940178924830986,0.9860966422066364,0
0.31969058636602754,1.016267636601896,-0.026819650567009547,-1.02762575501898,0.38948397853494693,0.9578859753157553,-1.2703971071635978,1.0343568190481278,-0.6286661381827129,1.5212493854529547,0.5085935005072734,-1.233142161596177,-1.1490983594534647,-0.39762893171077557,-0.310171078630422,-0.4057118003557487,1.279429946341662,0.5596406313378746,-1.0060181084889308,0.9860966422066364,1
-5.193548790090959e-16,-0.993932084149107,0.46601476356457855,0.9829463743659811,0.6198797067425464,0.9578859753157553,-0.38842571391006414,-0.6996864651901419,0.3320354078738399,-0.22756439290940172,-0.15116781035022395,-0.5637254797087533,1.3920307667871146,-0.31002779604806674,0.16464113511687545,1.2015222700971322,0.3641130581304287,0.5596406313378746,-1.0060181084889308,0.9860966422066364,1
1.612517739492377,-0.993932084149107,-0.3964454611657008,-1.02762575501898,-0.3017032060878515,-1.0439655927422493,-0.3333025018317183,0.6875481622004737,-0.7982017051338693,0.6468424962717766,-0.8109291212077213,0.9441525007043323,0.6676469630409385,1.1045000156003053,1.351671669485119,0.2831028012669145,1.6455567016261552,-1.7868609675630667,-1.0060181084889308,0.9860966422066364,3
0.8930114616923769,1.016267636601896,1.574892195360652,0.9829463743659811,-0.9928903907106499,0.9578859753157553,-0.002563229361643179,1.3811654758957816,-1.7023913955400367,0.6468424962717766,-1.4706904320652185,0.15076976661553393,1.0981114598357908,-0.34414613309564807,-0.07276497175677328,0.9719174028895778,1.6455567016261552,0.5596406313378746,-1.0060181084889308,0.9860966422066364,2
-0.2604827297012742,1.016267636601896,1.4516835918277553,-1.02762575501898,1.311066891365345,-1.0439655927422493,-0.4986721380667558,-0.3528778083424879,-0.6569220660079056,-1.539174726681169,0.6735338282216478,0.2905133163698109,-0.723262513161783,-0.44557902702088986,0.40204724199052416,0.5127076684744689,0.18104968048818207,0.5596406313378746,0.9940178924830986,-1.0140993866100703,1
-1.42768180257683,1.016267636601896,-1.012488478830186,-1.02762575501898,-0.07130747788025202,0.9578859753157553,1.044777800126928,-1.3933037788854497,1.066689531328851,1.0840459408623657,-0.4810484657789726,0.8269482331684872,-0.4895156627516751,0.6729491578092764,-0.5475771855040708,0.2831028012669145,0.18104968048818207,0.5596406313378746,-1.0060181084889308,0.9860966422066364,2
-0.8794865433006394,-0.993932084149107,-0.6428626682314948,-1.02762575501898,0.15908825032734747,0.9578859753157553,-0.8294114105368309,1.3811654758957816,-1.1090169112109893,-0.22756439290940172,-0.15116781035022395,0.19134047460871112,-0.23956853558047053,0.9136217515773503,-1.259795506125017,-1.3241312691859664,-1.6495840959342845,0.5596406313378746,-1.0060181084889308,-1.0140993866100703,2
0.5275479555082498,1.016267636601896,0.2195975564987845,0.9829463743659811,0.38948397853494693,-1.0439655927422493,0.7140385276568528,-1.3933037788854497,-0.5438983547071348,-1.539174726681169,-0.15116781035022395,0.2972751010353405,-0.3737994001724137,1.0464066308976667,-0.5475771855040708,-1.094526401978412,0.5471764357726754,0.5596406313378746,-1.0060181084889308,0.9860966422066364,3
1.3407042567679326,1.016267636601896,-1.2589056858959802,0.9829463743659811,0.15908825032734747,0.9578859753157553,0.9345313759702363,0.34073950535281977,0.8971539643776945,1.5212493854529547,-0.6459887934933469,0.7390450325166033,0.8828792114383647,-0.4723204263284536,1.1142655626114704,0.7423125356820234,1.0963665686994153,0.5596406313378746,0.9940178924830986,-1.0140993866100703,2
-0.9868414482422267,1.016267636601896,-1.2589056858959802,0.9829463743659811,-0.9928903907106499,-1.0439655927422493,0.27305283103008604,-1.0464951220377958,-0.37436278775597837,-0.22756439290940172,-1.635630759779593,-0.9018147129852299,-0.977838290836158,0.17961644644560049,-1.7346077198723144,-0.4057118003557487,-1.2834573406497911,-1.7868609675630667,-1.0060181084889308,-1.0140993866100703,1
1.7290092320885675,1.016267636601896,1.574892195360652,0.9829463743659811,-0.9928903907106499,0.9578859753157553,-1.3806435313202894,-1.3933037788854497,-0.06354758167885831,0.2096390516811874,-0.9758694489220956,0.6579036165302489,-0.3899996769335103,-0.7987499213242317,1.1142655626114704,1.8903368717197957,0.9133031910571687,0.5596406313378746,-1.0060181084889308,-1.0140993866100703,1
-0.3564169000746075,1.016267636601896,0.5892233670974757,-1.02762575501898,-0.3017032060878515,-1.0439655927422493,0.49354567934346943,0.6875481622004737,0.5015709748249962,0.2096390516811874,-0.8109291212077213,0.6579036165302489,-0.2025393315551069,-0.5359465143361053,1.351671669485119,-0.6353166675633032,-0.18507707479631122,-1.7868609675630667,-1.0060181084889308,0.9860966422066364,1
-0.46605595192984567,-0.993932084149107,-1.2589056858959802,0.9829463743659811,2.2326498041957428,0.9578859753157553,0.9345313759702363,-0.6996864651901419,1.066689531328851,-1.10197128209058,0.838474155936022,-0.16027232799882454,-0.1863390547940103,1.7213964341092758,-0.07276497175677328,-0.4057118003557487,1.4624933239839086,0.5596406313378746,-1.0060181084889308,-1.0140993866100703,3
0.6440394481044402,1.016267636601896,0.09638895296588762,-1.02762575501898,0.15908825032734747,0.9578859753157553,1.6511331329887322,-0.6996864651901419,0.07773205744710533,-1.539174726681169,-0.15116781035022395,0.0741362070728659,0.875936235683609,1.3193533272783173,-1.7346077198723144,-0.8649215347708576,1.4624933239839086,0.5596406313378746,-1.0060181084889308,-1.0140993866100703,3
0.1712210369787259,1.016267636601896,1.574892195360652,0.9829463743659811,2.0022540759881435,0.9578859753157553,-1.490889955476981,1.7279741327434355,-1.5045999007636874,-0.22756439290940172,1.333295139079145,-1.2692050131456678,-1.711479395588675,1.1865684479580008,1.1142655626114704,2.3495466061349046,1.279429946341662,0.5596406313378746,-1.0060181084889308,-1.0140993866100703,3
-1.6081294087552427,-0.993932084149107,0.46601476356457855,-1.02762575501898,0.15908825032734747,-1.0439655927422493,-0.44354892598840995,-1.0464951220377958,1.4057606652311636,1.5212493854529547,1.4982354667935194,-0.5569636950432237,1.2115133971634668,-1.4755839589708453,-0.7849832923777195,-0.6353166675633032,-1.2834573406497911,-1.7868609675630667,-1.0060181084889308,-1.0140993866100703,0
-1.2929171346714332,1.016267636601896,0.46601476356457855,-1.02762575501898,2.0022540759881435,0.9578859753157553,0.16280640687339437,-0.3528778083424879,0.049476129621912605,0.6468424962717766,0.6735338282216478,1.016278203803314,0.7370767205884954,1.3064436862332867,1.351671669485119,2.579151473342459,-1.2834573406497911,0.5596406313378746,-1.0060181084889308,0.9860966422066364,3
-0.045772919818099535,-0.993932084149107,0.09638895296588762,0.9829463743659811,0.15908825032734747,-1.0439655927422493,-1.546013167555327,-0.6996864651901419,0.8123861809021163,0.6468424962717766,-0.4810484657789726,1.7442970194586602,1.0333103527914045,-0.11638318037260512,-0.7849832923777195,-0.8649215347708576,-1.2834573406497911,-1.7868609675630667,-1.0060181084889308,-1.0140993866100703,2
0.8381919357647578,1.016267636601896,-1.2589056858959802,0.9829463743659811,-0.9928903907106499,0.9578859753157553,0.05255998271670267,1.3811654758957816,1.688319943483091,0.2096390516811874,-1.635630759779593,-1.1001603965074296,-1.1143834806796864,1.210543495613058,-0.310171078630422,-1.094526401978412,-1.6495840959342845,0.5596406313378746,-1.0060181084889308,-1.0140993866100703,3
0.8313394950238054,1.016267636601896,-1.2589056858959802,0.9829463743659811,-0.7624946625030504,0.9578859753157553,-0.8294114105368309,-0.006069151494834045,-0.7416898494834838,-1.10197128209058,-0.31610813806459825,-0.4848379919442421,-0.10302334573694212,-0.44926749589089865,1.1142655626114704,-0.6353166675633032,-0.002013697154064573,0.5596406313378746,-1.0060181084889308,0.9860966422066364,1
1.6422116493698373,-0.993932084149107,-1.2589056858959802,-1.02762575501898,0.38948397853494693,0.9578859753157553,1.0999010122052737,-0.3528778083424879,0.36029133569903266,-1.539174726681169,0.6735338282216478,1.980959482752194,1.3804591405291884,0.8665937734847381,-1.259795506125017,0.053497934059360104,-1.4665207182920377,0.5596406313378746,-1.0060181084889308,-1.0140993866100703,3
-1.2426659025711158,-0.993932084149107,-1.2589056858959802,-1.02762575501898,3.1542327170261406,0.9578859753157553,-1.1050274709285601,0.34073950535281977,1.57529623218232,-1.10197128209058,1.4982354667935194,2.262700510482591,1.3364869607490693,0.6738712750267787,0.8768594557378216,1.6607320045122411,-0.7342672077230512,0.5596406313378746,0.9940178924830986,0.9860966422066364,2
0.4613076950123768,-0.993932084149107,-1.135697082363083,0.9829463743659811,-0.9928903907106499,0.9578859753157553,1.1550242242836197,-0.006069151494834045,-0.9677372720850257,-1.539174726681169,0.34365317279289903,-0.8815293589886413,-0.6885476343880046,-0.674264096961435,-0.7849832923777195,-0.4057118003557487,-1.2834573406497911,0.5596406313378746,0.9940178924830986,0.9860966422066364,1
0.5275479555082498,-0.993932084149107,0.8356405741632701,0.9829463743659811,-0.07130747788025202,0.9578859753157553,0.05255998271670267,-0.3528778083424879,-0.06354758167885831,1.0840459408623657,0.013772517364150388,2.580504389762479,1.7044646757511204,-0.45295596476090744,1.351671669485119,-0.4057118003557487,-1.2834573406497911,0.5596406313378746,-1.0060181084889308,-1.0140993866100703,2
1.4868896592415832,-0.993932084149107,-0.5196540646985977,-1.02762575501898,-0.07130747788025202,0.9578859753157553,0.8794081638918904,-0.006069151494834045,-0.37436278775597837,-0.22756439290940172,-0.8109291212077213,1.7871216556736806,1.343429936503825,0.24693100332326096,-0.5475771855040708,-0.4057118003557487,0.7302398134149221,0.5596406313378746,-1.0060181084889308,0.9860966422066364,3
-0.19881076303270273,1.016267636601896,0.7124319706303729,0.9829463743659811,-0.9928903907106499,0.9578859753157553,-0.3333025018317183,-0.6996864651901419,-1.6458795398896513,-1.10197128209058,-1.635630759779593,1.485095273946695,0.9754522215017737,1.0694595613352218,0.6394533488641729,-0.8649215347708576,-0.5512038300808045,0.5596406313378746,-1.0060181084889308,0.9860966422066364,3
0.8678858456422182,1.016267636601896,-0.7660712717643918,-1.02762575501898,-0.3017032060878515,-1.0439655927422493,-0.6640417743017933,1.3811654758957816,-0.6569220660079056,0.6468424962717766,-0.15116781035022395,0.3784165170216949,-0.16551012752974326,-1.5309109920209771,-1.259795506125017,-0.1761069331481943,0.9133031910571687,0.5596406313378746,-1.0060181084889308,0.9860966422066364,0
-0.5414328000803219,1.016267636601896,0.3428061600316817,-1.02762575501898,-0.7624946625030504,-1.0439655927422493,0.7140385276568528,0.6875481622004737,1.1232013869792363,1.0840459408623657,-0.4810484657789726,0.6826968269705238,-0.5658883960539876,-0.8208807345442845,1.5890777763587678,1.6607320045122411,1.279429946341662,0.5596406313378746,0.9940178924830986,-1.0140993866100703,0
-1.1353109976295284,1.016267636601896,-1.2589056858959802,-1.02762575501898,-0.9928903907106499,0.9578859753157553,0.2179296189517402,0.6875481622004737,-0.03529165385366558,-0.6647678374999909,-1.4706904320652185,1.1627835382231206,0.08443699964146129,-1.689515153431355,-1.0223893992513682,-1.3241312691859664,-0.9173305853652978,0.5596406313378746,0.9940178924830986,0.9860966422066364,0
0.15294786166951957,1.016267636601896,0.7124319706303729,0.9829463743659811,-0.532098934295451,0.9578859753157553,0.05255998271670267,-0.3528778083424879,0.95366582002808,-0.6647678374999909,-0.15116781035022395,0.5001286410012264,0.015007242093904465,0.3658841243810445,-1.4972016129986656,-0.1761069331481943,0.9133031910571687,0.5596406313378746,-1.0060181084889308,-1.0140993866100703,2
0.42247719748031326,1.016267636601896,1.698100798893549,0.9829463743659811,-0.9928903907106499,-1.0439655927422493,-0.6640417743017933,0.34073950535281977,1.1232013869792363,0.2096390516811874,-1.635630759779593,-1.0460661191831933,-0.12153794774962394,0.49221418317884563,0.6394533488641729,-1.3241312691859664,1.4624933239839086,0.5596406313378746,-1.0060181084889308,-1.0140993866100703,2
-0.6784816148993695,-0.993932084149107,-0.15002825409990672,0.9829463743659811,0.8502754349501459,-1.0439655927422493,-0.2781792897533724,-0.006069151494834045,-1.3915761894629166,-0.22756439290940172,-0.15116781035022395,0.2454347519329474,0.6491323610282567,-1.4174905742682067,-1.4972016129986656,-0.6353166675633032,0.3641130581304287,-1.7868609675630667,0.9940178924830986,0.9860966422066364,0
1.5873921234422184,1.016267636601896,1.4516835918277553,-1.02762575501898,0.8502754349501459,0.9578859753157553,-1.6562595917120186,-1.3933037788854497,-0.6286661381827129,-0.22756439290940172,1.0034144836503964,-0.9085764976507594,-0.2881693658637603,0.06066332538781693,1.351671669485119,-1.094526401978412,-0.36814045243855786,0.5596406313378746,-1.0060181084889308,0.9860966422066364,2
0.11640151105110685,1.016267636601896,-0.15002825409990672,0.9829463743659811,3.3846284452337403,0.9578859753157553,0.16280640687339437,-0.6996864651901419,-0.8547135607842548,-0.22756439290940172,1.6631757945078938,-0.5411861974903215,-1.1791845877240728,-1.1482323467575648,0.8768594557378216,-0.8649215347708576,-0.5512038300808045,0.5596406313378746,-1.0060181084889308,-1.0140993866100703,0
-0.705891377863179,-0.993932084149107,0.7124319706303729,0.9829463743659811,-0.9928903907106499,-1.0439655927422493,1.2101474363619655,1.3811654758957816,-1.7023913955400367,-1.539174726681169,0.5085935005072734,2.082386252735137,1.1837414941444442,-0.35152307083566564,-1.259795506125017,-1.094526401978412,-0.36814045243855786,-1.7868609675630667,0.9940178924830986,-1.0140993866100703,2
1.0506175987342816,1.016267636601896,-1.2589056858959802,-1.02762575501898,2.6934412606109417,-1.0439655927422493,-0.6089185622234475,-1.3933037788854497,0.44505911917461083,-0.22756439290940172,1.6631757945078938,-1.2173646640432747,-0.35297047290814665,-0.869752947071901,0.8768594557378216,-1.3241312691859664,1.279429946341662,0.5596406313378746,0.9940178924830986,-1.0140993866100703,1
1.3932396357819008,1.016267636601896,-1.2589056858959802,-1.02762575501898,-0.7624946625030504,-1.0439655927422493,-0.16793286559668072,-0.006069151494834045,1.1514573148044291,1.0840459408623657,0.34365317279289903,0.7503146736258192,1.6998360252479499,1.1118769533403228,0.40204724199052416,-0.4057118003557487,0.7302398134149221,0.5596406313378746,-1.0060181084889308,0.9860966422066364,3
1.5599823604784087,-0.993932084149107,-1.2589056858959802,-1.02762575501898,2.4630455324033425,0.9578859753157553,0.5486688914218153,0.34073950535281977,0.36029133569903266,1.5212493854529547,1.0034144836503964,0.18007083349949524,1.4591461990830863,1.3276523822358373,-0.07276497175677328,-1.094526401978412,1.0963665686994153,0.5596406313378746,-1.0060181084889308,-1.0140993866100703,3
-1.5784354988777825,-0.993932084149107,-0.6428626682314948,0.9829463743659811,-0.9928903907106499,0.9578859753157553,1.3203938605186571,-0.3528778083424879,0.16249984092268352,-0.22756439290940172,0.6735338282216478,0.026803714414159185,0.9384230174764101,-1.4405435047057615,1.1142655626114704,1.8903368717197957,-0.5512038300808045,0.5596406313378746,0.9940178924830986,0.9860966422066364,0
-0.7378694346542901,1.016267636601896,-1.2589056858959802,-1.02762575501898,-0.9928903907106499,0.9578859753157553,0.8242849518135446,-1.0464951220377958,-1.6458795398896513,-0.22756439290940172,-1.4706904320652185,1.1312285431173161,0.3274411510579101,-0.4289809171058503,-0.310171078630422,0.9719174028895778,-0.002013697154064573,0.5596406313378746,0.9940178924830986,-1.0140993866100703,1
1.2424859394809484,1.016267636601896,-1.2589056858959802,-1.02762575501898,0.8502754349501459,-1.0439655927422493,-0.9947810467718684,0.34073950535281977,1.2079691704548146,1.5212493854529547,0.17871284507852472,0.5970475545404831,0.7278194195821545,-0.28420851395800517,-0.07276497175677328,0.2831028012669145,-0.7342672077230512,-1.7868609675630667,-1.0060181084889308,0.9860966422066364,2
-0.3564169000746075,1.016267636601896,-0.15002825409990672,0.9829463743659811,-0.532098934295451,0.9578859753157553,0.9345313759702363,1.0343568190481278,0.44505911917461083,0.2096390516811874,-0.15116781035022395,-0.789118301893071,-1.7323083228529421,-0.7249805439240559,0.8768594557378216,0.5127076684744689,-1.1003939630075446,0.5596406313378746,0.9940178924830986,0.9860966422066364,0
1.0483334518206309,-0.993932084149107,1.574892195360652,-1.02762575501898,1.311066891365345,0.9578859753157553,-1.3806435313202894,1.0343568190481278,-0.26133907645520743,1.5212493854529547,0.34365317279289903,-1.3954249935688858,-1.720736696595016,0.8002013338245798,0.6394533488641729,-0.6353166675633032,1.0963665686994153,0.5596406313378746,0.9940178924830986,-1.0140993866100703,2
1.667337265419996,-0.993932084149107,-0.8892798752972889,0.9829463743659811,0.15908825032734747,0.9578859753157553,-1.3806435313202894,-1.0464951220377958,-1.561111756414073,1.5212493854529547,1.6631757945078938,-0.7057229576848735,-1.1282694321891977,-1.6683064574288047,0.8768594557378216,0.2831028012669145,-0.7342672077230512,0.5596406313378746,0.9940178924830986,-1.0140993866100703,0
-0.8452243395958775,-0.993932084149107,0.46601476356457855,0.0,-0.9928903907106499,-1.0439655927422493,-1.6562595917120186,0.34073950535281977,1.6035521600075127,1.0840459408623657,-1.14080977663647,-0.2842383802001993,-1.6628785653053852,1.0371854587226448,1.5890777763587678,-1.3241312691859664,0.18104968048818207,-1.7868609675630667,-1.0060181084889308,0.9860966422066364,2
0.22375641599269416,1.016267636601896,1.4516835918277553,0.9829463743659811,-0.9928903907106499,-1.0439655927422493,-1.490889955476981,0.6875481622004737,1.688319943483091,-0.22756439290940172,-1.4706904320652185,-1.091144683620057,-0.5149732405191125,1.0307306382001293,-0.5475771855040708,-1.094526401978412,1.6455567016261552,-1.7868609675630667,0.9940178924830986,-1.0140993866100703,2
-1.3751464235628617,1.016267636601896,-0.8892798752972889,0.9829463743659811,-0.532098934295451,-1.0439655927422493,-0.22305607767502658,0.34073950535281977,1.5187843765319347,-0.22756439290940172,-0.6459887934933469,0.9802153522538232,0.0867513248930465,0.5539960367514929,0.6394533488641729,0.9719174028895778,-0.7342672077230512,-1.7868609675630667,-1.0060181084889308,-1.0140993866100703,2
-0.9274536284873061,1.016267636601896,-1.135697082363083,0.9829463743659811,-0.9928903907106499,0.9578859753157553,-0.2781792897533724,-0.6996864651901419,0.13424391309749079,-0.22756439290940172,-1.3057501043508444,0.008772288639413765,0.08906565014463173,-1.418412691485709,1.5890777763587678,0.5127076684744689,1.4624933239839086,0.5596406313378746,-1.0060181084889308,0.9860966422066364,0
0.020467340677773498,-0.993932084149107,1.082057781229064,-1.02762575501898,0.38948397853494693,0.9578859753157553,-1.2703971071635978,-0.3528778083424879,-1.448088045113302,-0.6647678374999909,-0.31610813806459825,-1.2939982235859429,1.0055384497723816,0.30410227080839725,-0.7849832923777195,0.5127076684744689,0.3641130581304287,0.5596406313378746,0.9940178924830986,-1.0140993866100703,2
-0.14855953093238528,1.016267636601896,-0.7660712717643918,-1.02762575501898,0.6198797067425464,-1.0439655927422493,-0.11280965351833487,1.7279741327434355,0.19075576874787625,-0.22756439290940172,1.6631757945078938,0.22289546971451563,-0.017393311428288715,-1.2173911380702296,1.1142655626114704,1.8903368717197957,0.9133031910571687,-1.7868609675630667,0.9940178924830986,0.9860966422066364,0
1.3521249913361866,1.016267636601896,0.9588491776961667,-1.02762575501898,-0.3017032060878515,0.9578859753157553,0.658915315578507,-1.0464951220377958,0.219011696573069,1.0840459408623657,0.6735338282216478,-0.46906049439133984,-0.3205699193859535,0.30963497411341045,-0.5475771855040708,-0.1761069331481943,1.279429946341662,0.5596406313378746,-1.0060181084889308,-1.0140993866100703,2
-0.5414328000803219,-0.993932084149107,1.328474988294858,0.9829463743659811,0.6198797067425464,-1.0439655927422493,-0.2781792897533724,-1.3933037788854497,0.16249984092268352,-1.539174726681169,0.013772517364150388,-1.1948253818248429,-0.32519856988912393,-0.7646315842766505,1.351671669485119,2.1199417389273503,1.0963665686994153,0.5596406313378746,-1.0060181084889308,0.9860966422066364,0
-0.5231596247711156,1.016267636601896,0.5892233670974757,0.9829463743659811,-0.532098934295451,0.9578859753157553,-1.3255203192419436,1.3811654758957816,-0.03529165385366558,0.2096390516811874,-1.14080977663647,-0.22112838998859033,-0.6816046586332489,0.4617843150012731,0.6394533488641729,1.2015222700971322,0.18104968048818207,0.5596406313378746,0.9940178924830986,-1.0140993866100703,2
-0.27875590501048053,1.016267636601896,-1.2589056858959802,0.9829463743659811,-0.532098934295451,-1.0439655927422493,-0.6089185622234475,-1.3933037788854497,1.038433603503658,-1.10197128209058,1.4982354667935194,-0.33833265752443553,-0.5010872890096012,-0.11546106315510292,0.6394533488641729,0.7423125356820234,-1.6495840959342845,0.5596406313378746,-1.0060181084889308,0.9860966422066364,1
-0.5688425630441314,1.016267636601896,1.4516835918277553,0.9829463743659811,-0.3017032060878515,-1.0439655927422493,-0.9396578346935226,1.3811654758957816,0.36029133569903266,-1.10197128209058,-0.4810484657789726,1.8502316458852897,1.0772825325715236,0.5290988718789336,-0.310171078630422,0.5127076684744689,-0.9173305853652978,0.5596406313378746,-1.0060181084889308,-1.0140993866100703,2
0.7422577653914244,-0.993932084149107,-0.15002825409990672,-1.02762575501898,0.15908825032734747,0.9578859753157553,-0.3333025018317183,-1.3933037788854497,-0.3178509321055929,0.6468424962717766,1.0034144836503964,-1.1903175253811566,-0.315941268882783,1.4917892469512284,0.16464113511687545,-0.6353166675633032,0.3641130581304287,0.5596406313378746,0.9940178924830986,-1.0140993866100703,3
-0.39753154452032186,-0.993932084149107,1.574892195360652,0.9829463743659811,-0.9928903907106499,0.9578859753157553,-0.6089185622234475,-1.3933037788854497,0.5015709748249962,0.2096390516811874,-1.14080977663647,0.2589583212640065,1.0888541588294498,-0.8586875404618746,0.8768594557378216,1.6607320045122411,1.6455567016261552,0.5596406313378746,-1.0060181084889308,0.9860966422066364,1
1.6970311752974563,-0.993932084149107,-0.5196540646985977,-1.02762575501898,1.7718583477805439,-1.0439655927422493,-0.44354892598840995,-1.3933037788854497,-0.3178509321055929,1.0840459408623657,1.0034144836503964,0.26797403415137916,1.438317271818819,1.2787801697082206,0.8768594557378216,1.8903368717197957,0.7302398134149221,0.5596406313378746,0.9940178924830986,0.9860966422066364,3
0.8404760826784086,-0.993932084149107,-0.5196540646985977,0.9829463743659811,0.38948397853494693,0.9578859753157553,-0.6640417743017933,1.7279741327434355,1.462272520881549,-1.10197128209058,-0.31610813806459825,0.29502117281349727,-0.570517046557158,-1.1426996434525516,-0.310171078630422,-1.094526401978412,0.5471764357726754,0.5596406313378746,0.9940178924830986,-1.0140993866100703,0
-0.39524739760667105,-0.993932084149107,1.8213094024264462,0.9829463743659811,0.38948397853494693,0.9578859753157553,-1.490889955476981,-0.006069151494834045,0.7558743252517308,0.2096390516811874,-0.4810484657789726,-1.33456893157912,0.5843312539838703,-0.9960830058697021,-1.0223893992513682,0.2831028012669145,-0.002013697154064573,0.5596406313378746,-1.0060181084889308,-1.0140993866100703,0
-1.2746439593622267,-0.993932084149107,-1.2589056858959802,0.9829463743659811,1.7718583477805439,0.9578859753157553,-0.8294114105368309,1.3811654758957816,1.5187843765319347,0.2096390516811874,1.4982354667935194,-0.6178197570329895,1.0425676537977453,0.39078128925360384,-1.4972016129986656,-1.094526401978412,-1.1003939630075446,0.5596406313378746,-1.0060181084889308,0.9860966422066364,2
-0.173685146982544,1.016267636601896,0.7124319706303729,0.9829463743659811,-0.9928903907106499,0.9578859753157553,-0.7191649863801393,1.3811654758957816,-0.2330831486300147,-1.10197128209058,-1.4706904320652185,0.18683261816502478,-1.0032958686035955,0.7522512385144655,0.16464113511687545,-1.3241312691859664,0.7302398134149221,0.5596406313378746,-1.0060181084889308,0.9860966422066364,2
-5.193548790090959e-16,-0.993932084149107,-0.8892798752972889,0.9829463743659811,-0.07130747788025202,0.9578859753157553,-1.160150683006906,1.0343568190481278,1.6600640156578983,0.2096390516811874,-0.4810484657789726,2.582758317984322,1.4915467526052795,1.6983435036717207,1.1142655626114704,2.1199417389273503,-1.6495840959342845,0.5596406313378746,0.9940178924830986,0.9860966422066364,3
-1.1101853815793696,1.016267636601896,-1.2589056858959802,-1.02762575501898,1.5414626195729444,0.9578859753157553,0.8794081638918904,-1.3933037788854497,-0.5438983547071348,1.5212493854529547,1.6631757945078938,-0.08814662489984286,0.14923810668584764,1.2538830048356613,-0.310171078630422,0.9719174028895778,0.9133031910571687,0.5596406313378746,-1.0060181084889308,-1.0140993866100703,3
1.2333493518263452,1.016267636601896,1.328474988294858,0.9829463743659811,-0.532098934295451,-1.0439655927422493,-1.490889955476981,1.0343568190481278,-1.4198321172881094,-1.539174726681169,-1.14080977663647,1.307034944421084,1.0772825325715236,-0.8098153279342581,-0.07276497175677328,-0.8649215347708576,1.6455567016261552,-1.7868609675630667,0.9940178924830986,-1.0140993866100703,1
-0.5756950037850838,1.016267636601896,0.46601476356457855,-1.02762575501898,-0.07130747788025202,0.9578859753157553,1.0999010122052737,-0.006069151494834045,-1.6176236120644585,-0.6647678374999909,-0.31610813806459825,-0.509631202384517,-1.193070539233584,0.5835037877115633,1.1142655626114704,1.4311271373046865,0.7302398134149221,0.5596406313378746,0.9940178924830986,-1.0140993866100703,2
-1.6629489346828619,-0.993932084149107,-0.7660712717643918,0.9829463743659811,2.4630455324033425,0.9578859753157553,-0.44354892598840995,0.34073950535281977,-0.12005943732924378,-0.6647678374999909,1.333295139079145,-0.6268354699203622,0.02889319360341583,0.23402136227823017,1.351671669485119,-0.6353166675633032,-1.2834573406497911,0.5596406313378746,-1.0060181084889308,-1.0140993866100703,1
-0.4454986297069885,-0.993932084149107,0.3428061600316817,-1.02762575501898,-0.07130747788025202,0.9578859753157553,-1.1050274709285601,0.6875481622004737,-1.024249127735411,0.6468424962717766,-0.8109291212077213,1.3183045855302997,0.0265788683518306,-0.30449509274305353,1.351671669485119,0.2831028012669145,1.4624933239839086,0.5596406313378746,0.9940178924830986,0.9860966422066364,1
1.4069445172638055,-0.993932084149107,-1.2589056858959802,-1.02762575501898,0.15908825032734747,-1.0439655927422493,-0.002563229361643179,0.34073950535281977,1.3209928817555854,1.5212493854529547,1.333295139079145,-0.85222829210468,-0.20948230730986256,1.6679136354941482,-1.259795506125017,-1.3241312691859664,-0.7342672077230512,0.5596406313378746,-1.0060181084889308,0.9860966422066364,3
-0.6693450272447663,1.016267636601896,-0.15002825409990672,-1.02762575501898,1.0806711631577455,-1.0439655927422493,-0.3333025018317183,-1.3933037788854497,1.2927369539303928,0.6468424962717766,0.013772517364150388,-0.838704722773621,-0.8343501252378739,-0.44926749589089865,-1.259795506125017,-0.6353166675633032,-0.9173305853652978,0.5596406313378746,-1.0060181084889308,0.9860966422066364,0
-1.329463485289846,1.016267636601896,0.46601476356457855,0.9829463743659811,-0.532098934295451,-1.0439655927422493,-0.6089185622234475,-1.3933037788854497,-0.8547135607842548,1.5212493854529547,-0.31610813806459825,0.1349922690626317,1.5123756798695465,-1.236755599637776,-1.4972016129986656,-1.094526401978412,-0.002013697154064573,0.5596406313378746,0.9940178924830986,-1.0140993866100703,0
0.991229778979361,1.016267636601896,0.09638895296588762,-1.02762575501898,-0.532098934295451,-1.0439655927422493,0.5486688914218153,-0.006069151494834045,1.1797132426296217,0.2096390516811874,-0.6459887934933469,-0.9716864878623684,-1.3249870785739422,0.894257290009804,-0.07276497175677328,-0.4057118003557487,1.6455567016261552,-1.7868609675630667,-1.0060181084889308,-1.0140993866100703,2
-1.160436613679687,1.016267636601896,-1.2589056858959802,0.9829463743659811,-0.9928903907106499,0.9578859753157553,-0.22305607767502658,-0.006069151494834045,-0.28959500428040014,1.5212493854529547,-1.635630759779593,-0.4983615612753011,-0.5080302647643569,-0.32293743709309747,-0.07276497175677328,0.5127076684744689,-0.18507707479631122,0.5596406313378746,-1.0060181084889308,-1.0140993866100703,1
-0.7150279655177822,1.016267636601896,-0.8892798752972889,-1.02762575501898,0.38948397853494693,0.9578859753157553,1.4857634967536948,1.0343568190481278,0.5863387583005745,1.0840459408623657,0.6735338282216478,-1.2646971567019814,-1.0611539998932262,-1.7227113732614343,1.351671669485119,0.2831028012669145,-1.6495840959342845,0.5596406313378746,-1.0060181084889308,0.9860966422066364,0
0.05016125055523382,-0.993932084149107,-1.2589056858959802,-1.02762575501898,-0.3017032060878515,0.9578859753157553,1.0999010122052737,-0.6996864651901419,-1.5328558285888803,-1.10197128209058,-0.15116781035022395,-0.09040055312168604,0.4107568601149783,-0.7000833790514965,-0.7849832923777195,-0.6353166675633032,0.9133031910571687,0.5596406313378746,-1.0060181084889308,0.9860966422066364,1
-1.4185452149222268,-0.993932084149107,-0.5196540646985977,-1.02762575501898,1.5414626195729444,0.9578859753157553,0.7140385276568528,-1.0464951220377958,1.3492488095807782,-0.6647678374999909,1.6631757945078938,1.1943385333289251,0.774105924613859,0.19805879079564445,1.5890777763587678,-0.8649215347708576,-0.18507707479631122,0.5596406313378746,0.9940178924830986,-1.0140993866100703,2
-0.6921864963812743,1.016267636601896,0.9588491776961667,-1.02762575501898,0.15908825032734747,0.9578859753157553,1.375517072597003,-1.0464951220377958,-0.3178509321055929,-1.10197128209058,-0.6459887934933469,0.026803714414159185,-0.7255768384133682,-0.069355202279993,-0.07276497175677328,0.5127076684744689,-1.1003939630075446,0.5596406313378746,0.9940178924830986,-1.0140993866100703,1
0.5618101592130117,1.016267636601896,-0.7660712717643918,0.9829463743659811,-0.9928903907106499,0.9578859753157553,-0.22305607767502658,1.0343568190481278,0.5015709748249962,0.2096390516811874,-1.4706904320652185,-0.6178197570329895,-0.528859192028624,1.029808520982627,0.40204724199052416,1.2015222700971322,-0.002013697154064573,0.5596406313378746,0.9940178924830986,-1.0140993866100703,3
0.22832470981999575,1.016267636601896,-1.2589056858959802,0.9829463743659811,1.311066891365345,0.9578859753157553,-0.6089185622234475,-0.006069151494834045,-1.7023913955400367,-0.22756439290940172,0.17871284507852472,0.4234950814585584,0.438528763134001,-1.1592977533675912,-1.0223893992513682,-0.6353166675633032,-1.4665207182920377,0.5596406313378746,0.9940178924830986,-1.0140993866100703,0
-1.6698013754238141,1.016267636601896,-0.2732368576328036,-1.02762575501898,-0.7624946625030504,-1.0439655927422493,0.9896545880485821,0.6875481622004737,-1.6458795398896513,0.2096390516811874,-0.15116781035022395,-1.2241264487088042,-0.13079524875596485,0.04683156712528396,0.40204724199052416,-0.4057118003557487,0.5471764357726754,-1.7868609675630667,-1.0060181084889308,0.9860966422066364,1
1.5965287110968214,1.016267636601896,-1.2589056858959802,0.9829463743659811,0.15908825032734747,-1.0439655927422493,0.658915315578507,-0.006069151494834045,-0.5438983547071348,-1.10197128209058,-0.15116781035022395,1.473825632837479,1.5818054374171033,1.26587052866319,1.351671669485119,0.9719174028895778,1.279429946341662,-1.7868609675630667,0.9940178924830986,-1.0140993866100703,3
-0.5574218284758774,-0.993932084149107,-0.2732368576328036,0.9829463743659811,-0.7624946625030504,-1.0439655927422493,-1.2152738950852517,-1.3933037788854497,-1.024249127735411,-0.22756439290940172,-1.14080977663647,-0.8725136461012686,1.4753464758441828,-1.3972039954831583,-0.310171078630422,-0.6353166675633032,-1.1003939630075446,0.5596406313378746,-1.0060181084889308,0.9860966422066364,0
-0.34956445933365515,1.016267636601896,0.2195975564987845,0.9829463743659811,-0.9928903907106499,0.9578859753157553,0.6037921035001611,-1.0464951220377958,-0.826457632959062,0.6468424962717766,-1.4706904320652185,-1.3278071469135904,-0.23493988507730007,1.0703816785527238,-0.310171078630422,-0.1761069331481943,1.0963665686994153,0.5596406313378746,0.9940178924830986,-1.0140993866100703,2
-5.193548790090959e-16,-0.993932084149107,0.9588491776961667,0.9829463743659811,-0.7624946625030504,0.9578859753157553,0.16280640687339437,-1.3933037788854497,0.47331504699980353,-1.539174726681169,-1.14080977663647,-0.45553692506028076,-1.2578716462779704,1.438306448336101,0.6394533488641729,0.5127076684744689,-0.9173305853652978,0.5596406313378746,-1.0060181084889308,-1.0140993866100703,3
1.4275018394866628,-0.993932084149107,0.46601476356457855,0.9829463743659811,-0.532098934295451,-1.0439655927422493,1.375517072597003,-1.3933037788854497,1.1514573148044291,0.6468424962717766,-0.6459887934933469,1.4287470684006156,1.253171251692001,1.3479389610208856,1.5890777763587678,0.7423125356820234,-0.5512038300808045,-1.7868609675630667,-1.0060181084889308,0.9860966422066364,3
1.6102335925787261,1.016267636601896,-1.2589056858959802,-1.02762575501898,-0.7624946625030504,0.9578859753157553,-0.3333025018317183,-0.006069151494834045,-1.3633202616377238,-0.22756439290940172,-0.15116781035022395,-0.7485475938998938,-1.2486143452716296,0.1823827980981071,1.5890777763587678,0.5127076684744689,-0.7342672077230512,0.5596406313378746,-1.0060181084889308,0.9860966422066364,2
-1.5030586507273063,-0.993932084149107,-1.135697082363083,-1.02762575501898,0.15908825032734747,0.9578859753157553,1.3203938605186571,-1.0464951220377958,1.1232013869792363,-1.10197128209058,0.013772517364150388,-0.2752226673128266,-1.5888201572546579,-1.632343885946219,-0.5475771855040708,-0.4057118003557487,0.3641130581304287,0.5596406313378746,0.9940178924830986,0.9860966422066364,0
-0.5003181556346076,1.016267636601896,-1.012488478830186,0.9829463743659811,-0.3017032060878515,0.9578859753157553,-0.2781792897533724,0.6875481622004737,-0.3461068599307856,-0.22756439290940172,-0.9758694489220956,0.6173329085370717,0.5334160984489954,0.9956901839350458,1.351671669485119,-1.094526401978412,-0.36814045243855786,0.5596406313378746,-1.0060181084889308,0.9860966422066364,3
1.5919604172695199,-0.993932084149107,-0.2732368576328036,-1.02762575501898,-0.532098934295451,-1.0439655927422493,0.658915315578507,-1.3933037788854497,-0.03529165385366558,-0.6647678374999909,-1.14080977663647,-0.16928804088619726,-0.5334878425317944,-0.6678092764389196,1.1142655626114704,0.2831028012669145,-1.4665207182920377,-1.7868609675630667,-1.0060181084889308,0.9860966422066364,1
0.20548324068348783,1.016267636601896,0.2195975564987845,-1.02762575501898,0.15908825032734747,0.9578859753157553,-0.4986721380667558,0.34073950535281977,1.6318080878327055,1.5212493854529547,-0.6459887934933469,-0.5975344030364009,-1.3180441028191863,0.1694731570530763,-0.310171078630422,0.9719174028895778,-0.36814045243855786,0.5596406313378746,0.9940178924830986,-1.0140993866100703,1
-0.9845573013285759,1.016267636601896,-1.2589056858959802,0.9829463743659811,-0.3017032060878515,-1.0439655927422493,0.7691617397351987,-0.006069151494834045,-0.9959931999102184,1.5212493854529547,0.838474155936022,-1.1858096689374702,-1.672135866311726,-0.9610425516046186,0.6394533488641729,-0.1761069331481943,-0.18507707479631122,0.5596406313378746,-1.0060181084889308,0.9860966422066364,0
-0.5597059753895283,-0.993932084149107,-0.3964454611657008,0.9829463743659811,-0.07130747788025202,-1.0439655927422493,0.4384224672651236,1.3811654758957816,0.6711065417761527,-1.10197128209058,1.1683548113647708,-0.7868643736712279,-0.9546950383203057,0.9034784621848261,1.1142655626114704,0.2831028012669145,-0.002013697154064573,-1.7868609675630667,-1.0060181084889308,-1.0140993866100703,2
1.3064420530631706,1.016267636601896,0.5892233670974757,-1.02762575501898,-0.3017032060878515,0.9578859753157553,-0.5537953501451016,-1.0464951220377958,-1.6458795398896513,-1.10197128209058,-0.31610813806459825,-0.6471208239169508,-1.4754182199269819,0.6664943372867611,-0.7849832923777195,-0.8649215347708576,-1.2834573406497911,0.5596406313378746,-1.0060181084889308,0.9860966422066364,2
-1.0827756186155602,1.016267636601896,1.205266384761961,-1.02762575501898,-0.3017032060878515,-1.0439655927422493,0.658915315578507,-0.6996864651901419,-1.4763439729384948,1.5212493854529547,0.17871284507852472,1.6203309672572856,1.3874021162839443,0.12152306174296201,-1.4972016129986656,-1.094526401978412,1.4624933239839086,-1.7868609675630667,0.9940178924830986,0.9860966422066364,2
-0.561990122303179,1.016267636601896,0.9588491776961667,0.9829463743659811,-0.9928903907106499,-1.0439655927422493,-0.8845346226151768,-0.3528778083424879,-0.9677372720850257,1.0840459408623657,0.5085935005072734,-0.4983615612753011,0.896765162947876,-0.9324569178620504,0.40204724199052416,-1.094526401978412,-0.9173305853652978,-1.7868609675630667,-1.0060181084889308,0.9860966422066364,0
-0.23535711365111545,1.016267636601896,0.09638895296588762,-1.02762575501898,2.4630455324033425,-1.0439655927422493,-0.002563229361643179,-0.006069151494834045,0.2755235522234544,0.6468424962717766,1.4982354667935194,0.7119978938544851,-0.5126589152675274,1.001222887240059,-0.5475771855040708,-0.6353166675633032,-0.5512038300808045,0.5596406313378746,0.9940178924830986,0.9860966422066364,3
-1.1878463766434966,1.016267636601896,-1.2589056858959802,0.9829463743659811,-0.9928903907106499,0.9578859753157553,-0.4986721380667558,-0.3528778083424879,-0.7699457773086765,0.6468424962717766,-0.15116781035022395,-0.4825840637223989,1.100425785087376,1.7204743168917735,0.40204724199052416,0.7423125356820234,0.18104968048818207,0.5596406313378746,0.9940178924830986,0.9860966422066364,3
-1.1558683198523856,1.016267636601896,-1.135697082363083,0.9829463743659811,-0.9928903907106499,-1.0439655927422493,1.706256345067078,-0.6996864651901419,-0.9959931999102184,1.0840459408623657,0.013772517364150388,0.6872046834142101,1.1281976881063986,-1.051410038919834,1.1142655626114704,-0.4057118003557487,-0.36814045243855786,0.5596406313378746,-1.0060181084889308,0.9860966422066364,0
1.6148018864060278,-0.993932084149107,1.4516835918277553,0.9829463743659811,0.8502754349501459,-1.0439655927422493,-1.3255203192419436,-0.6996864651901419,-0.48738649905674925,1.5212493854529547,1.4982354667935194,0.00426443219572741,1.3827734657807738,0.9154659860123546,-1.4972016129986656,-1.3241312691859664,-1.6495840959342845,0.5596406313378746,-1.0060181084889308,-1.0140993866100703,3
-0.020647303767940797,1.016267636601896,0.09638895296588762,-1.02762575501898,-0.9928903907106499,0.9578859753157553,0.8794081638918904,0.6875481622004737,-0.826457632959062,1.0840459408623657,-1.3057501043508444,2.963672187475819,1.6466065444614897,-0.4630992541534316,1.351671669485119,2.579151473342459,0.9133031910571687,0.5596406313378746,0.9940178924830986,0.9860966422066364,2
0.7719516752688848,-0.993932084149107,-0.6428626682314948,0.9829463743659811,-0.9928903907106499,0.9578859753157553,1.761379557145424,-1.3933037788854497,-0.9959931999102184,-0.6647678374999909,-0.4810484657789726,-1.1925714536029999,0.41769983586973397,0.7771484033870248,-1.259795506125017,-0.6353166675633032,-0.7342672077230512,0.5596406313378746,0.9940178924830986,0.9860966422066364,3
0.6280504197088848,1.016267636601896,-0.15002825409990672,-1.02762575501898,-0.3017032060878515,0.9578859753157553,-1.1050274709285601,0.34073950535281977,-0.06354758167885831,-0.6647678374999909,-0.9758694489220956,-0.764325091452796,-1.651306939047459,-1.0025378263922176,0.6394533488641729,-0.6353166675633032,0.7302398134149221,0.5596406313378746,-1.0060181084889308,0.9860966422066364,0
-1.5076269445546078,1.016267636601896,1.205266384761961,-1.02762575501898,-0.3017032060878515,-1.0439655927422493,-1.3806435313202894,1.7279741327434355,-1.448088045113302,1.5212493854529547,0.013772517364150388,0.36714687591247896,0.6144174822544783,0.7227434875543952,-0.07276497175677328,-0.4057118003557487,-0.002013697154064573,-1.7868609675630667,-1.0060181084889308,0.9860966422066364,2
-1.5190476791228618,1.016267636601896,1.8213094024264462,-1.02762575501898,-0.7624946625030504,0.9578859753157553,-0.11280965351833487,1.3811654758957816,-0.40261871558117107,-1.10197128209058,-1.14080977663647,-1.2421578744835498,0.19089596121438174,-0.8826625881169318,-1.7346077198723144,-0.6353166675633032,1.4624933239839086,0.5596406313378746,-1.0060181084889308,-1.0140993866100703,0
-0.38154251612476625,1.016267636601896,0.8356405741632701,0.9829463743659811,0.38948397853494693,-1.0439655927422493,-0.7191649863801393,-0.3528778083424879,-0.7416898494834838,1.5212493854529547,1.0034144836503964,-0.5975344030364009,-0.8667506787600671,0.544774864576471,0.6394533488641729,0.7423125356820234,0.9133031910571687,-1.7868609675630667,0.9940178924830986,-1.0140993866100703,2
-0.9046121593507981,-0.993932084149107,-0.2732368576328036,0.9829463743659811,-0.7624946625030504,-1.0439655927422493,-0.8845346226151768,1.3811654758957816,-0.6004102103575202,1.0840459408623657,-0.9758694489220956,-0.11744769178380417,-1.2023278402399251,-0.3598221257931854,1.1142655626114704,0.5127076684744689,0.5471764357726754,-1.7868609675630667,-1.0060181084889308,0.9860966422066364,1
0.5777991876085673,1.016267636601896,-0.026819650567009547,-1.02762575501898,0.15908825032734747,-1.0439655927422493,-1.160150683006906,1.3811654758957816,-1.561111756414073,-0.6647678374999909,-0.4810484657789726,2.3415879982471024,1.1443979648674953,0.1242894133954686,0.40204724199052416,1.4311271373046865,1.4624933239839086,-1.7868609675630667,0.9940178924830986,0.9860966422066364,3
1.2973054654085674,1.016267636601896,1.698100798893549,0.0,-0.9928903907106499,-1.0439655927422493,-0.8845346226151768,-1.0464951220377958,-0.4308746434063638,-0.6647678374999909,-1.635630759779593,1.2980192315337111,0.37835630659278513,0.7347310113819238,-1.0223893992513682,-0.1761069331481943,1.0963665686994153,-1.7868609675630667,0.9940178924830986,-1.0140993866100703,3
-0.7538584630498457,1.016267636601896,-1.012488478830186,0.9829463743659811,0.6198797067425464,-1.0439655927422493,0.8242849518135446,-1.3933037788854497,0.16249984092268352,-0.6647678374999909,-0.15116781035022395,-0.5299165563811056,0.9060224639542169,-0.8116595623692625,0.40204724199052416,0.9719174028895778,0.9133031910571687,-1.7868609675630667,0.9940178924830986,-1.0140993866100703,0
1.4549116024504722,-0.993932084149107,-0.2732368576328036,0.9829463743659811,1.0806711631577455,0.9578859753157553,1.761379557145424,1.7279741327434355,-1.1937846946865676,-0.6647678374999909,1.4982354667935194,-0.10167019423090193,-0.09376604473060121,0.9292977442748875,1.1142655626114704,-1.3241312691859664,-1.6495840959342845,0.5596406313378746,0.9940178924830986,0.9860966422066364,3
0.4498869604441228,1.016267636601896,1.082057781229064,0.9829463743659811,-0.3017032060878515,0.9578859753157553,-0.4986721380667558,-0.6996864651901419,-0.9677372720850257,0.2096390516811874,-0.9758694489220956,-1.0280346934084479,0.3690990055864442,0.33545425620347197,-1.0223893992513682,-0.4057118003557487,-0.5512038300808045,0.5596406313378746,-1.0060181084889308,-1.0140993866100703,2
0.027319781418725878,-0.993932084149107,-1.2589056858959802,0.9829463743659811,1.311066891365345,0.9578859753157553,-0.16793286559668072,0.6875481622004737,-0.20482722080482196,0.6468424962717766,1.0034144836503964,-0.7598172350091097,-1.528647700713442,-0.9887060681296845,-0.310171078630422,0.7423125356820234,-0.002013697154064573,0.5596406313378746,-1.0060181084889308,-1.0140993866100703,0
-1.3774305704765124,-0.993932084149107,-1.2589056858959802,-1.02762575501898,0.8502754349501459,0.9578859753157553,-0.22305607767502658,1.3811654758957816,0.3320354078738399,-1.10197128209058,0.838474155936022,-1.1204457505040182,-1.1791845877240728,0.740263714686937,0.6394533488641729,0.053497934059360104,-1.4665207182920377,0.5596406313378746,-1.0060181084889308,-1.0140993866100703,2
0.26258691352475766,1.016267636601896,-1.012488478830186,0.9829463743659811,-0.3017032060878515,0.9578859753157553,-0.3333025018317183,-0.006069151494834045,-0.12005943732924378,-0.22756439290940172,-0.6459887934933469,-0.7846104454493846,-0.7718633434450728,-0.031548396362402885,-1.7346077198723144,-1.094526401978412,0.3641130581304287,0.5596406313378746,0.9940178924830986,-1.0140993866100703,1
-0.705891377863179,1.016267636601896,-1.2589056858959802,0.9829463743659811,-0.3017032060878515,0.9578859753157553,0.10768319479504852,-0.006069151494834045,1.4057606652311636,-0.22756439290940172,1.0034144836503964,0.9125975055985279,1.0981114598357908,0.006258409555187241,-1.259795506125017,-0.8649215347708576,-0.9173305853652978,0.5596406313378746,-1.0060181084889308,0.9860966422066364,2
1.3498408444225356,1.016267636601896,-0.6428626682314948,-1.02762575501898,0.6198797067425464,0.9578859753157553,0.8242849518135446,-0.6996864651901419,-0.6569220660079056,-1.539174726681169,0.17871284507852472,1.2304013848784159,1.4591461990830863,1.141384704300393,0.16464113511687545,0.9719174028895778,-0.002013697154064573,0.5596406313378746,-1.0060181084889308,-1.0140993866100703,3
0.42247719748031326,-0.993932084149107,-1.2589056858959802,0.9829463743659811,2.6934412606109417,0.9578859753157553,-0.4986721380667558,0.34073950535281977,-1.7023913955400367,-0.22756439290940172,1.333295139079145,1.6992184550217968,0.9523089689859214,-0.9877839509121823,0.40204724199052416,1.2015222700971322,0.9133031910571687,0.5596406313378746,0.9940178924830986,0.9860966422066364,1
-1.4984903569000045,1.016267636601896,-0.7660712717643918,0.9829463743659811,-0.7624946625030504,-1.0439655927422493,1.044777800126928,1.3811654758957816,-1.4763439729384948,1.5212493854529547,-1.3057501043508444,2.28298586447918,1.2554855769435862,-0.29988450665554256,0.8768594557378216,0.7423125356820234,-0.7342672077230512,-1.7868609675630667,0.9940178924830986,-1.0140993866100703,1
-1.350020807512703,1.016267636601896,-1.2589056858959802,0.9829463743659811,1.0806711631577455,0.9578859753157553,1.2101474363619655,-0.3528778083424879,-0.8829694886094475,0.2096390516811874,1.6631757945078938,1.144752112448375,1.3087150577300464,0.92192080653487,-1.7346077198723144,-1.3241312691859664,0.3641130581304287,0.5596406313378746,-1.0060181084889308,-1.0140993866100703,3
-0.08231927043651224,1.016267636601896,-1.2589056858959802,0.9829463743659811,-0.9928903907106499,0.9578859753157553,-1.160150683006906,1.3811654758957816,-0.8829694886094475,-1.10197128209058,0.34365317279289903,-1.3751396395722972,-1.7161080460918454,-0.4169933932783217,1.1142655626114704,1.6607320045122411,1.4624933239839086,0.5596406313378746,0.9940178924830986,-1.0140993866100703,0
1.2287810579990437,-0.993932084149107,0.8356405741632701,0.9829463743659811,-0.9928903907106499,-1.0439655927422493,-0.9396578346935226,-1.0464951220377958,-1.1372728390361821,-0.22756439290940172,-0.4810484657789726,-0.20760482065753127,-0.8736936545148227,-0.5276474593785855,-0.5475771855040708,0.5127076684744689,-0.18507707479631122,0.5596406313378746,0.9940178924830986,-1.0140993866100703,1
0.136958833273964,1.016267636601896,1.574892195360652,0.9829463743659811,-0.9928903907106499,-1.0439655927422493,1.761379557145424,-0.006069151494834045,-1.6176236120644585,0.6468424962717766,-0.6459887934933469,-1.3503464291320222,-0.795006595960925,-0.171710213422737,1.5890777763587678,0.5127076684744689,-1.1003939630075446,0.5596406313378746,-1.0060181084889308,0.9860966422066364,1
0.5823674814358688,-0.993932084149107,0.46601476356457855,-1.02762575501898,-0.532098934295451,0.9578859753157553,0.8242849518135446,-0.3528778083424879,-0.3178509321055929,-1.10197128209058,-0.15116781035022395,-0.9874639854152706,-0.17245310328449895,0.9938459495000415,0.16464113511687545,-1.094526401978412,0.5471764357726754,0.5596406313378746,-1.0060181084889308,-1.0140993866100703,3
-1.6264025840644492,-0.993932084149107,-2.7357805694826946e-16,0.9829463743659811,-0.07130747788025202,-1.0439655927422493,1.1550242242836197,1.3811654758957816,-0.3461068599307856,-1.539174726681169,0.17871284507852472,-1.3030139364733155,1.5563478596496658,-0.758176763754135,0.16464113511687545,0.2831028012669145,0.3641130581304287,-1.7868609675630667,-1.0060181084889308,-1.0140993866100703,0
-1.0188195050333377,1.016267636601896,1.574892195360652,0.9829463743659811,-0.7624946625030504,0.9578859753157553,1.761379557145424,-0.3528778083424879,1.0949454591540435,-0.22756439290940172,-1.3057501043508444,0.38968615813091073,-0.5682027213055728,0.15840775044304994,-0.07276497175677328,-1.3241312691859664,-1.1003939630075446,0.5596406313378746,0.9940178924830986,-1.0140993866100703,1
-0.8360877519412743,1.016267636601896,-1.2589056858959802,0.9829463743659811,0.38948397853494693,-1.0439655927422493,-1.3255203192419436,0.34073950535281977,0.3320354078738399,1.0840459408623657,-0.15116781035022395,1.3791606475200655,0.3690990055864442,-1.428555980878233,0.6394533488641729,0.5127076684744689,-0.7342672077230512,0.5596406313378746,-1.0060181084889308,0.9860966422066364,0
-1.1809939359025443,-0.993932084149107,-0.5196540646985977,-1.02762575501898,1.7718583477805439,-1.0439655927422493,-1.1050274709285601,1.7279741327434355,-1.3350643338125312,0.6468424962717766,1.6631757945078938,-1.1429850327224498,0.27652599552303514,0.21650113514568842,0.16464113511687545,0.053497934059360104,-1.4665207182920377,-1.7868609675630667,-1.0060181084889308,-1.0140993866100703,1
0.025035634505075084,1.016267636601896,-0.026819650567009547,-1.02762575501898,2.2326498041957428,0.9578859753157553,-0.6640417743017933,-0.3528778083424879,0.7558743252517308,0.2096390516811874,1.333295139079145,-1.4292339168965333,-0.5358021677833796,1.0971230778602876,-1.4972016129986656,-0.1761069331481943,-0.9173305853652978,0.5596406313378746,0.9940178924830986,0.9860966422066364,2
0.27172350117936084,-0.993932084149107,0.2195975564987845,-1.02762575501898,-0.9928903907106499,-1.0439655927422493,1.5408867088320406,0.34073950535281977,0.19075576874787625,-0.6647678374999909,-1.4706904320652185,0.5497150618817763,0.8875078619415351,-1.5530418052410297,0.40204724199052416,0.9719174028895778,0.3641130581304287,0.5596406313378746,-1.0060181084889308,-1.0140993866100703,0
-0.46605595192984567,1.016267636601896,0.46601476356457855,0.9829463743659811,0.8502754349501459,-1.0439655927422493,-1.160150683006906,1.7279741327434355,0.9254098922028873,0.6468424962717766,0.013772517364150388,0.41898722501487207,1.058767930558842,-0.11269471150259631,1.1142655626114704,0.5127076684744689,-1.1003939630075446,0.5596406313378746,0.9940178924830986,-1.0140993866100703,1
0.11411736413745606,-0.993932084149107,-0.8892798752972889,0.9829463743659811,-0.3017032060878515,0.9578859753157553,-0.8845346226151768,1.3811654758957816,0.5863387583005745,0.6468424962717766,1.1683548113647708,0.15302369483737713,1.3943450920387,0.9615718468874646,0.40204724199052416,0.5127076684744689,1.6455567016261552,0.5596406313378746,0.9940178924830986,-1.0140993866100703,3
0.47044428266697996,-0.993932084149107,0.8356405741632701,0.9829463743659811,-0.532098934295451,-1.0439655927422493,0.27305283103008604,-0.3528778083424879,-1.6458795398896513,-1.10197128209058,-0.6459887934933469,-0.2662069544254539,0.3274411510579101,1.2501945359656526,1.1142655626114704,2.3495466061349046,1.0963665686994153,0.5596406313378746,0.9940178924830986,0.9860966422066364,3
1.057470039475234,1.016267636601896,0.9588491776961667,0.9829463743659811,1.7718583477805439,0.9578859753157553,0.8242849518135446,0.34073950535281977,-0.939481344259833,-1.10197128209058,1.4982354667935194,1.4400167095098313,0.9060224639542169,-1.410113636528189,-0.5475771855040708,-1.3241312691859664,1.4624933239839086,0.5596406313378746,-1.0060181084889308,0.9860966422066364,1
-1.6104135556688934,-0.993932084149107,-1.2589056858959802,0.9829463743659811,-0.07130747788025202,-1.0439655927422493,-1.6562595917120186,-1.0464951220377958,-1.561111756414073,0.2096390516811874,1.0034144836503964,0.5993014827623262,-0.07293711746633416,0.3151676774184236,-1.7346077198723144,-0.6353166675633032,1.279429946341662,-1.7868609675630667,0.9940178924830986,0.9860966422066364,2
-1.3957037457857189,1.016267636601896,0.3428061600316817,-1.02762575501898,0.15908825032734747,-1.0439655927422493,1.5408867088320406,-1.0464951220377958,-1.5045999007636874,0.6468424962717766,-0.6459887934933469,0.9058357209329984,0.6537610115314272,-0.7259026611415581,-0.07276497175677328,0.2831028012669145,0.5471764357726754,-1.7868609675630667,0.9940178924830986,-1.0140993866100703,1
-1.2015512581254013,-0.993932084149107,-0.15002825409990672,0.9829463743659811,-0.07130747788025202,-1.0439655927422493,1.1550242242836197,1.0343568190481278,-1.1937846946865676,-1.539174726681169,1.1683548113647708,-1.1767939560500975,0.5218444721910692,-0.6106380089537833,1.5890777763587678,2.8087563405500133,0.3641130581304287,0.5596406313378746,-1.0060181084889308,0.9860966422066364,0
-0.07318268278190906,-0.993932084149107,-1.2589056858959802,-1.02762575501898,-0.9928903907106499,-1.0439655927422493,1.430640284675349,-0.6996864651901419,-0.7982017051338693,1.5212493854529547,-1.635630759779593,-0.5389322692684784,-1.3203584280707716,-1.4949484205383914,-1.259795506125017,-0.6353166675633032,-1.1003939630075446,0.5596406313378746,0.9940178924830986,-1.0140993866100703,0
-1.2700756655349252,1.016267636601896,0.7124319706303729,-1.02762575501898,0.6198797067425464,-1.0439655927422493,-0.11280965351833487,-1.3933037788854497,1.6035521600075127,1.0840459408623657,-0.31610813806459825,0.635364334311817,-0.26965476385107845,-0.05367920958245564,-0.7849832923777195,-1.3241312691859664,0.7302398134149221,-1.7868609675630667,-1.0060181084889308,-1.0140993866100703,1
-1.4733647408498458,1.016267636601896,1.328474988294858,-1.02762575501898,-0.7624946625030504,-1.0439655927422493,-0.2781792897533724,-1.3933037788854497,1.57529623218232,0.2096390516811874,-1.3057501043508444,-0.5366783410466351,-1.6744501915633114,-1.3059143909504407,1.1142655626114704,-0.1761069331481943,1.0963665686994153,-1.7868609675630667,0.9940178924830986,0.9860966422066364,0
-1.6035611149279412,1.016267636601896,0.5892233670974757,-1.02762575501898,-0.7624946625030504,0.9578859753157553,1.2652706484403113,-0.6996864651901419,-1.052505055560604,1.0840459408623657,-1.3057501043508444,0.8923121516019393,0.4130711853665635,-0.08779754663003697,-0.5475771855040708,-0.1761069331481943,0.18104968048818207,0.5596406313378746,0.9940178924830986,0.9860966422066364,1
0.7445419123050753,0.0,-1.2589056858959802,-1.02762575501898,-0.9928903907106499,-1.0439655927422493,0.3281760431084319,-1.3933037788854497,-0.5438983547071348,0.2096390516811874,-1.4706904320652185,0.3062908139227132,0.26032571876193855,-1.67476127795132,1.5890777763587678,2.579151473342459,-0.7342672077230512,0.5596406313378746,0.9940178924830986,0.9860966422066364,0
-0.42722545439778215,-0.993932084149107,-0.7660712717643918,-1.02762575501898,-0.7624946625030504,-1.0439655927422493,-1.4357667433986352,1.0343568190481278,1.5470403043571272,-0.22756439290940172,1.0034144836503964,1.2304013848784159,1.3596302132649214,-1.4497646768807837,-1.4972016129986656,-1.094526401978412,-0.002013697154064573,-1.7868609675630667,-1.0060181084889308,0.9860966422066364,0
-1.2015512581254013,-0.993932084149107,0.09638895296588762,-1.02762575501898,-0.07130747788025202,0.9578859753157553,1.706256345067078,0.6875481622004737,-1.448088045113302,-1.10197128209058,-0.31610813806459825,-1.2218725204869612,1.1767985183896885,-0.03892533410242047,0.6394533488641729,0.9719174028895778,0.18104968048818207,0.5596406313378746,-1.0060181084889308,-1.0140993866100703,1
1.203655441948885,1.016267636601896,-1.2589056858959802,0.9829463743659811,-0.7624946625030504,-1.0439655927422493,-0.8845346226151768,0.34073950535281977,0.021220201796719875,0.2096390516811874,-0.4810484657789726,-1.1722860996064113,-0.05673684070523758,1.0971230778602876,-0.7849832923777195,0.2831028012669145,1.0963665686994153,-1.7868609675630667,-1.0060181084889308,0.9860966422066364,3
-1.4962062099863538,1.016267636601896,0.2195975564987845,0.9829463743659811,-0.7624946625030504,0.9578859753157553,-0.7191649863801393,-0.3528778083424879,1.6600640156578983,-0.22756439290940172,-0.9758694489220956,0.6173329085370717,0.21172488847864876,1.7260070201967868,-0.07276497175677328,0.7423125356820234,1.0963665686994153,0.5596406313378746,0.9940178924830986,0.9860966422066364,3
0.6897223863774562,1.016267636601896,-0.026819650567009547,0.9829463743659811,0.38948397853494693,0.9578859753157553,-1.490889955476981,-0.006069151494834045,-0.8829694886094475,-0.22756439290940172,0.013772517364150388,-0.24592160042886527,0.9361086922248248,-0.30357297552555135,-1.259795506125017,-0.6353166675633032,-1.2834573406497911,0.5596406313378746,0.9940178924830986,0.9860966422066364,1
-0.9183170408327029,-0.993932084149107,1.082057781229064,0.9829463743659811,-0.7624946625030504,-1.0439655927422493,1.044777800126928,-1.0464951220377958,-1.024249127735411,0.2096390516811874,0.838474155936022,-0.016020921800861187,1.3411156112522395,-1.4110357537456912,0.8768594557378216,0.053497934059360104,1.6455567016261552,0.5596406313378746,-1.0060181084889308,0.9860966422066364,0
-0.694470643294925,1.016267636601896,-1.2589056858959802,0.9829463743659811,-0.3017032060878515,0.9578859753157553,1.430640284675349,-1.3933037788854497,0.4168031913494181,0.2096390516811874,0.34365317279289903,-0.013766993579018009,-0.38074237592716936,0.321622497940939,-0.5475771855040708,-0.4057118003557487,-0.36814045243855786,0.5596406313378746,-1.0060181084889308,0.9860966422066364,2
-1.3111903099806395,1.016267636601896,-1.012488478830186,-1.02762575501898,-0.9928903907106499,0.9578859753157553,-0.05768644143998903,-1.3933037788854497,1.2644810261052,0.2096390516811874,-1.3057501043508444,-0.33607872930259236,1.2786288294594386,-1.3225125008654803,-1.7346077198723144,-0.8649215347708576,0.7302398134149221,0.5596406313378746,-1.0060181084889308,-1.0140993866100703,0
-1.2769281062758775,1.016267636601896,1.082057781229064,-1.02762575501898,2.0022540759881435,0.9578859753157553,0.10768319479504852,-0.3528778083424879,0.47331504699980353,-1.10197128209058,1.1683548113647708,0.09216763284761133,0.3852992823475408,1.586767320353955,0.6394533488641729,-1.094526401978412,-1.2834573406497911,0.5596406313378746,0.9940178924830986,0.9860966422066364,3
-0.8269511642866711,-0.993932084149107,-0.026819650567009547,0.9829463743659811,-0.9928903907106499,0.9578859753157553,-0.8294114105368309,-1.3933037788854497,1.5470403043571272,1.0840459408623657,-1.635630759779593,0.9441525007043323,1.6975216999963647,-0.11085047706759192,-0.310171078630422,0.5127076684744689,-0.36814045243855786,0.5596406313378746,0.9940178924830986,0.9860966422066364,1
0.580083334522218,-0.993932084149107,-0.026819650567009547,0.9829463743659811,2.0022540759881435,-1.0439655927422493,1.1550242242836197,-0.006069151494834045,-1.0807609833857965,0.2096390516811874,1.0034144836503964,-0.9130843540944458,0.3760419813411999,-0.03800321688491827,1.5890777763587678,2.1199417389273503,1.6455567016261552,-1.7868609675630667,0.9940178924830986,0.9860966422066364,2
1.1945188542942817,-0.993932084149107,-1.135697082363083,-1.02762575501898,-0.3017032060878515,0.9578859753157553,-0.3333025018317183,-1.3933037788854497,-1.6176236120644585,0.6468424962717766,0.6735338282216478,-0.27071481086914023,-1.2671289472843115,0.49498053483135224,-0.7849832923777195,0.2831028012669145,-1.2834573406497911,0.5596406313378746,0.9940178924830986,-1.0140993866100703,2
-0.906896306264449,1.016267636601896,0.3428061600316817,0.9829463743659811,-0.07130747788025202,-1.0439655927422493,1.375517072597003,1.7279741327434355,-0.45913057123155654,-0.6647678374999909,0.013772517364150388,-0.6696601061353826,-1.2069564907430954,-0.20398431603531395,-1.0223893992513682,-0.4057118003557487,0.5471764357726754,-1.7868609675630667,0.9940178924830986,-1.0140993866100703,1
-0.717312112431433,1.016267636601896,0.7124319706303729,-1.02762575501898,1.0806711631577455,-1.0439655927422493,1.3203938605186571,-1.0464951220377958,1.57529623218232,-1.539174726681169,0.6735338282216478,1.3904302886292814,0.621360458009234,0.3151676774184236,-1.0223893992513682,-1.3241312691859664,-1.1003939630075446,0.5596406313378746,-1.0060181084889308,-1.0140993866100703,2
1.0346285703387261,-0.993932084149107,0.7124319706303729,-1.02762575501898,-0.07130747788025202,0.9578859753157553,-1.6562595917120186,1.3811654758957816,-0.9677372720850257,-1.539174726681169,1.1683548113647708,2.8261825659433857,1.5100613546179613,1.5259075839988099,-0.7849832923777195,-0.6353166675633032,-0.7342672077230512,0.5596406313378746,0.9940178924830986,0.9860966422066364,3
0.769667528355234,1.016267636601896,0.8356405741632701,-1.02762575501898,0.8502754349501459,-1.0439655927422493,-1.490889955476981,0.6875481622004737,-0.03529165385366558,-0.6647678374999909,1.1683548113647708,-0.8725136461012686,-1.070411300899567,1.6411722361865846,-1.7346077198723144,-1.094526401978412,-0.7342672077230512,0.5596406313378746,0.9940178924830986,0.9860966422066364,3
-0.39753154452032186,-0.993932084149107,0.2195975564987845,0.9829463743659811,-0.07130747788025202,0.9578859753157553,0.8794081638918904,-0.6996864651901419,0.6145946861257672,0.6468424962717766,-0.31610813806459825,1.2236396002128864,1.6118916656877111,-1.7144123183039144,-1.0223893992513682,-1.3241312691859664,0.18104968048818207,0.5596406313378746,-1.0060181084889308,-1.0140993866100703,0
-0.6419352642809568,1.016267636601896,0.09638895296588762,-1.02762575501898,1.0806711631577455,0.9578859753157553,1.5408867088320406,-0.3528778083424879,1.688319943483091,-1.539174726681169,0.34365317279289903,0.19134047460871112,-1.1583556604598058,-0.6521332837413822,-0.5475771855040708,-0.4057118003557487,1.4624933239839086,0.5596406313378746,-1.0060181084889308,0.9860966422066364,0
-1.4071244803539729,1.016267636601896,-0.8892798752972889,-1.02762575501898,0.38948397853494693,0.9578859753157553,-0.3333025018317183,-0.6996864651901419,1.6035521600075127,1.0840459408623657,0.34365317279289903,-0.3631258679647105,-0.031279262937800076,-0.3275480231806085,-0.5475771855040708,-1.094526401978412,0.9133031910571687,0.5596406313378746,-1.0060181084889308,-1.0140993866100703,1
-0.7812682260136552,-0.993932084149107,-0.15002825409990672,0.9829463743659811,-0.7624946625030504,-1.0439655927422493,-0.8294114105368309,-0.3528778083424879,0.8688980365525018,-1.539174726681169,-1.3057501043508444,-0.22112838998859033,1.3897164415355294,0.7596281762544831,-0.07276497175677328,-0.6353166675633032,-1.1003939630075446,-1.7868609675630667,-1.0060181084889308,0.9860966422066364,2
-0.2947449334060361,-0.993932084149107,-0.026819650567009547,-1.02762575501898,-0.07130747788025202,0.9578859753157553,0.49354567934346943,-1.3933037788854497,0.3320354078738399,-0.6647678374999909,1.0034144836503964,0.34911545013773354,0.4709293166561942,0.4129121024736566,0.8768594557378216,-0.1761069331481943,0.9133031910571687,0.5596406313378746,-1.0060181084889308,0.9860966422066364,2
-1.4231135087495284,1.016267636601896,0.8356405741632701,-1.02762575501898,-0.3017032060878515,0.9578859753157553,-0.6089185622234475,1.0343568190481278,0.2755235522234544,1.0840459408623657,-0.9758694489220956,-0.6719140343572259,-1.7091650703370898,1.0537835686376844,1.1142655626114704,0.7423125356820234,1.4624933239839086,0.5596406313378746,-1.0060181084889308,-1.0140993866100703,2
1.0072188073749166,1.016267636601896,-0.3964454611657008,0.9829463743659811,0.38948397853494693,0.9578859753157553,0.27305283103008604,0.6875481622004737,0.7841302530769236,-0.22756439290940172,-0.4810484657789726,0.07639013529470909,-0.04747953969889667,-0.6134043606062899,0.6394533488641729,-0.6353166675633032,-1.6495840959342845,0.5596406313378746,0.9940178924830986,-1.0140993866100703,1
1.0871639493526943,-0.993932084149107,-0.2732368576328036,-1.02762575501898,-0.9928903907106499,0.9578859753157553,-1.1050274709285601,-0.6996864651901419,-1.3068084059873384,1.5212493854529547,-0.6459887934933469,1.3047810161992408,0.9823951972565295,-0.45295596476090744,0.6394533488641729,0.9719174028895778,-1.1003939630075446,0.5596406313378746,0.9940178924830986,0.9860966422066364,2
-0.584831591439687,-0.993932084149107,-1.135697082363083,0.9829463743659811,-0.9928903907106499,0.9578859753157553,0.7140385276568528,-1.3933037788854497,-0.28959500428040014,-0.22756439290940172,0.17871284507852472,0.6826968269705238,-0.10765199624011257,-0.06658885062748642,-1.7346077198723144,-0.6353166675633032,-0.9173305853652978,0.5596406313378746,-1.0060181084889308,0.9860966422066364,1
-1.1855622297298458,1.016267636601896,-0.7660712717643918,0.9829463743659811,1.7718583477805439,0.9578859753157553,-0.9947810467718684,1.0343568190481278,0.6993624696013454,-0.22756439290940172,0.6735338282216478,-0.6290893981422054,-0.040536563944140985,-0.9573540827346098,0.40204724199052416,0.2831028012669145,-1.4665207182920377,0.5596406313378746,0.9940178924830986,-1.0140993866100703,0
0.9615358691019007,-0.993932084149107,-1.135697082363083,-1.02762575501898,-0.532098934295451,0.9578859753157553,-0.44354892598840995,1.0343568190481278,0.8123861809021163,-1.10197128209058,-1.14080977663647,-0.9514011338657798,1.2161420476666374,0.25615217549828295,-0.07276497175677328,0.9719174028895778,0.5471764357726754,0.5596406313378746,0.9940178924830986,0.9860966422066364,2
0.7422577653914244,-0.993932084149107,-0.026819650567009547,0.9829463743659811,-0.7624946625030504,-1.0439655927422493,0.5486688914218153,0.6875481622004737,-0.9112254164346402,-1.10197128209058,-1.3057501043508444,2.195082663827296,1.6442922192099043,1.154294345345424,-1.259795506125017,-1.3241312691859664,-0.7342672077230512,-1.7868609675630667,0.9940178924830986,-1.0140993866100703,3
-1.4779330346771475,-0.993932084149107,-0.8892798752972889,0.9829463743659811,-0.7624946625030504,-1.0439655927422493,1.0999010122052737,1.3811654758957816,-1.052505055560604,1.0840459408623657,0.013772517364150388,-0.7057229576848735,-0.651518430362641,-0.5691427341661844,-1.7346077198723144,-1.3241312691859664,-1.2834573406497911,-1.7868609675630667,-1.0060181084889308,0.9860966422066364,0
-0.6168096482307981,-0.993932084149107,0.3428061600316817,0.9829463743659811,-0.532098934295451,0.9578859753157553,0.658915315578507,0.34073950535281977,0.5015709748249962,-0.6647678374999909,-0.4810484657789726,-1.0776211142889978,-0.7926922707093398,-1.367696244523088,-0.7849832923777195,-1.094526401978412,-0.5512038300808045,0.5596406313378746,-1.0060181084889308,0.9860966422066364,0
0.2671552073520593,1.016267636601896,-1.2589056858959802,0.9829463743659811,-0.9928903907106499,-1.0439655927422493,0.16280640687339437,1.0343568190481278,-0.26133907645520743,-1.539174726681169,1.4982354667935194,0.30854474214455635,-0.6954906101427603,1.2234531366580887,-1.7346077198723144,-0.8649215347708576,1.0963665686994153,0.5596406313378746,0.9940178924830986,0.9860966422066364,3
-1.6789379630784174,1.016267636601896,-0.6428626682314948,-1.02762575501898,0.8502754349501459,-1.0439655927422493,-0.9947810467718684,-0.006069151494834045,1.377504737405971,1.0840459408623657,-0.15116781035022395,0.531683636107031,-0.28354071536058983,-0.4769310124159646,0.6394533488641729,-1.3241312691859664,-0.18507707479631122,0.5596406313378746,0.9940178924830986,0.9860966422066364,0
0.7011431209457102,1.016267636601896,-1.2589056858959802,0.9829463743659811,-0.3017032060878515,0.9578859753157553,-1.4357667433986352,-1.0464951220377958,-1.1090169112109893,-1.539174726681169,-0.9758694489220956,-1.2489196591490792,0.15155243193743287,1.2880013418832426,0.6394533488641729,1.2015222700971322,-0.36814045243855786,0.5596406313378746,-1.0060181084889308,-1.0140993866100703,3
-1.2563707840530205,-0.993932084149107,1.698100798893549,0.9829463743659811,-0.3017032060878515,0.9578859753157553,-1.3806435313202894,1.0343568190481278,0.19075576874787625,-1.10197128209058,-0.6459887934933469,-0.35636408329918096,-1.2254710927557773,-0.8144259140217691,-0.7849832923777195,-1.3241312691859664,0.9133031910571687,0.5596406313378746,-1.0060181084889308,-1.0140993866100703,0
1.0186395419431706,-0.993932084149107,-1.135697082363083,-1.02762575501898,2.2326498041957428,-1.0439655927422493,-0.8845346226151768,0.34073950535281977,-0.09180350950405104,1.0840459408623657,0.838474155936022,-1.183555740715627,0.4107568601149783,-1.1463881123225603,-1.4972016129986656,-0.6353166675633032,1.0963665686994153,-1.7868609675630667,0.9940178924830986,0.9860966422066364,0
1.2630432617038054,1.016267636601896,-0.6428626682314948,-1.02762575501898,-0.3017032060878515,0.9578859753157553,1.6511331329887322,-0.6996864651901419,0.840642108727309,1.0840459408623657,-0.31610813806459825,2.210860161380198,1.5308902818822283,0.40461304751613686,1.351671669485119,1.8903368717197957,0.7302398134149221,0.5596406313378746,-1.0060181084889308,0.9860966422066364,3
1.2493383802219007,-0.993932084149107,-0.3964454611657008,-1.02762575501898,1.5414626195729444,-1.0439655927422493,1.5960099209103864,-1.3933037788854497,-0.48738649905674925,-0.6647678374999909,0.6735338282216478,-1.2872364389204132,-0.8945225817790898,0.8380081397421699,0.40204724199052416,1.2015222700971322,1.0963665686994153,-1.7868609675630667,0.9940178924830986,-1.0140993866100703,3
1.6102335925787261,-0.993932084149107,-1.135697082363083,0.9829463743659811,1.0806711631577455,0.9578859753157553,1.4857634967536948,-1.0464951220377958,-0.2330831486300147,1.0840459408623657,0.013772517364150388,-0.025036634688233896,-0.3992569779398512,-1.2496652406828066,1.5890777763587678,1.6607320045122411,-1.4665207182920377,0.5596406313378746,-1.0060181084889308,0.9860966422066364,0
-0.3701217815565123,1.016267636601896,1.205266384761961,-1.02762575501898,2.0022540759881435,0.9578859753157553,0.9345313759702363,0.34073950535281977,-0.26133907645520743,-0.22756439290940172,0.6735338282216478,-0.7012151012411871,-0.3992569779398512,1.2262194883105955,1.1142655626114704,1.2015222700971322,-1.6495840959342845,0.5596406313378746,-1.0060181084889308,0.9860966422066364,3
-1.350020807512703,1.016267636601896,0.3428061600316817,-1.02762575501898,-0.7624946625030504,0.9578859753157553,1.5408867088320406,-1.3933037788854497,1.5470403043571272,-0.22756439290940172,-0.9758694489220956,0.6443800471991897,1.294829106220535,-1.2035593798076967,-0.5475771855040708,-0.6353166675633032,-1.2834573406497911,0.5596406313378746,-1.0060181084889308,-1.0140993866100703,0
1.057470039475234,1.016267636601896,-1.2589056858959802,0.9829463743659811,0.8502754349501459,-1.0439655927422493,-1.6562595917120186,0.34073950535281977,1.2644810261052,0.6468424962717766,1.4982354667935194,0.621840764980758,0.23023949049133058,-1.5576523913285407,-0.07276497175677328,0.7423125356820234,-1.4665207182920377,-1.7868609675630667,0.9940178924830986,0.9860966422066364,0
0.75824679378698,-0.993932084149107,-2.7357805694826946e-16,-1.02762575501898,-0.7624946625030504,-1.0439655927422493,-0.11280965351833487,1.3811654758957816,0.2755235522234544,1.0840459408623657,-1.14080977663647,0.36038509124694945,-0.6839189838848342,-1.418412691485709,-0.5475771855040708,0.7423125356820234,-1.2834573406497911,-1.7868609675630667,0.9940178924830986,0.9860966422066364,0
-0.8749182494733379,1.016267636601896,-0.5196540646985977,0.9829463743659811,2.2326498041957428,0.9578859753157553,-0.7191649863801393,0.6875481622004737,-0.4308746434063638,0.6468424962717766,1.4982354667935194,0.9283750031514302,1.5725481364107623,-1.359397189565568,1.1142655626114704,-1.3241312691859664,-0.18507707479631122,0.5596406313378746,-1.0060181084889308,0.9860966422066364,0
1.2493383802219007,-0.993932084149107,1.328474988294858,-1.02762575501898,0.38948397853494693,-1.0439655927422493,-0.9947810467718684,1.7279741327434355,-0.7134339216582911,-0.22756439290940172,0.838474155936022,-0.0656073426814111,-0.7857492949545841,0.842618725829681,1.351671669485119,-1.3241312691859664,0.5471764357726754,0.5596406313378746,-1.0060181084889308,-1.0140993866100703,3
-0.7424377284815917,1.016267636601896,-1.012488478830186,-1.02762575501898,-0.7624946625030504,0.9578859753157553,1.5408867088320406,1.3811654758957816,1.6318080878327055,0.2096390516811874,-0.9758694489220956,0.21387975682714291,-0.9523807130687205,1.4862565436462152,0.40204724199052416,0.5127076684744689,-1.1003939630075446,0.5596406313378746,-1.0060181084889308,-1.0140993866100703,3
0.8587492579876149,1.016267636601896,1.574892195360652,-1.02762575501898,-0.3017032060878515,-1.0439655927422493,-1.2703971071635978,1.3811654758957816,-0.6569220660079056,-1.539174726681169,0.5085935005072734,-0.2323980310978062,-1.3273014038255273,0.7596281762544831,-1.0223893992513682,-0.6353166675633032,-1.4665207182920377,0.5596406313378746,0.9940178924830986,-1.0140993866100703,2
-1.3477366605990522,1.016267636601896,-0.15002825409990672,-1.02762575501898,-0.07130747788025202,0.9578859753157553,-0.7191649863801393,1.0343568190481278,1.4057606652311636,1.0840459408623657,0.34365317279289903,-0.6786758190227553,0.693104540808376,-1.2773287572078726,1.351671669485119,-1.094526401978412,-1.6495840959342845,0.5596406313378746,0.9940178924830986,-1.0140993866100703,0
0.9295578123107896,-0.993932084149107,1.205266384761961,-1.02762575501898,-0.3017032060878515,0.9578859753157553,-0.38842571391006414,0.34073950535281977,1.688319943483091,-1.10197128209058,-0.8109291212077213,-0.9784482725278979,0.825021080148734,-1.326200969735489,-1.0223893992513682,0.053497934059360104,-0.002013697154064573,0.5596406313378746,0.9940178924830986,-1.0140993866100703,0
-0.11429732722762335,1.016267636601896,0.46601476356457855,-1.02762575501898,0.15908825032734747,-1.0439655927422493,-1.3806435313202894,-0.006069151494834045,0.6711065417761527,-1.10197128209058,1.6631757945078938,-1.2759667978111973,-1.4731038946753967,-1.1832728010226483,0.16464113511687545,0.9719174028895778,-0.002013697154064573,-1.7868609675630667,0.9940178924830986,-1.0140993866100703,0
-0.4477827766206393,-0.993932084149107,1.4516835918277553,-1.02762575501898,-0.3017032060878515,-1.0439655927422493,-0.16793286559668072,-1.0464951220377958,-1.6176236120644585,1.5212493854529547,1.1683548113647708,0.54520720543809,-0.8297214747347035,-0.8679087126368966,-1.7346077198723144,-0.6353166675633032,-0.5512038300808045,0.5596406313378746,-1.0060181084889308,-1.0140993866100703,0
1.5554140666511072,-0.993932084149107,-1.135697082363083,0.9829463743659811,-0.3017032060878515,0.9578859753157553,-0.7191649863801393,-0.006069151494834045,-0.26133907645520743,-0.6647678374999909,-0.31610813806459825,0.05610478129812049,-0.2303112345741296,1.6771348076691703,0.16464113511687545,-1.3241312691859664,-1.2834573406497911,0.5596406313378746,0.9940178924830986,-1.0140993866100703,3
-0.04348877290444874,1.016267636601896,1.574892195360652,-1.02762575501898,-0.7624946625030504,-1.0439655927422493,1.2101474363619655,0.6875481622004737,-0.8829694886094475,1.0840459408623657,1.6631757945078938,-0.5907726183708714,-0.00582168517036258,-1.0025378263922176,-1.4972016129986656,-0.4057118003557487,0.7302398134149221,0.5596406313378746,-1.0060181084889308,-1.0140993866100703,0
1.1625407975031705,1.016267636601896,-1.2589056858959802,0.9829463743659811,1.5414626195729444,0.9578859753157553,1.1550242242836197,-0.006069151494834045,-0.7416898494834838,-0.22756439290940172,1.6631757945078938,0.164293335946593,-0.3298272203922944,0.4691612527412907,0.8768594557378216,-1.3241312691859664,-0.36814045243855786,0.5596406313378746,-1.0060181084889308,-1.0140993866100703,2
-0.7584267568771473,1.016267636601896,1.328474988294858,0.9829463743659811,0.6198797067425464,-1.0439655927422493,0.658915315578507,-1.0464951220377958,0.5580828304753818,-0.6647678374999909,0.34365317279289903,-1.1294614633913909,-0.8227784989799478,1.6476270567091,0.16464113511687545,0.053497934059360104,-0.5512038300808045,-1.7868609675630667,-1.0060181084889308,-1.0140993866100703,3
-0.10516073957302018,1.016267636601896,0.9588491776961667,-1.02762575501898,0.6198797067425464,-1.0439655927422493,-0.6640417743017933,1.7279741327434355,0.5015709748249962,1.0840459408623657,0.5085935005072734,1.7961373685610533,1.5100613546179613,-0.15326786907269305,-1.259795506125017,-0.1761069331481943,-1.6495840959342845,0.5596406313378746,-1.0060181084889308,-1.0140993866100703,2
1.203655441948885,1.016267636601896,-1.2589056858959802,0.9829463743659811,-0.7624946625030504,0.9578859753157553,-0.5537953501451016,1.0343568190481278,-0.515642426881942,1.5212493854529547,-0.9758694489220956,-0.7981340147804438,0.1538667571890181,1.0814470851627502,-1.259795506125017,-0.1761069331481943,0.9133031910571687,0.5596406313378746,-1.0060181084889308,-1.0140993866100703,3
0.08899174808729732,1.016267636601896,-0.6428626682314948,-1.02762575501898,0.6198797067425464,0.9578859753157553,-0.44354892598840995,1.0343568190481278,0.840642108727309,-0.6647678374999909,1.0034144836503964,1.5932838285951674,1.2115133971634668,0.9375967992324074,-1.4972016129986656,-0.8649215347708576,-0.002013697154064573,0.5596406313378746,0.9940178924830986,0.9860966422066364,3
-0.011510716113337621,-0.993932084149107,0.2195975564987845,0.9829463743659811,0.8502754349501459,-1.0439655927422493,-0.8294114105368309,1.3811654758957816,0.95366582002808,0.6468424962717766,0.838474155936022,-0.9829561289715842,-1.2185281170010216,1.131241414907869,-0.07276497175677328,0.7423125356820234,1.4624933239839086,-1.7868609675630667,-1.0060181084889308,0.9860966422066364,2
1.6490640901107898,1.016267636601896,-0.026819650567009547,-1.02762575501898,1.311066891365345,-1.0439655927422493,1.2652706484403113,-0.006069151494834045,-1.1372728390361821,1.0840459408623657,1.6631757945078938,0.48660507167016737,1.4730321505925976,0.21281266627567963,0.40204724199052416,0.2831028012669145,-0.9173305853652978,0.5596406313378746,0.9940178924830986,0.9860966422066364,3
1.1556883567622183,-0.993932084149107,1.698100798893549,-1.02762575501898,-0.9928903907106499,0.9578859753157553,-1.6011363796336728,1.3811654758957816,-0.9959931999102184,-0.6647678374999909,-1.635630759779593,-0.4938537048316148,0.8736219104320238,-0.7526440604491218,-1.7346077198723144,-1.3241312691859664,-1.6495840959342845,0.5596406313378746,0.9940178924830986,-1.0140993866100703,1
0.46359184192602754,-0.993932084149107,-1.135697082363083,0.9829463743659811,-0.7624946625030504,-1.0439655927422493,-0.2781792897533724,-0.3528778083424879,-0.37436278775597837,0.2096390516811874,-0.31610813806459825,-0.8544822203265232,-1.4106171128825955,-1.0449552183973185,0.40204724199052416,0.5127076684744689,-0.7342672077230512,0.5596406313378746,-1.0060181084889308,-1.0140993866100703,0
-0.3564169000746075,1.016267636601896,1.698100798893549,0.9829463743659811,-0.7624946625030504,0.9578859753157553,0.38329925518677777,1.7279741327434355,0.9254098922028873,1.5212493854529547,-1.3057501043508444,-0.2752226673128266,-1.6420496380411183,1.0362633415051425,-1.0223893992513682,0.053497934059360104,-0.9173305853652978,0.5596406313378746,-1.0060181084889308,0.9860966422066364,2
-0.8475084865095283,1.016267636601896,-0.7660712717643918,-1.02762575501898,0.15908825032734747,-1.0439655927422493,-1.490889955476981,-0.3528778083424879,-0.09180350950405104,-0.22756439290940172,-0.4810484657789726,-1.3638699984630813,0.1376664804279215,-0.558077327556158,0.16464113511687545,-1.3241312691859664,-1.6495840959342845,-1.7868609675630667,-1.0060181084889308,0.9860966422066364,0
-0.8566450741641315,-0.993932084149107,0.09638895296588762,0.9829463743659811,-0.9928903907106499,0.9578859753157553,1.1550242242836197,-0.6996864651901419,-1.4763439729384948,0.6468424962717766,-1.4706904320652185,-0.8634979332138959,0.4269571368760749,-1.5041695927134133,1.351671669485119,0.7423125356820234,-0.18507707479631122,0.5596406313378746,0.9940178924830986,-1.0140993866100703,0
-0.22165223216921068,1.016267636601896,-0.3964454611657008,-1.02762575501898,-0.9928903907106499,-1.0439655927422493,-1.6562595917120186,0.34073950535281977,-0.7416898494834838,0.6468424962717766,-1.635630759779593,-0.04982984512850885,-1.1166978059312715,-0.34783460196565685,-1.259795506125017,-1.3241312691859664,0.5471764357726754,-1.7868609675630667,0.9940178924830986,-1.0140993866100703,1
-1.4413866840587348,1.016267636601896,-1.2589056858959802,0.9829463743659811,-0.9928903907106499,-1.0439655927422493,1.761379557145424,1.3811654758957816,-1.3068084059873384,-0.22756439290940172,-1.635630759779593,-1.4450114144494357,0.23023949049133058,0.3621956555110357,0.8768594557378216,0.5127076684744689,-0.7342672077230512,0.5596406313378746,0.9940178924830986,0.9860966422066364,1
-0.584831591439687,-0.993932084149107,0.3428061600316817,-1.02762575501898,-0.9928903907106499,0.9578859753157553,1.1550242242836197,1.3811654758957816,1.3209928817555854,-1.539174726681169,-0.9758694489220956,0.8021550227282122,-0.17476742853608415,-0.6779525658314438,1.1142655626114704,0.5127076684744689,-0.5512038300808045,0.5596406313378746,0.9940178924830986,0.9860966422066364,1
1.0985846839209483,-0.993932084149107,0.09638895296588762,-1.02762575501898,3.1542327170261406,0.9578859753157553,-1.6562595917120186,1.0343568190481278,1.3492488095807782,0.2096390516811874,1.6631757945078938,-0.7012151012411871,-0.8227784989799478,0.3668062415985467,-0.5475771855040708,-0.1761069331481943,-1.6495840959342845,0.5596406313378746,-1.0060181084889308,0.9860966422066364,2
1.2858847308403134,1.016267636601896,-0.3964454611657008,0.9829463743659811,0.8502754349501459,-1.0439655927422493,-0.2781792897533724,-0.006069151494834045,-0.6851779938330984,0.2096390516811874,1.0034144836503964,-0.432997642841849,-0.6677187071237376,-0.2205824259503535,-0.5475771855040708,0.7423125356820234,-0.7342672077230512,0.5596406313378746,0.9940178924830986,-1.0140993866100703,2
-1.4802171815907983,-0.993932084149107,0.7124319706303729,0.9829463743659811,3.1542327170261406,0.9578859753157553,-0.8845346226151768,-0.006069151494834045,1.57529623218232,1.0840459408623657,1.6631757945078938,0.6917125398578965,1.0981114598357908,-1.3096028598204494,0.40204724199052416,-0.1761069331481943,-1.2834573406497911,0.5596406313378746,0.9940178924830986,0.9860966422066364,0
-0.07775097660921065,1.016267636601896,1.4516835918277553,-1.02762575501898,0.15908825032734747,-1.0439655927422493,-1.2152738950852517,-1.3933037788854497,0.6428506139509599,0.6468424962717766,0.013772517364150388,-0.7305161681251484,1.4313742960640634,-1.0799956726624023,1.351671669485119,1.2015222700971322,1.6455567016261552,-1.7868609675630667,0.9940178924830986,0.9860966422066364,0
0.29684911722951957,1.016267636601896,0.2195975564987845,0.9829463743659811,-0.3017032060878515,-1.0439655927422493,-0.22305607767502658,0.34073950535281977,-0.9112254164346402,-1.539174726681169,1.333295139079145,1.816422722557642,0.5033298701783874,0.9975344183700502,0.8768594557378216,2.1199417389273503,-1.2834573406497911,-1.7868609675630667,-1.0060181084889308,-1.0140993866100703,3
-1.2015512581254013,-0.993932084149107,-0.7660712717643918,0.9829463743659811,-0.9928903907106499,-1.0439655927422493,0.5486688914218153,-1.3933037788854497,-1.3068084059873384,-1.539174726681169,0.6735338282216478,0.9080896491548416,-0.2974266668701012,-1.1030486030999571,-0.07276497175677328,0.9719174028895778,-0.36814045243855786,-1.7868609675630667,-1.0060181084889308,0.9860966422066364,0
-0.35870104698825833,-0.993932084149107,0.9588491776961667,0.9829463743659811,1.5414626195729444,-1.0439655927422493,-1.6562595917120186,1.7279741327434355,-1.1090169112109893,-0.22756439290940172,1.6631757945078938,-0.5569636950432237,-1.2208424422526067,0.048675801560288355,-0.07276497175677328,-0.8649215347708576,1.0963665686994153,-1.7868609675630667,0.9940178924830986,-1.0140993866100703,1
1.0963005370072976,1.016267636601896,0.7124319706303729,0.9829463743659811,-0.9928903907106499,-1.0439655927422493,1.0999010122052737,-1.3933037788854497,1.3209928817555854,-0.6647678374999909,-1.4706904320652185,-0.5141390588282034,-1.6929647935759933,0.4479525567387401,-0.5475771855040708,-1.094526401978412,-0.002013697154064573,0.5596406313378746,0.9940178924830986,0.9860966422066364,2
0.6965748271184086,-0.993932084149107,1.082057781229064,-1.02762575501898,3.1542327170261406,0.9578859753157553,-1.1050274709285601,-1.3933037788854497,1.2927369539303928,1.0840459408623657,1.6631757945078938,-0.394680863070515,-0.9431234120623796,-1.507858061583422,-0.7849832923777195,-0.4057118003557487,-1.6495840959342845,0.5596406313378746,-1.0060181084889308,0.9860966422066364,0
-0.340427871679052,1.016267636601896,0.9588491776961667,-1.02762575501898,-0.7624946625030504,0.9578859753157553,-1.3255203192419436,0.34073950535281977,-0.3461068599307856,1.5212493854529547,-0.31610813806459825,1.2890035186463384,0.968509245747018,1.5812346170489417,1.1142655626114704,-0.6353166675633032,-0.002013697154064573,0.5596406313378746,-1.0060181084889308,0.9860966422066364,3
1.7175884975203135,-0.993932084149107,1.574892195360652,-1.02762575501898,-0.3017032060878515,0.9578859753157553,-0.9396578346935226,-1.3933037788854497,1.1514573148044291,-1.539174726681169,0.5085935005072734,-0.7823565172275415,-0.49645863850643074,-0.24271323917040627,-1.0223893992513682,-0.1761069331481943,1.0963665686994153,0.5596406313378746,0.9940178924830986,0.9860966422066364,1
0.292280823402218,-0.993932084149107,1.698100798893549,-1.02762575501898,-0.07130747788025202,-1.0439655927422493,1.3203938605186571,1.0343568190481278,1.0101776756784655,-1.10197128209058,-0.6459887934933469,-1.372885711350454,-1.4106171128825955,-1.6830603329088398,-1.4972016129986656,-0.8649215347708576,-0.18507707479631122,-1.7868609675630667,0.9940178924830986,-1.0140993866100703,0
-0.1371387963641313,1.016267636601896,-1.2589056858959802,-1.02762575501898,0.6198797067425464,0.9578859753157553,-0.002563229361643179,-0.6996864651901419,1.1797132426296217,-1.10197128209058,0.34365317279289903,-1.2624432284801383,0.46167201564985333,-1.6452535269912496,0.8768594557378216,-0.1761069331481943,0.9133031910571687,0.5596406313378746,-1.0060181084889308,-1.0140993866100703,0
-1.183278082816195,1.016267636601896,1.4516835918277553,0.9829463743659811,-0.7624946625030504,0.9578859753157553,-0.9396578346935226,-1.0464951220377958,-1.0807609833857965,0.2096390516811874,1.333295139079145,0.02229585797047283,0.008064266339148782,1.3663813053709295,-0.5475771855040708,-1.3241312691859664,-1.1003939630075446,0.5596406313378746,0.9940178924830986,0.9860966422066364,3
0.7079955616866626,1.016267636601896,0.3428061600316817,0.9829463743659811,-0.9928903907106499,-1.0439655927422493,1.6511331329887322,0.6875481622004737,-1.3915761894629166,-0.22756439290940172,-0.9758694489220956,-1.0776211142889978,-0.6052319253309364,-1.2220017241577408,-1.259795506125017,-0.6353166675633032,-0.36814045243855786,0.5596406313378746,-1.0060181084889308,0.9860966422066364,0
0.2511661789565037,1.016267636601896,0.7124319706303729,0.9829463743659811,-0.3017032060878515,-1.0439655927422493,0.7691617397351987,1.3811654758957816,-0.17657129297962923,0.6468424962717766,0.34365317279289903,-0.9761943443060548,-1.4545892926627149,0.223878072885706,-0.310171078630422,0.2831028012669145,-0.18507707479631122,0.5596406313378746,-1.0060181084889308,0.9860966422066364,1
1.2790322900993611,-0.993932084149107,-0.6428626682314948,-1.02762575501898,-0.7624946625030504,0.9578859753157553,-0.11280965351833487,0.34073950535281977,-0.48738649905674925,-0.6647678374999909,-0.15116781035022395,-0.06335341445956791,0.3112408742968135,-1.5484312191535188,-0.5475771855040708,0.5127076684744689,-0.18507707479631122,0.5596406313378746,0.9940178924830986,-1.0140993866100703,0
-0.3746900753838139,-0.993932084149107,-1.2589056858959802,0.9829463743659811,-0.532098934295451,-1.0439655927422493,-1.160150683006906,-1.0464951220377958,-0.515642426881942,-1.539174726681169,1.0034144836503964,-0.8432125792173073,1.1976274456539555,1.6623809321891352,-1.0223893992513682,-0.6353166675633032,-0.7342672077230512,0.5596406313378746,-1.0060181084889308,-1.0140993866100703,3
-1.2677915186212745,1.016267636601896,-0.7660712717643918,0.9829463743659811,-0.3017032060878515,0.9578859753157553,1.706256345067078,1.7279741327434355,0.47331504699980353,0.2096390516811874,-0.15116781035022395,-1.0956525400637431,1.1258833628548135,1.5046988879962593,1.1142655626114704,-0.1761069331481943,0.18104968048818207,0.5596406313378746,0.9940178924830986,0.9860966422066364,3
1.3658298728180913,-0.993932084149107,-1.2589056858959802,-1.02762575501898,1.0806711631577455,-1.0439655927422493,0.2179296189517402,1.3811654758957816,0.6145946861257672,-0.22756439290940172,1.6631757945078938,0.3175604550319291,-0.8783223050179932,-1.2487431234653044,0.40204724199052416,-1.094526401978412,0.7302398134149221,-1.7868609675630667,-1.0060181084889308,0.9860966422066364,0
0.8678858456422182,1.016267636601896,0.46601476356457855,-1.02762575501898,-0.532098934295451,0.9578859753157553,-0.6089185622234475,-0.3528778083424879,-0.06354758167885831,-1.539174726681169,-0.15116781035022395,-1.3503464291320222,-1.5957631330094137,-0.44557902702088986,-1.259795506125017,-0.8649215347708576,0.3641130581304287,0.5596406313378746,-1.0060181084889308,-1.0140993866100703,1
-5.193548790090959e-16,1.016267636601896,-0.15002825409990672,-1.02762575501898,-0.7624946625030504,-1.0439655927422493,-1.0499042588502143,1.3811654758957816,1.6035521600075127,1.5212493854529547,-1.3057501043508444,-0.00024342424795894426,0.054350771370853326,0.20174725966565324,1.1142655626114704,1.4311271373046865,0.7302398134149221,0.5596406313378746,-1.0060181084889308,-1.0140993866100703,2
-1.1627207605933378,-0.993932084149107,-0.026819650567009547,-1.02762575501898,1.0806711631577455,-1.0439655927422493,-1.2703971071635978,0.6875481622004737,-0.515642426881942,-0.22756439290940172,0.838474155936022,1.6361084648101878,0.9847095225081146,0.6111673042366292,-0.5475771855040708,0.5127076684744689,-0.7342672077230512,0.5596406313378746,-1.0060181084889308,0.9860966422066364,2
0.2785759419203132,1.016267636601896,-0.15002825409990672,-1.02762575501898,-0.7624946625030504,-1.0439655927422493,0.8242849518135446,1.7279741327434355,0.8123861809021163,0.2096390516811874,-1.3057501043508444,0.531683636107031,0.30198357329047265,0.34190907672598736,-1.0223893992513682,0.2831028012669145,0.9133031910571687,-1.7868609675630667,-1.0060181084889308,0.9860966422066364,2
0.5823674814358688,-0.993932084149107,0.09638895296588762,-1.02762575501898,-0.3017032060878515,0.9578859753157553,0.7140385276568528,1.0343568190481278,0.5015709748249962,0.2096390516811874,-0.9758694489220956,-0.4420133557292217,-1.068096975647982,0.9993786528050547,-0.310171078630422,0.7423125356820234,-1.2834573406497911,0.5596406313378746,-1.0060181084889308,-1.0140993866100703,3
-0.484329127239052,1.016267636601896,-0.8892798752972889,-1.02762575501898,0.6198797067425464,-1.0439655927422493,-0.7742881984584851,1.7279741327434355,0.16249984092268352,1.0840459408623657,0.17871284507852472,-0.6921993883538144,-1.6605642400538,-0.8208807345442845,-1.259795506125017,-0.4057118003557487,0.5471764357726754,0.5596406313378746,-1.0060181084889308,0.9860966422066364,0
1.2973054654085674,-0.993932084149107,-0.8892798752972889,0.9829463743659811,-0.9928903907106499,0.9578859753157553,0.3281760431084319,-1.0464951220377958,-1.2220406225117602,1.5212493854529547,-1.635630759779593,1.548205264158304,1.3017720819752907,-0.9730300754321471,-1.259795506125017,0.053497934059360104,-0.7342672077230512,0.5596406313378746,-1.0060181084889308,-1.0140993866100703,1
-1.2106878457800045,-0.993932084149107,1.082057781229064,0.9829463743659811,-0.7624946625030504,-1.0439655927422493,-1.160150683006906,-1.3933037788854497,-0.28959500428040014,0.2096390516811874,0.17871284507852472,-1.1858096689374702,0.6468180357766715,1.331340851105846,0.8768594557378216,1.8903368717197957,-1.4665207182920377,-1.7868609675630667,-1.0060181084889308,0.9860966422066364,3
-1.2563707840530205,-0.993932084149107,-0.15002825409990672,-1.02762575501898,-0.532098934295451,-1.0439655927422493,0.7140385276568528,-0.006069151494834045,-1.052505055560604,0.2096390516811874,0.17871284507852472,-0.8770215025449549,-0.9917242423456694,1.3470168438033834,-0.5475771855040708,-1.094526401978412,-0.18507707479631122,0.5596406313378746,-1.0060181084889308,-1.0140993866100703,3
-0.6487877050219092,1.016267636601896,-1.2589056858959802,-1.02762575501898,-0.532098934295451,-1.0439655927422493,-1.6562595917120186,0.34073950535281977,0.4168031913494181,-0.22756439290940172,0.013772517364150388,-0.48934584838792844,0.005749941087563556,-0.13851399359265787,0.40204724199052416,-1.094526401978412,1.279429946341662,0.5596406313378746,0.9940178924830986,-1.0140993866100703,1
1.445775014795869,1.016267636601896,0.46601476356457855,-1.02762575501898,0.15908825032734747,-1.0439655927422493,0.16280640687339437,0.34073950535281977,-0.826457632959062,-0.6647678374999909,0.6735338282216478,2.030545903632744,1.4522032233283306,0.2718281681958203,0.6394533488641729,-0.1761069331481943,1.4624933239839086,-1.7868609675630667,-1.0060181084889308,-1.0140993866100703,3
0.04559295672793223,-0.993932084149107,-0.3964454611657008,0.9829463743659811,-0.9928903907106499,-1.0439655927422493,-1.0499042588502143,-0.006069151494834045,-1.2220406225117602,-1.10197128209058,-1.635630759779593,1.2732260210934363,1.7067790010027055,-1.6452535269912496,1.1142655626114704,1.6607320045122411,-1.2834573406497911,0.5596406313378746,-1.0060181084889308,0.9860966422066364,0
-1.2426659025711158,-0.993932084149107,-0.3964454611657008,-1.02762575501898,-0.7624946625030504,0.9578859753157553,0.49354567934346943,-0.3528778083424879,0.8123861809021163,1.5212493854529547,-0.31610813806459825,0.3243222396974586,-0.09376604473060121,0.14549810939801916,-1.7346077198723144,-0.8649215347708576,1.0963665686994153,0.5596406313378746,0.9940178924830986,-1.0140993866100703,1
1.667337265419996,-0.993932084149107,-0.3964454611657008,0.9829463743659811,1.0806711631577455,-1.0439655927422493,1.706256345067078,-1.0464951220377958,-0.2330831486300147,-0.22756439290940172,0.17871284507852472,-0.5749951208179692,-1.1467840342018796,-1.6839824501263418,-0.5475771855040708,-1.094526401978412,-0.18507707479631122,0.5596406313378746,0.9940178924830986,-1.0140993866100703,0
-1.096480500097465,-0.993932084149107,1.205266384761961,-1.02762575501898,-0.3017032060878515,0.9578859753157553,0.38329925518677777,-0.6996864651901419,0.6145946861257672,-1.10197128209058,-0.31610813806459825,-1.2060950229340588,0.15155243193743287,-1.0661639143998691,-1.4972016129986656,-0.8649215347708576,-1.6495840959342845,0.5596406313378746,-1.0060181084889308,-1.0140993866100703,0
-0.6921864963812743,-0.993932084149107,-0.6428626682314948,-1.02762575501898,-0.7624946625030504,-1.0439655927422493,-0.7742881984584851,-1.0464951220377958,0.36029133569903266,-0.6647678374999909,1.333295139079145,1.5436974077146175,1.0055384497723816,0.24600888610575875,-0.07276497175677328,0.053497934059360104,-1.4665207182920377,0.5596406313378746,0.9940178924830986,0.9860966422066364,2
-0.14399123710508369,1.016267636601896,0.7124319706303729,-1.02762575501898,-0.532098934295451,0.9578859753157553,1.6511331329887322,-0.006069151494834045,0.7841302530769236,-1.10197128209058,0.013772517364150388,0.0651204941854932,0.4709293166561942,-0.544245569293625,-1.4972016129986656,-0.8649215347708576,1.0963665686994153,0.5596406313378746,-1.0060181084889308,-1.0140993866100703,1
1.2858847308403134,-0.993932084149107,1.4516835918277553,0.9829463743659811,-0.9928903907106499,0.9578859753157553,-1.2152738950852517,0.34073950535281977,-1.1090169112109893,1.0840459408623657,-0.15116781035022395,-0.8837832872104845,-1.5309620259650272,-1.3169797975604671,0.40204724199052416,0.2831028012669145,-1.4665207182920377,0.5596406313378746,0.9940178924830986,-1.0140993866100703,0
-1.0667865902200044,-0.993932084149107,-0.6428626682314948,0.9829463743659811,-0.9928903907106499,0.9578859753157553,-0.4986721380667558,0.34073950535281977,-1.2220406225117602,1.0840459408623657,0.17871284507852472,-0.7395318810125211,1.2809431547110237,0.6065567181491183,-1.259795506125017,-1.3241312691859664,1.0963665686994153,0.5596406313378746,-1.0060181084889308,-1.0140993866100703,2
0.18035762463332908,1.016267636601896,1.082057781229064,-1.02762575501898,-0.7624946625030504,0.9578859753157553,0.7140385276568528,-1.3933037788854497,-0.12005943732924378,-1.10197128209058,-0.4810484657789726,-1.0415582627395068,-1.3666449331024761,-1.2625748817278375,1.351671669485119,-0.6353166675633032,-0.36814045243855786,0.5596406313378746,-1.0060181084889308,0.9860966422066364,0
-1.4802171815907983,1.016267636601896,-1.2589056858959802,0.9829463743659811,-0.7624946625030504,0.9578859753157553,-0.8845346226151768,1.3811654758957816,-1.4198321172881094,0.6468424962717766,1.1683548113647708,0.5564768465473059,0.8134494538908078,1.4954777158212373,-1.7346077198723144,-1.3241312691859664,-1.1003939630075446,0.5596406313378746,0.9940178924830986,-1.0140993866100703,3
-1.5304684136911157,1.016267636601896,1.205266384761961,0.9829463743659811,-0.9928903907106499,-1.0439655927422493,0.49354567934346943,-0.6996864651901419,-0.45913057123155654,-1.539174726681169,-1.4706904320652185,-0.5795029772616556,-1.4962471471912488,0.4857593626563303,1.1142655626114704,0.2831028012669145,-1.2834573406497911,-1.7868609675630667,-1.0060181084889308,-1.0140993866100703,1
-1.085059765529211,-0.993932084149107,-0.6428626682314948,0.9829463743659811,1.0806711631577455,0.9578859753157553,0.7140385276568528,-0.006069151494834045,-0.45913057123155654,1.5212493854529547,0.17871284507852472,-1.336822859800963,-1.648992613795874,-0.7222141922715493,1.5890777763587678,-1.094526401978412,0.18104968048818207,0.5596406313378746,-1.0060181084889308,-1.0140993866100703,0
-0.41808886674317897,1.016267636601896,0.7124319706303729,0.9829463743659811,0.8502754349501459,0.9578859753157553,0.27305283103008604,0.6875481622004737,-1.1090169112109893,-0.6647678374999909,0.17871284507852472,0.6060632674278558,-0.6306895030983739,0.4857593626563303,0.6394533488641729,-0.1761069331481943,-1.4665207182920377,0.5596406313378746,0.9940178924830986,0.9860966422066364,2
1.6970311752974563,1.016267636601896,0.09638895296588762,-1.02762575501898,-0.532098934295451,0.9578859753157553,-1.1050274709285601,-1.0464951220377958,-1.7023913955400367,0.2096390516811874,1.6631757945078938,-0.8071497276678165,-1.5240190502102715,-0.2768315762179876,0.16464113511687545,-0.6353166675633032,0.5471764357726754,0.5596406313378746,0.9940178924830986,0.9860966422066364,1
1.3498408444225356,1.016267636601896,-1.2589056858959802,-1.02762575501898,0.15908825032734747,-1.0439655927422493,-0.9947810467718684,1.0343568190481278,0.5580828304753818,0.6468424962717766,-0.6459887934933469,0.28825938814796775,0.23486814099450104,-0.20214008160030955,0.8768594557378216,-0.6353166675633032,1.4624933239839086,0.5596406313378746,0.9940178924830986,0.9860966422066364,2
-0.26733517044222654,-0.993932084149107,-1.2589056858959802,-1.02762575501898,-0.9928903907106499,0.9578859753157553,0.4384224672651236,-0.6996864651901419,0.44505911917461083,1.0840459408623657,0.6735338282216478,0.06737442240733638,-0.20485365680669212,-0.6161707122587965,-0.7849832923777195,-0.6353166675633032,1.6455567016261552,0.5596406313378746,0.9940178924830986,-1.0140993866100703,1
-0.4934657148936552,1.016267636601896,-1.012488478830186,-1.02762575501898,-0.532098934295451,0.9578859753157553,1.706256345067078,0.6875481622004737,0.36029133569903266,1.0840459408623657,-0.31610813806459825,-0.6268354699203622,1.6975216999963647,0.9505064402774381,-0.310171078630422,0.9719174028895778,-0.7342672077230512,0.5596406313378746,0.9940178924830986,0.9860966422066364,3
0.10041248265555129,1.016267636601896,1.082057781229064,0.9829463743659811,0.8502754349501459,0.9578859753157553,0.05255998271670267,1.7279741327434355,-1.3350643338125312,-0.6647678374999909,0.838474155936022,-0.3045237341967879,-0.6283751778467886,-1.2459767718127979,1.1142655626114704,0.2831028012669145,-1.6495840959342845,0.5596406313378746,0.9940178924830986,-1.0140993866100703,0
0.8290553481101546,-0.993932084149107,0.09638895296588762,0.9829463743659811,-0.9928903907106499,0.9578859753157553,0.16280640687339437,-1.3933037788854497,-1.1655287668613747,1.0840459408623657,-0.4810484657789726,1.5324277666054016,1.2693715284530975,-0.27222099013047657,1.351671669485119,2.579151473342459,0.3641130581304287,0.5596406313378746,-1.0060181084889308,-1.0140993866100703,2
-1.1581524667660363,1.016267636601896,-0.2732368576328036,-1.02762575501898,0.15908825032734747,0.9578859753157553,-0.002563229361643179,-0.3528778083424879,0.6428506139509599,1.5212493854529547,-0.4810484657789726,2.2897476491447093,1.3526872375101657,1.6218077746190385,-0.07276497175677328,-0.8649215347708576,-1.1003939630075446,0.5596406313378746,-1.0060181084889308,0.9860966422066364,3
1.4046603703501548,-0.993932084149107,-2.7357805694826946e-16,0.9829463743659811,-0.9928903907106499,0.9578859753157553,0.05255998271670267,-0.3528778083424879,1.5470403043571272,-1.539174726681169,-1.635630759779593,0.0448351401889046,-1.2347283937621183,-0.4142270416258151,0.40204724199052416,1.4311271373046865,-0.36814045243855786,0.5596406313378746,-1.0060181084889308,0.9860966422066364,1
-1.1901305235571473,1.016267636601896,0.09638895296588762,0.9829463743659811,-0.7624946625030504,0.9578859753157553,-0.11280965351833487,-0.3528778083424879,-1.3350643338125312,-0.6647678374999909,0.34365317279289903,0.03807335552337507,-0.5890316485698398,-0.4824637157209778,-0.5475771855040708,0.7423125356820234,0.18104968048818207,0.5596406313378746,0.9940178924830986,0.9860966422066364,1
-0.7812682260136552,1.016267636601896,0.5892233670974757,-1.02762575501898,-0.3017032060878515,0.9578859753157553,-1.6562595917120186,0.34073950535281977,0.38854726352422536,1.5212493854529547,0.013772517364150388,-1.4540271273368084,-0.5959746243245955,-0.15326786907269305,-1.259795506125017,-0.1761069331481943,-0.7342672077230512,0.5596406313378746,0.9940178924830986,-1.0140993866100703,1
0.3790784061209482,-0.993932084149107,0.2195975564987845,-1.02762575501898,-0.9928903907106499,-1.0439655927422493,-1.3255203192419436,-0.6996864651901419,-0.939481344259833,-0.22756439290940172,-0.4810484657789726,-0.813911512333346,-0.49877296375801594,0.23217712784322578,1.5890777763587678,0.053497934059360104,-0.002013697154064573,-1.7868609675630667,0.9940178924830986,-1.0140993866100703,2
-1.007398770465084,-0.993932084149107,-1.135697082363083,0.9829463743659811,0.38948397853494693,0.9578859753157553,-0.6089185622234475,-0.006069151494834045,-0.8547135607842548,-1.10197128209058,0.34365317279289903,0.03581942730153189,1.6188346414424668,-0.44004632371587665,-0.07276497175677328,-0.8649215347708576,-1.4665207182920377,0.5596406313378746,-1.0060181084889308,-1.0140993866100703,1
-0.46605595192984567,1.016267636601896,1.4516835918277553,-1.02762575501898,-0.7624946625030504,-1.0439655927422493,0.4384224672651236,-1.0464951220377958,0.47331504699980353,0.2096390516811874,0.838474155936022,0.2521965365984769,1.528575956630643,1.312898506755802,0.40204724199052416,-0.4057118003557487,-1.1003939630075446,-1.7868609675630667,0.9940178924830986,0.9860966422066364,3
0.358521083898091,1.016267636601896,-1.135697082363083,-1.02762575501898,-0.9928903907106499,-1.0439655927422493,0.27305283103008604,0.6875481622004737,-0.17657129297962923,-0.22756439290940172,0.838474155936022,-0.19182732310462902,-0.17245310328449895,0.5254104030089248,1.351671669485119,-0.6353166675633032,1.4624933239839086,-1.7868609675630667,-1.0060181084889308,0.9860966422066364,2
1.1648249444168213,1.016267636601896,-1.2589056858959802,0.9829463743659811,0.6198797067425464,0.9578859753157553,0.9345313759702363,1.0343568190481278,1.066689531328851,-1.539174726681169,-0.31610813806459825,-0.394680863070515,-1.1028118544217602,0.06527391147532792,-1.7346077198723144,-0.4057118003557487,-1.2834573406497911,0.5596406313378746,-1.0060181084889308,0.9860966422066364,2
0.7970772913190435,1.016267636601896,1.205266384761961,-1.02762575501898,1.7718583477805439,0.9578859753157553,-1.546013167555327,-0.6996864651901419,0.219011696573069,0.2096390516811874,1.6631757945078938,-1.1249536069477044,-0.9940385675972546,0.35205236611851154,-1.7346077198723144,-0.6353166675633032,-0.002013697154064573,0.5596406313378746,-1.0060181084889308,-1.0140993866100703,2
0.8244870542828531,-0.993932084149107,-1.2589056858959802,-1.02762575501898,-0.7624946625030504,0.9578859753157553,-0.8845346226151768,-0.6996864651901419,-1.3068084059873384,-0.22756439290940172,1.0034144836503964,1.50988848438697,1.0610822558104271,-0.04722438905994025,-0.7849832923777195,-0.1761069331481943,-1.2834573406497911,0.5596406313378746,0.9940178924830986,-1.0140993866100703,2
0.6463235950180911,-0.993932084149107,0.8356405741632701,-1.02762575501898,-0.07130747788025202,-1.0439655927422493,-0.6089185622234475,0.6875481622004737,0.6145946861257672,0.6468424962717766,0.17871284507852472,-0.2526833850943948,1.028681702288234,1.5148421773887835,0.6394533488641729,0.7423125356820234,0.9133031910571687,-1.7868609675630667,-1.0060181084889308,0.9860966422066364,3
0.09127589500094811,1.016267636601896,1.205266384761961,-1.02762575501898,0.15908825032734747,0.9578859753157553,-1.3806435313202894,-0.006069151494834045,-0.9959931999102184,0.6468424962717766,-0.6459887934933469,-0.19182732310462902,0.8828792114383647,-0.8983385808144692,-1.259795506125017,-0.8649215347708576,-0.7342672077230512,0.5596406313378746,-1.0060181084889308,-1.0140993866100703,1
-1.1878463766434966,-0.993932084149107,1.698100798893549,-1.02762575501898,0.6198797067425464,-1.0439655927422493,-1.4357667433986352,0.6875481622004737,-1.0807609833857965,0.6468424962717766,-0.31610813806459825,-0.5411861974903215,-0.2557688123415671,-1.1832728010226483,-0.7849832923777195,-1.094526401978412,-1.6495840959342845,0.5596406313378746,-1.0060181084889308,-1.0140993866100703,0
-1.5875720865323855,1.016267636601896,-1.2589056858959802,0.9829463743659811,-0.532098934295451,0.9578859753157553,-1.3806435313202894,-1.0464951220377958,-0.3178509321055929,0.2096390516811874,0.838474155936022,-0.942385420978407,-1.4846755209333227,-0.4142270416258151,0.16464113511687545,-0.4057118003557487,1.0963665686994153,0.5596406313378746,0.9940178924830986,-1.0140993866100703,0
-0.5300120655120679,1.016267636601896,1.698100798893549,0.9829463743659811,0.15908825032734747,0.9578859753157553,-0.6089185622234475,1.0343568190481278,1.2644810261052,1.5212493854529547,0.34365317279289903,-0.3743955090739264,-0.9732096403329875,-0.7590988809716372,-1.0223893992513682,0.053497934059360104,0.18104968048818207,0.5596406313378746,0.9940178924830986,-1.0140993866100703,0
-1.482501328504449,1.016267636601896,-0.3964454611657008,0.9829463743659811,-0.9928903907106499,-1.0439655927422493,-0.002563229361643179,-0.3528778083424879,0.021220201796719875,0.6468424962717766,-1.4706904320652185,-0.942385420978407,-1.7184223713434308,-0.283286396740503,-0.5475771855040708,-1.3241312691859664,-0.9173305853652978,-1.7868609675630667,0.9940178924830986,-1.0140993866100703,0
1.2539066740492024,-0.993932084149107,-1.2589056858959802,-1.02762575501898,-0.9928903907106499,0.9578859753157553,-1.4357667433986352,-1.0464951220377958,0.021220201796719875,0.6468424962717766,1.0034144836503964,-1.118191822282175,-0.5311735172802091,0.18146068088060488,-1.259795506125017,-0.1761069331481943,1.6455567016261552,0.5596406313378746,0.9940178924830986,-1.0140993866100703,2
-1.1216061161476236,-0.993932084149107,-0.15002825409990672,-1.02762575501898,-0.9928903907106499,-1.0439655927422493,-0.38842571391006414,1.7279741327434355,-0.8547135607842548,1.0840459408623657,0.6735338282216478,-1.2556814438146087,-1.2555573210263853,-0.13851399359265787,1.1142655626114704,-0.1761069331481943,0.3641130581304287,-1.7868609675630667,0.9940178924830986,0.9860966422066364,1
-1.1010487939247664,1.016267636601896,-0.7660712717643918,0.9829463743659811,-0.07130747788025202,-1.0439655927422493,1.761379557145424,-0.006069151494834045,0.47331504699980353,1.0840459408623657,-0.8109291212077213,-1.197079310046686,-1.0009815433520102,1.2068550267430491,-1.4972016129986656,-0.1761069331481943,-0.18507707479631122,0.5596406313378746,0.9940178924830986,-1.0140993866100703,2
0.735405324650472,1.016267636601896,0.09638895296588762,0.9829463743659811,-0.7624946625030504,0.9578859753157553,-0.2781792897533724,1.0343568190481278,0.95366582002808,-0.6647678374999909,0.013772517364150388,0.03807335552337507,-0.8736936545148227,-0.8476221338518483,-0.07276497175677328,0.2831028012669145,-1.4665207182920377,0.5596406313378746,0.9940178924830986,-1.0140993866100703,1
0.20091494685618624,-0.993932084149107,1.574892195360652,-1.02762575501898,1.311066891365345,-1.0439655927422493,-0.4986721380667558,-0.006069151494834045,-1.448088045113302,1.0840459408623657,1.0034144836503964,-0.4600447815039671,1.0865398335778647,-1.1546871672800803,-1.259795506125017,-0.1761069331481943,-1.2834573406497911,0.5596406313378746,0.9940178924830986,0.9860966422066364,0
-1.0096829173787347,1.016267636601896,-0.026819650567009547,0.9829463743659811,-0.07130747788025202,-1.0439655927422493,-0.7742881984584851,0.34073950535281977,-1.674135467714844,1.5212493854529547,1.6631757945078938,0.5474611336599332,0.4963868944236317,-0.06658885062748642,-0.7849832923777195,-0.6353166675633032,0.5471764357726754,0.5596406313378746,0.9940178924830986,0.9860966422066364,1
-1.1695732013342903,1.016267636601896,1.205266384761961,0.9829463743659811,-0.9928903907106499,0.9578859753157553,1.761379557145424,-1.0464951220377958,1.4905284487067418,-1.539174726681169,-0.15116781035022395,0.042581211967061425,-1.2509286705232148,1.410642931811035,-0.7849832923777195,-1.094526401978412,0.9133031910571687,0.5596406313378746,0.9940178924830986,-1.0140993866100703,3
-1.2632232247939728,1.016267636601896,1.4516835918277553,0.9829463743659811,-0.9928903907106499,-1.0439655927422493,0.2179296189517402,-1.3933037788854497,1.5187843765319347,-0.22756439290940172,-1.4706904320652185,-1.309775721138845,-1.172241611969317,-0.5728312030361932,-0.5475771855040708,-1.3241312691859664,0.3641130581304287,-1.7868609675630667,-1.0060181084889308,-1.0140993866100703,0
0.6303345666225355,1.016267636601896,0.7124319706303729,0.9829463743659811,-0.07130747788025202,0.9578859753157553,-0.44354892598840995,1.3811654758957816,1.0101776756784655,0.2096390516811874,-0.6459887934933469,0.22965725438004514,-0.010450335673533035,0.9034784621848261,-1.4972016129986656,-0.1761069331481943,1.6455567016261552,0.5596406313378746,-1.0060181084889308,-1.0140993866100703,3
-1.5624464704822267,1.016267636601896,-1.2589056858959802,0.9829463743659811,-0.532098934295451,-1.0439655927422493,-0.8294114105368309,-1.0464951220377958,0.6428506139509599,0.2096390516811874,0.34365317279289903,0.7007282527452692,-0.5589454202992319,-1.642487175338743,1.5890777763587678,1.8903368717197957,-1.4665207182920377,-1.7868609675630667,0.9940178924830986,0.9860966422066364,0
0.7993614382326943,-0.993932084149107,-1.135697082363083,-1.02762575501898,-0.9928903907106499,-1.0439655927422493,-1.490889955476981,1.0343568190481278,-0.7982017051338693,0.2096390516811874,-1.3057501043508444,0.29502117281349727,0.33669845206425103,1.2040886750905426,-1.259795506125017,-0.1761069331481943,1.4624933239839086,0.5596406313378746,0.9940178924830986,0.9860966422066364,3
1.6833262938155515,1.016267636601896,1.328474988294858,0.9829463743659811,0.38948397853494693,-1.0439655927422493,0.7140385276568528,1.7279741327434355,-0.12005943732924378,-0.22756439290940172,1.4982354667935194,0.015534073304943297,1.5771767869139328,0.3188561462884324,-0.310171078630422,-1.094526401978412,-1.4665207182920377,-1.7868609675630667,-1.0060181084889308,-1.0140993866100703,3
1.4731847777596785,-0.993932084149107,-0.6428626682314948,0.9829463743659811,-0.3017032060878515,-1.0439655927422493,-0.44354892598840995,-0.006069151494834045,0.24726762439826172,0.6468424962717766,-0.9758694489220956,1.1785610357760228,-0.1678244527813285,-0.6714977453089284,0.6394533488641729,0.5127076684744689,-0.36814045243855786,0.5596406313378746,0.9940178924830986,0.9860966422066364,1
-0.4020998383476234,-0.993932084149107,0.5892233670974757,-1.02762575501898,-0.9928903907106499,-1.0439655927422493,-0.2781792897533724,-1.0464951220377958,-1.5328558285888803,0.6468424962717766,-0.4810484657789726,-1.0009875547463296,-1.549476627977709,0.5014353553538676,-0.07276497175677328,-0.1761069331481943,1.4624933239839086,-1.7868609675630667,-1.0060181084889308,-1.0140993866100703,2
-1.295201281585084,1.016267636601896,-1.135697082363083,0.9829463743659811,2.0022540759881435,-1.0439655927422493,1.5960099209103864,-1.3933037788854497,1.5187843765319347,0.2096390516811874,1.6631757945078938,0.17781690527765207,-0.2881693658637603,-0.6152485950412943,0.40204724199052416,0.9719174028895778,1.6455567016261552,0.5596406313378746,-1.0060181084889308,0.9860966422066364,0
-1.3797147173901634,1.016267636601896,-1.2589056858959802,-1.02762575501898,1.0806711631577455,-1.0439655927422493,-0.8845346226151768,1.7279741327434355,-0.8547135607842548,1.0840459408623657,1.1683548113647708,-0.1039241224527451,0.10989457740889878,0.3022580363733928,1.5890777763587678,2.579151473342459,-0.5512038300808045,0.5596406313378746,-1.0060181084889308,-1.0140993866100703,2
1.523436009859996,1.016267636601896,0.46601476356457855,0.9829463743659811,-0.3017032060878515,-1.0439655927422493,1.2652706484403113,-1.0464951220377958,-0.7699457773086765,-0.6647678374999909,-0.9758694489220956,-1.4472653426712787,-1.4407033411532033,-0.23349206699538427,0.16464113511687545,-0.1761069331481943,-1.2834573406497911,0.5596406313378746,-1.0060181084889308,0.9860966422066364,1
1.1739615320714245,-0.993932084149107,-1.012488478830186,-1.02762575501898,-0.07130747788025202,-1.0439655927422493,0.4384224672651236,0.34073950535281977,1.4340165930563564,-0.22756439290940172,0.17871284507852472,2.2694622951481205,1.6928930494931942,-0.9333790350795527,-1.0223893992513682,-0.8649215347708576,0.7302398134149221,0.5596406313378746,0.9940178924830986,0.9860966422066364,1
-1.3248951914625442,-0.993932084149107,-0.15002825409990672,0.9829463743659811,-0.532098934295451,0.9578859753157553,-1.6011363796336728,-1.3933037788854497,-1.561111756414073,1.5212493854529547,-0.6459887934933469,-1.0257807651866047,-1.375902234108817,-1.0670860316173714,-0.5475771855040708,-1.094526401978412,0.5471764357726754,0.5596406313378746,-1.0060181084889308,0.9860966422066364,0
0.7856565567507895,-0.993932084149107,-0.3964454611657008,0.9829463743659811,-0.9928903907106499,-1.0439655927422493,-0.9947810467718684,-1.0464951220377958,0.219011696573069,-1.10197128209058,-0.9758694489220956,1.1853228204415522,0.9754522215017737,0.34467542837849396,0.16464113511687545,0.053497934059360104,-0.5512038300808045,-1.7868609675630667,-1.0060181084889308,0.9860966422066364,2
1.2424859394809484,-0.993932084149107,1.698100798893549,0.9829463743659811,-0.532098934295451,-1.0439655927422493,0.5486688914218153,0.6875481622004737,-1.024249127735411,0.6468424962717766,-0.31610813806459825,0.9824692804756664,1.6836357484868532,-1.6019140177686464,0.40204724199052416,-0.1761069331481943,-1.4665207182920377,-1.7868609675630667,0.9940178924830986,-1.0140993866100703,1
0.9775248974974562,-0.993932084149107,-0.6428626682314948,0.9829463743659811,-0.9928903907106499,0.9578859753157553,-0.6089185622234475,1.3811654758957816,-0.06354758167885831,-1.10197128209058,-1.635630759779593,1.2754799493152795,0.3343841268126658,-1.3732289478281012,1.1142655626114704,0.2831028012669145,0.7302398134149221,0.5596406313378746,-1.0060181084889308,-1.0140993866100703,0
-1.3682939828219094,-0.993932084149107,-0.2732368576328036,0.9829463743659811,0.15908825032734747,0.9578859753157553,-1.4357667433986352,0.34073950535281977,0.07773205744710533,1.5212493854529547,1.6631757945078938,0.7458068171821327,0.23486814099450104,0.5410863957064621,0.6394533488641729,0.2831028012669145,-0.5512038300808045,0.5596406313378746,0.9940178924830986,-1.0140993866100703,2
1.5394250382555517,1.016267636601896,0.3428061600316817,-1.02762575501898,-0.9928903907106499,-1.0439655927422493,-0.16793286559668072,0.34073950535281977,-0.826457632959062,0.2096390516811874,-0.9758694489220956,0.06737442240733638,-1.1791845877240728,-0.09333024993505015,1.1142655626114704,1.6607320045122411,-0.5512038300808045,0.5596406313378746,0.9940178924830986,-1.0140993866100703,2
-1.6012769680142904,-0.993932084149107,-0.5196540646985977,0.9829463743659811,-0.9928903907106499,0.9578859753157553,-0.38842571391006414,-0.6996864651901419,0.6428506139509599,1.0840459408623657,-0.4810484657789726,-0.42848978639816265,-1.6536212642990442,0.08371625582537189,-0.7849832923777195,-0.6353166675633032,1.0963665686994153,0.5596406313378746,0.9940178924830986,0.9860966422066364,1
-0.10972903340032177,-0.993932084149107,-0.8892798752972889,-1.02762575501898,0.38948397853494693,0.9578859753157553,0.7691617397351987,1.0343568190481278,-1.448088045113302,0.6468424962717766,-0.15116781035022395,-1.3593621420193949,-1.028753446371033,-1.1989487937201857,1.5890777763587678,2.8087563405500133,-0.7342672077230512,0.5596406313378746,-1.0060181084889308,-1.0140993866100703,0
-0.9662841260193695,-0.993932084149107,1.8213094024264462,0.9829463743659811,-0.532098934295451,-1.0439655927422493,-1.2703971071635978,-1.3933037788854497,-0.6569220660079056,-1.539174726681169,-1.14080977663647,1.2416710259876318,0.9245370659668988,1.592300023658968,-0.5475771855040708,-0.6353166675633032,0.5471764357726754,0.5596406313378746,-1.0060181084889308,0.9860966422066364,3
-0.740153581567941,1.016267636601896,-1.2589056858959802,0.9829463743659811,1.0806711631577455,0.9578859753157553,0.05255998271670267,-0.6996864651901419,1.6600640156578983,-1.10197128209058,1.0034144836503964,-0.3203012317496901,-0.6144892263372773,0.029311339992742193,-1.259795506125017,-0.6353166675633032,0.3641130581304287,0.5596406313378746,0.9940178924830986,-1.0140993866100703,1
-0.18739002846444877,1.016267636601896,-0.8892798752972889,-1.02762575501898,0.6198797067425464,-1.0439655927422493,-0.2781792897533724,-1.3933037788854497,-1.4763439729384948,1.5212493854529547,-0.31610813806459825,2.364127280465534,1.2647428779499272,0.7015347915518446,-1.0223893992513682,-0.4057118003557487,-1.6495840959342845,0.5596406313378746,-1.0060181084889308,0.9860966422066364,3
-0.08688756426381383,1.016267636601896,-1.2589056858959802,-1.02762575501898,-0.532098934295451,-1.0439655927422493,-1.2152738950852517,1.7279741327434355,-1.1655287668613747,1.0840459408623657,-0.4810484657789726,-0.764325091452796,-1.6050204340157546,-1.5023253582784089,0.6394533488641729,0.053497934059360104,0.5471764357726754,0.5596406313378746,0.9940178924830986,0.9860966422066364,0
0.31969058636602754,-0.993932084149107,-0.5196540646985977,0.9829463743659811,-0.7624946625030504,0.9578859753157553,-0.7742881984584851,-1.0464951220377958,-0.3178509321055929,-1.10197128209058,1.0034144836503964,0.43476472256777426,-0.8482360767473852,0.2155790179281862,-0.5475771855040708,-0.1761069331481943,0.7302398134149221,0.5596406313378746,0.9940178924830986,-1.0140993866100703,2
0.5572418653857101,1.016267636601896,0.8356405741632701,-1.02762575501898,-0.3017032060878515,0.9578859753157553,1.1550242242836197,0.6875481622004737,0.8123861809021163,0.2096390516811874,0.17871284507852472,-0.7981340147804438,-1.3897881856183285,-0.35060095361816346,-1.4972016129986656,-0.6353166675633032,-0.18507707479631122,0.5596406313378746,-1.0060181084889308,-1.0140993866100703,1
0.8564651110739642,-0.993932084149107,-0.3964454611657008,-1.02762575501898,-0.7624946625030504,0.9578859753157553,-1.2703971071635978,-1.3933037788854497,0.5863387583005745,-0.6647678374999909,-1.3057501043508444,-1.0640975449579386,-0.07525144271791939,-0.26945463847797,0.6394533488641729,0.5127076684744689,-0.002013697154064573,0.5596406313378746,-1.0060181084889308,-1.0140993866100703,1
-0.705891377863179,1.016267636601896,-0.6428626682314948,0.9829463743659811,-0.07130747788025202,0.9578859753157553,-1.546013167555327,1.3811654758957816,0.10598798527229807,1.5212493854529547,0.013772517364150388,0.838217874277703,0.0867513248930465,-0.09978507045756554,0.16464113511687545,0.9719174028895778,0.9133031910571687,0.5596406313378746,0.9940178924830986,0.9860966422066364,1
0.4910016048898371,-0.993932084149107,1.328474988294858,-1.02762575501898,0.8502754349501459,-1.0439655927422493,-1.4357667433986352,-0.3528778083424879,1.6600640156578983,-0.6647678374999909,1.6631757945078938,0.11921477150972945,-0.54043081828655,-0.7600209981891394,-0.5475771855040708,-1.3241312691859664,-1.6495840959342845,-1.7868609675630667,-1.0060181084889308,0.9860966422066364,1
1.2447700863945992,-0.993932084149107,0.09638895296588762,-1.02762575501898,-0.07130747788025202,-1.0439655927422493,0.49354567934346943,-0.3528778083424879,0.6711065417761527,0.6468424962717766,1.6631757945078938,-0.07913091201247015,0.42927146212766015,0.1740837431405873,0.40204724199052416,-1.094526401978412,-0.002013697154064573,-1.7868609675630667,0.9940178924830986,-1.0140993866100703,2
0.052445397468884616,-0.993932084149107,0.3428061600316817,0.9829463743659811,1.7718583477805439,-1.0439655927422493,0.10768319479504852,-1.3933037788854497,0.24726762439826172,0.2096390516811874,1.0034144836503964,-0.9514011338657798,-1.190756213981999,1.0362633415051425,0.16464113511687545,-0.6353166675633032,-1.2834573406497911,-1.7868609675630667,0.9940178924830986,0.9860966422066364,2
-1.0096829173787347,-0.993932084149107,0.8356405741632701,0.9829463743659811,-0.9928903907106499,-1.0439655927422493,0.27305283103008604,1.3811654758957816,0.10598798527229807,1.0840459408623657,-1.3057501043508444,-0.9897179136371138,-0.1955963558003512,0.08463837304287408,-0.7849832923777195,-0.1761069331481943,-0.9173305853652978,0.5596406313378746,-1.0060181084889308,-1.0140993866100703,1
1.3475566975088848,1.016267636601896,0.7124319706303729,-1.02762575501898,0.8502754349501459,-1.0439655927422493,1.4857634967536948,-1.3933037788854497,-1.3915761894629166,0.2096390516811874,0.838474155936022,1.829946291888701,1.5447762333917396,0.9385189164499096,0.8768594557378216,0.053497934059360104,-1.1003939630075446,0.5596406313378746,0.9940178924830986,0.9860966422066364,3
-0.22850467291016308,1.016267636601896,-0.7660712717643918,0.9829463743659811,0.38948397853494693,0.9578859753157553,1.430640284675349,-0.006069151494834045,0.5863387583005745,-1.10197128209058,0.17871284507852472,0.21838761327082926,-0.5844029980666694,-0.25285652856293045,-0.7849832923777195,-0.4057118003557487,-0.5512038300808045,0.5596406313378746,-1.0060181084889308,-1.0140993866100703,1
-1.4185452149222268,1.016267636601896,-0.6428626682314948,-1.02762575501898,1.0806711631577455,0.9578859753157553,-1.0499042588502143,-1.3933037788854497,-1.7023913955400367,-0.22756439290940172,0.838474155936022,-0.12195554822749052,-1.2208424422526067,-0.6456784632188668,0.6394533488641729,1.4311271373046865,-0.7342672077230512,0.5596406313378746,0.9940178924830986,-1.0140993866100703,0
0.7034272678593609,1.016267636601896,1.698100798893549,-1.02762575501898,-0.532098934295451,-1.0439655927422493,1.375517072597003,-0.3528778083424879,-0.7416898494834838,-1.539174726681169,-1.14080977663647,-0.6719140343572259,-0.6816046586332489,-0.464943488588436,-0.7849832923777195,-0.8649215347708576,1.4624933239839086,-1.7868609675630667,0.9940178924830986,0.9860966422066364,1
-1.4916379161590523,-0.993932084149107,1.574892195360652,-1.02762575501898,-0.532098934295451,-1.0439655927422493,-0.9396578346935226,-1.0464951220377958,-1.6176236120644585,-0.6647678374999909,0.17871284507852472,-0.9108304258726025,-0.9199801595465273,0.43135444682370055,-0.07276497175677328,0.5127076684744689,-1.4665207182920377,-1.7868609675630667,-1.0060181084889308,-1.0140993866100703,1
0.8633175518149165,1.016267636601896,1.082057781229064,-1.02762575501898,0.8502754349501459,0.9578859753157553,0.2179296189517402,1.0343568190481278,-1.561111756414073,-1.539174726681169,-0.15116781035022395,0.22064154149267243,0.40381388436022264,-1.6858266845613463,-1.7346077198723144,-0.6353166675633032,-0.7342672077230512,0.5596406313378746,-1.0060181084889308,-1.0140993866100703,0
1.468616483932377,-0.993932084149107,0.5892233670974757,-1.02762575501898,1.5414626195729444,0.9578859753157553,0.658915315578507,1.0343568190481278,-0.7699457773086765,1.5212493854529547,1.4982354667935194,-1.4450114144494357,-1.1768702624724876,1.3414841404983702,1.5890777763587678,0.5127076684744689,1.6455567016261552,0.5596406313378746,0.9940178924830986,-1.0140993866100703,3
-1.2906329877577822,1.016267636601896,1.698100798893549,0.9829463743659811,-0.7624946625030504,-1.0439655927422493,-0.6089185622234475,-1.0464951220377958,1.6318080878327055,-0.6647678374999909,-0.9758694489220956,-0.15576447155513817,1.2902004557173645,-0.8706750642894032,-1.4972016129986656,-0.6353166675633032,-1.2834573406497911,0.5596406313378746,0.9940178924830986,0.9860966422066364,0
0.5206955147672974,1.016267636601896,-1.2589056858959802,-1.02762575501898,-0.9928903907106499,-1.0439655927422493,-0.7742881984584851,0.34073950535281977,-0.515642426881942,0.2096390516811874,-1.635630759779593,0.5474611336599332,-0.35297047290814665,1.694655034801712,0.6394533488641729,1.2015222700971322,-1.1003939630075446,0.5596406313378746,0.9940178924830986,0.9860966422066364,3
-0.8703499556460362,-0.993932084149107,0.8356405741632701,-1.02762575501898,-0.7624946625030504,-1.0439655927422493,0.9896545880485821,-1.3933037788854497,-1.5893676842392657,-1.539174726681169,-1.3057501043508444,-0.2639530262036107,0.38067063184437033,1.7094089102817471,1.1142655626114704,2.3495466061349046,-1.4665207182920377,0.5596406313378746,0.9940178924830986,-1.0140993866100703,3
-1.016535358119687,1.016267636601896,-1.2589056858959802,0.9829463743659811,-0.9928903907106499,0.9578859753157553,-1.6562595917120186,1.0343568190481278,-0.9677372720850257,0.6468424962717766,0.6735338282216478,1.3002731597555544,1.4776608010957681,-1.3427990796505287,0.16464113511687545,-0.4057118003557487,1.4624933239839086,0.5596406313378746,0.9940178924830986,-1.0140993866100703,0
1.6582006777653928,1.016267636601896,1.328474988294858,0.9829463743659811,-0.9928903907106499,-1.0439655927422493,0.38329925518677777,-1.0464951220377958,1.3209928817555854,-0.22756439290940172,-1.14080977663647,0.608317195649699,1.65123519496466,-0.08503119497753038,-0.310171078630422,0.9719174028895778,0.9133031910571687,0.5596406313378746,0.9940178924830986,0.9860966422066364,2
1.53485674442825,-0.993932084149107,-0.7660712717643918,0.9829463743659811,-0.7624946625030504,0.9578859753157553,0.2179296189517402,0.6875481622004737,-0.9112254164346402,1.5212493854529547,-1.14080977663647,0.5023825692230696,0.8805648861867794,0.8601389529622228,-0.7849832923777195,-1.094526401978412,-1.1003939630075446,0.5596406313378746,0.9940178924830986,-1.0140993866100703,3
0.6234821258815831,-0.993932084149107,-0.7660712717643918,-1.02762575501898,-0.07130747788025202,0.9578859753157553,0.7691617397351987,-1.3933037788854497,0.13424391309749079,0.2096390516811874,-0.8109291212077213,-0.6967072447975008,-1.3458160058382092,-1.1574535189325867,1.351671669485119,0.9719174028895778,1.4624933239839086,0.5596406313378746,0.9940178924830986,0.9860966422066364,0
-1.6652330815965126,1.016267636601896,0.5892233670974757,0.9829463743659811,0.15908825032734747,0.9578859753157553,0.7140385276568528,1.3811654758957816,0.7841302530769236,0.6468424962717766,1.0034144836503964,-0.3653797961865537,-1.15141268470505,1.6550039944491175,1.5890777763587678,-0.4057118003557487,-1.6495840959342845,0.5596406313378746,0.9940178924830986,0.9860966422066364,3
